night_id,date,reading_timestamp,temperature,humidity,sound_level,motion_detected
1,2025-11-23,2025-11-23 00:00:00,16.73,59.48,48.36,0
1,2025-11-23,2025-11-23 00:05:00,18.43,57.11,49.67,0
1,2025-11-23,2025-11-23 00:10:00,17.16,55.75,33.9,0
1,2025-11-23,2025-11-23 00:15:00,18.38,55.48,48.53,0
1,2025-11-23,2025-11-23 00:20:00,17.06,52.1,43.81,0
1,2025-11-23,2025-11-23 00:25:00,18.1,56.89,47.51,0
1,2025-11-23,2025-11-23 00:30:00,17.14,61.36,48.41,0
1,2025-11-23,2025-11-23 00:35:00,17.11,58.48,41.67,0
1,2025-11-23,2025-11-23 00:40:00,17.44,59.69,40.63,0
1,2025-11-23,2025-11-23 00:45:00,18.5,54.54,47.94,1
1,2025-11-23,2025-11-23 00:50:00,17.8,61.17,41.91,0
1,2025-11-23,2025-11-23 00:55:00,16.36,57.14,52.25,0
1,2025-11-23,2025-11-23 01:00:00,16.72,58.92,49.87,0
1,2025-11-23,2025-11-23 01:05:00,18.33,56.0,45.41,1
1,2025-11-23,2025-11-23 01:10:00,16.42,61.82,46.07,0
1,2025-11-23,2025-11-23 01:15:00,17.29,60.96,53.74,1
1,2025-11-23,2025-11-23 01:20:00,16.79,58.29,51.82,0
1,2025-11-23,2025-11-23 01:25:00,18.26,58.41,54.78,0
1,2025-11-23,2025-11-23 01:30:00,17.3,58.34,39.87,0
1,2025-11-23,2025-11-23 01:35:00,18.46,57.86,48.75,0
1,2025-11-23,2025-11-23 01:40:00,16.99,60.75,45.9,0
1,2025-11-23,2025-11-23 01:45:00,17.28,61.27,48.6,0
1,2025-11-23,2025-11-23 01:50:00,18.72,59.05,45.41,0
1,2025-11-23,2025-11-23 01:55:00,18.16,57.35,39.64,0
1,2025-11-23,2025-11-23 02:00:00,15.5,59.56,44.98,0
1,2025-11-23,2025-11-23 02:05:00,17.39,58.04,48.98,0
1,2025-11-23,2025-11-23 02:10:00,16.87,62.73,46.87,0
1,2025-11-23,2025-11-23 02:15:00,16.28,58.7,59.28,0
1,2025-11-23,2025-11-23 02:20:00,18.0,57.74,44.09,0
1,2025-11-23,2025-11-23 02:25:00,17.28,61.95,50.72,0
1,2025-11-23,2025-11-23 02:30:00,16.98,62.67,53.99,0
1,2025-11-23,2025-11-23 02:35:00,18.74,55.55,44.13,0
1,2025-11-23,2025-11-23 02:40:00,18.99,61.14,47.01,0
1,2025-11-23,2025-11-23 02:45:00,17.33,55.33,49.33,0
1,2025-11-23,2025-11-23 02:50:00,18.12,58.04,45.02,0
1,2025-11-23,2025-11-23 02:55:00,16.91,60.96,40.81,0
1,2025-11-23,2025-11-23 03:00:00,18.71,66.14,45.34,1
1,2025-11-23,2025-11-23 03:05:00,17.46,59.3,50.87,0
1,2025-11-23,2025-11-23 03:10:00,18.66,55.92,50.05,0
1,2025-11-23,2025-11-23 03:15:00,18.6,59.4,43.39,0
1,2025-11-23,2025-11-23 03:20:00,17.76,54.87,52.21,0
1,2025-11-23,2025-11-23 03:25:00,18.68,55.6,50.9,0
1,2025-11-23,2025-11-23 03:30:00,18.24,62.33,49.08,0
1,2025-11-23,2025-11-23 03:35:00,18.37,57.79,43.19,0
1,2025-11-23,2025-11-23 03:40:00,18.32,57.8,53.01,0
1,2025-11-23,2025-11-23 03:45:00,18.05,57.73,60.56,0
1,2025-11-23,2025-11-23 03:50:00,16.85,61.45,47.17,0
1,2025-11-23,2025-11-23 03:55:00,17.51,57.85,50.53,0
1,2025-11-23,2025-11-23 04:00:00,17.52,60.74,44.7,0
1,2025-11-23,2025-11-23 04:05:00,18.24,57.18,51.24,0
1,2025-11-23,2025-11-23 04:10:00,18.19,58.8,50.11,0
1,2025-11-23,2025-11-23 04:15:00,19.03,58.7,41.24,1
1,2025-11-23,2025-11-23 04:20:00,18.32,61.72,42.16,0
1,2025-11-23,2025-11-23 04:25:00,18.73,60.07,49.53,1
1,2025-11-23,2025-11-23 04:30:00,17.64,61.14,54.15,0
1,2025-11-23,2025-11-23 04:35:00,17.63,61.38,50.22,1
1,2025-11-23,2025-11-23 04:40:00,16.7,54.02,47.78,0
1,2025-11-23,2025-11-23 04:45:00,16.94,65.47,37.62,0
1,2025-11-23,2025-11-23 04:50:00,17.29,58.76,42.49,0
1,2025-11-23,2025-11-23 04:55:00,17.35,56.38,50.36,0
1,2025-11-23,2025-11-23 05:00:00,19.53,64.05,53.78,1
1,2025-11-23,2025-11-23 05:05:00,18.28,52.45,47.89,0
1,2025-11-23,2025-11-23 05:10:00,17.27,53.51,43.1,0
1,2025-11-23,2025-11-23 05:15:00,18.95,57.1,43.69,0
1,2025-11-23,2025-11-23 05:20:00,18.38,62.32,48.85,0
1,2025-11-23,2025-11-23 05:25:00,18.94,53.96,44.54,0
1,2025-11-23,2025-11-23 05:30:00,17.43,64.14,46.86,0
1,2025-11-23,2025-11-23 05:35:00,16.88,57.76,40.72,0
1,2025-11-23,2025-11-23 05:40:00,18.86,62.49,46.32,0
1,2025-11-23,2025-11-23 05:45:00,17.25,62.01,47.01,0
1,2025-11-23,2025-11-23 05:50:00,17.46,58.7,50.2,0
1,2025-11-23,2025-11-23 05:55:00,17.72,63.28,40.77,0
1,2025-11-23,2025-11-23 06:00:00,18.17,58.73,49.16,1
1,2025-11-23,2025-11-23 06:05:00,17.53,59.36,43.85,0
1,2025-11-23,2025-11-23 06:10:00,18.33,57.13,43.85,0
1,2025-11-23,2025-11-23 06:15:00,17.34,61.22,48.5,0
1,2025-11-23,2025-11-23 06:20:00,17.12,61.15,49.72,0
1,2025-11-23,2025-11-23 06:25:00,17.05,58.46,47.55,0
1,2025-11-23,2025-11-23 06:30:00,17.09,62.01,54.72,0
1,2025-11-23,2025-11-23 06:35:00,17.27,62.44,47.06,0
1,2025-11-23,2025-11-23 06:40:00,17.43,61.08,45.6,1
1,2025-11-23,2025-11-23 06:45:00,17.13,58.81,49.94,0
1,2025-11-23,2025-11-23 06:50:00,16.19,57.18,52.98,0
1,2025-11-23,2025-11-23 06:55:00,16.66,60.39,50.1,0
1,2025-11-23,2025-11-23 07:00:00,17.06,58.49,36.51,1
1,2025-11-23,2025-11-23 07:05:00,19.04,56.04,45.35,0
1,2025-11-23,2025-11-23 07:10:00,18.11,62.6,44.79,0
1,2025-11-23,2025-11-23 07:15:00,17.78,57.11,48.12,0
1,2025-11-23,2025-11-23 07:20:00,18.55,57.09,43.64,0
1,2025-11-23,2025-11-23 07:25:00,18.71,59.45,54.34,0
1,2025-11-23,2025-11-23 07:30:00,17.38,58.51,43.55,0
1,2025-11-23,2025-11-23 07:35:00,17.58,59.49,42.82,0
1,2025-11-23,2025-11-23 07:40:00,18.02,58.79,39.73,1
1,2025-11-23,2025-11-23 07:45:00,16.95,59.19,47.02,0
1,2025-11-23,2025-11-23 07:50:00,18.0,58.68,58.34,0
1,2025-11-23,2025-11-23 07:55:00,17.95,64.98,43.12,0
1,2025-11-23,2025-11-23 08:00:00,17.53,61.45,39.7,0
1,2025-11-23,2025-11-23 08:05:00,18.25,52.15,44.33,0
1,2025-11-23,2025-11-23 08:10:00,16.09,59.61,49.82,0
1,2025-11-23,2025-11-23 08:15:00,18.4,54.56,56.12,1
2,2025-11-24,2025-11-24 00:00:00,22.01,29.95,17.23,1
2,2025-11-24,2025-11-24 00:05:00,22.15,32.18,27.18,0
2,2025-11-24,2025-11-24 00:10:00,19.79,29.56,25.82,0
2,2025-11-24,2025-11-24 00:15:00,21.1,30.42,17.8,0
2,2025-11-24,2025-11-24 00:20:00,21.16,32.9,29.35,0
2,2025-11-24,2025-11-24 00:25:00,20.16,28.87,24.27,0
2,2025-11-24,2025-11-24 00:30:00,22.3,31.7,31.69,0
2,2025-11-24,2025-11-24 00:35:00,21.12,34.44,26.62,0
2,2025-11-24,2025-11-24 00:40:00,21.58,35.46,20.97,0
2,2025-11-24,2025-11-24 00:45:00,21.61,26.16,33.01,0
2,2025-11-24,2025-11-24 00:50:00,20.85,33.51,33.3,0
2,2025-11-24,2025-11-24 00:55:00,21.12,34.3,27.44,1
2,2025-11-24,2025-11-24 01:00:00,19.7,31.19,27.71,0
2,2025-11-24,2025-11-24 01:05:00,21.04,34.72,18.59,0
2,2025-11-24,2025-11-24 01:10:00,21.36,28.54,23.22,1
2,2025-11-24,2025-11-24 01:15:00,20.22,37.52,24.19,0
2,2025-11-24,2025-11-24 01:20:00,20.64,28.98,25.26,0
2,2025-11-24,2025-11-24 01:25:00,20.23,31.53,14.38,0
2,2025-11-24,2025-11-24 01:30:00,20.5,32.0,25.23,0
2,2025-11-24,2025-11-24 01:35:00,20.89,29.15,28.69,0
2,2025-11-24,2025-11-24 01:40:00,20.84,24.45,18.22,0
2,2025-11-24,2025-11-24 01:45:00,22.16,33.91,20.85,1
2,2025-11-24,2025-11-24 01:50:00,23.53,34.72,25.15,0
2,2025-11-24,2025-11-24 01:55:00,20.3,28.93,21.27,0
2,2025-11-24,2025-11-24 02:00:00,20.55,28.11,34.23,0
2,2025-11-24,2025-11-24 02:05:00,21.77,28.73,25.77,0
2,2025-11-24,2025-11-24 02:10:00,22.28,32.97,20.6,0
2,2025-11-24,2025-11-24 02:15:00,20.91,35.54,19.24,0
2,2025-11-24,2025-11-24 02:20:00,19.94,33.05,22.54,0
2,2025-11-24,2025-11-24 02:25:00,20.67,28.87,23.07,1
2,2025-11-24,2025-11-24 02:30:00,21.1,28.86,27.14,0
2,2025-11-24,2025-11-24 02:35:00,21.02,32.53,25.37,1
2,2025-11-24,2025-11-24 02:40:00,20.6,33.62,28.3,1
2,2025-11-24,2025-11-24 02:45:00,20.28,37.49,33.89,0
2,2025-11-24,2025-11-24 02:50:00,20.53,33.07,21.97,0
2,2025-11-24,2025-11-24 02:55:00,19.62,29.98,24.26,0
2,2025-11-24,2025-11-24 03:00:00,21.57,26.37,25.46,0
2,2025-11-24,2025-11-24 03:05:00,20.09,30.91,23.75,0
2,2025-11-24,2025-11-24 03:10:00,21.87,29.63,29.97,0
2,2025-11-24,2025-11-24 03:15:00,20.16,29.19,37.96,0
2,2025-11-24,2025-11-24 03:20:00,21.52,30.75,27.65,1
2,2025-11-24,2025-11-24 03:25:00,20.58,32.82,33.69,0
2,2025-11-24,2025-11-24 03:30:00,21.33,30.12,23.35,0
2,2025-11-24,2025-11-24 03:35:00,20.72,32.99,30.97,0
2,2025-11-24,2025-11-24 03:40:00,21.76,30.38,31.8,0
2,2025-11-24,2025-11-24 03:45:00,20.74,29.33,14.64,0
2,2025-11-24,2025-11-24 03:50:00,21.08,36.39,27.43,0
2,2025-11-24,2025-11-24 03:55:00,20.89,34.03,26.27,0
2,2025-11-24,2025-11-24 04:00:00,19.88,34.79,27.48,0
2,2025-11-24,2025-11-24 04:05:00,20.73,34.25,26.2,0
2,2025-11-24,2025-11-24 04:10:00,20.69,28.81,29.94,0
2,2025-11-24,2025-11-24 04:15:00,20.38,35.89,27.8,1
2,2025-11-24,2025-11-24 04:20:00,21.89,29.83,24.44,0
2,2025-11-24,2025-11-24 04:25:00,20.28,30.07,23.03,0
2,2025-11-24,2025-11-24 04:30:00,21.76,35.42,27.86,0
2,2025-11-24,2025-11-24 04:35:00,22.56,28.18,23.23,1
2,2025-11-24,2025-11-24 04:40:00,19.64,35.84,29.06,0
2,2025-11-24,2025-11-24 04:45:00,21.02,31.9,39.01,0
2,2025-11-24,2025-11-24 04:50:00,21.15,33.53,28.2,0
2,2025-11-24,2025-11-24 04:55:00,21.24,32.11,20.09,0
2,2025-11-24,2025-11-24 05:00:00,22.34,29.82,20.84,1
2,2025-11-24,2025-11-24 05:05:00,20.96,38.97,28.41,0
2,2025-11-24,2025-11-24 05:10:00,20.94,30.08,20.73,0
2,2025-11-24,2025-11-24 05:15:00,19.74,30.67,28.93,0
2,2025-11-24,2025-11-24 05:20:00,20.79,36.36,24.49,0
2,2025-11-24,2025-11-24 05:25:00,19.86,31.34,19.2,0
2,2025-11-24,2025-11-24 05:30:00,20.88,33.45,35.04,0
2,2025-11-24,2025-11-24 05:35:00,21.96,28.3,28.37,1
2,2025-11-24,2025-11-24 05:40:00,20.85,28.04,38.66,0
2,2025-11-24,2025-11-24 05:45:00,21.11,29.01,29.16,1
2,2025-11-24,2025-11-24 05:50:00,20.6,29.72,25.63,0
2,2025-11-24,2025-11-24 05:55:00,20.63,35.52,12.49,0
2,2025-11-24,2025-11-24 06:00:00,22.06,25.14,24.08,1
2,2025-11-24,2025-11-24 06:05:00,20.77,30.91,28.43,0
2,2025-11-24,2025-11-24 06:10:00,20.17,36.61,30.47,0
2,2025-11-24,2025-11-24 06:15:00,22.08,29.24,22.15,0
2,2025-11-24,2025-11-24 06:20:00,20.64,32.82,19.68,0
2,2025-11-24,2025-11-24 06:25:00,21.63,33.8,21.09,1
2,2025-11-24,2025-11-24 06:30:00,20.77,34.83,20.39,0
2,2025-11-24,2025-11-24 06:35:00,21.56,26.35,34.61,1
2,2025-11-24,2025-11-24 06:40:00,20.64,34.5,22.27,0
2,2025-11-24,2025-11-24 06:45:00,19.94,33.63,18.73,0
2,2025-11-24,2025-11-24 06:50:00,19.4,36.45,26.85,0
2,2025-11-24,2025-11-24 06:55:00,20.99,34.27,25.64,0
2,2025-11-24,2025-11-24 07:00:00,20.77,31.19,27.33,0
2,2025-11-24,2025-11-24 07:05:00,19.69,29.49,23.7,0
2,2025-11-24,2025-11-24 07:10:00,21.08,32.4,23.09,0
2,2025-11-24,2025-11-24 07:15:00,20.44,26.47,28.55,0
2,2025-11-24,2025-11-24 07:20:00,21.89,32.77,27.07,0
2,2025-11-24,2025-11-24 07:25:00,21.85,28.35,28.34,1
2,2025-11-24,2025-11-24 07:30:00,19.59,27.52,22.67,0
2,2025-11-24,2025-11-24 07:35:00,21.08,30.31,26.78,0
2,2025-11-24,2025-11-24 07:40:00,20.57,27.14,21.17,0
2,2025-11-24,2025-11-24 07:45:00,19.98,33.08,17.02,0
2,2025-11-24,2025-11-24 07:50:00,21.46,31.91,21.5,0
2,2025-11-24,2025-11-24 07:55:00,21.62,33.18,18.2,0
2,2025-11-24,2025-11-24 08:00:00,23.11,31.07,31.54,0
2,2025-11-24,2025-11-24 08:05:00,20.5,31.9,24.12,0
2,2025-11-24,2025-11-24 08:10:00,20.56,36.79,29.33,0
2,2025-11-24,2025-11-24 08:15:00,20.61,28.09,30.44,0
3,2025-11-25,2025-11-25 00:00:00,16.47,32.07,57.84,0
3,2025-11-25,2025-11-25 00:05:00,17.62,34.43,57.92,0
3,2025-11-25,2025-11-25 00:10:00,17.16,34.65,44.89,1
3,2025-11-25,2025-11-25 00:15:00,17.48,34.04,53.56,0
3,2025-11-25,2025-11-25 00:20:00,18.18,33.15,54.75,1
3,2025-11-25,2025-11-25 00:25:00,17.36,32.63,55.93,1
3,2025-11-25,2025-11-25 00:30:00,17.15,35.41,45.49,0
3,2025-11-25,2025-11-25 00:35:00,17.93,33.41,50.13,0
3,2025-11-25,2025-11-25 00:40:00,17.32,33.15,54.58,0
3,2025-11-25,2025-11-25 00:45:00,15.98,35.84,45.09,1
3,2025-11-25,2025-11-25 00:50:00,16.45,34.5,56.09,0
3,2025-11-25,2025-11-25 00:55:00,17.56,31.2,59.57,0
3,2025-11-25,2025-11-25 01:00:00,18.26,33.69,44.11,0
3,2025-11-25,2025-11-25 01:05:00,16.12,31.49,51.11,0
3,2025-11-25,2025-11-25 01:10:00,16.72,29.59,42.85,0
3,2025-11-25,2025-11-25 01:15:00,16.56,35.7,51.45,1
3,2025-11-25,2025-11-25 01:20:00,19.37,30.76,58.35,0
3,2025-11-25,2025-11-25 01:25:00,18.82,30.83,49.86,0
3,2025-11-25,2025-11-25 01:30:00,17.97,30.88,50.04,1
3,2025-11-25,2025-11-25 01:35:00,17.39,37.01,49.67,0
3,2025-11-25,2025-11-25 01:40:00,17.8,31.62,48.99,0
3,2025-11-25,2025-11-25 01:45:00,16.96,37.39,61.5,0
3,2025-11-25,2025-11-25 01:50:00,17.24,34.5,55.24,0
3,2025-11-25,2025-11-25 01:55:00,18.39,32.22,48.53,0
3,2025-11-25,2025-11-25 02:00:00,18.23,29.9,48.31,0
3,2025-11-25,2025-11-25 02:05:00,17.52,31.19,53.64,1
3,2025-11-25,2025-11-25 02:10:00,14.74,30.14,58.55,0
3,2025-11-25,2025-11-25 02:15:00,17.8,34.79,61.75,0
3,2025-11-25,2025-11-25 02:20:00,17.72,33.66,57.18,1
3,2025-11-25,2025-11-25 02:25:00,17.86,35.21,55.06,0
3,2025-11-25,2025-11-25 02:30:00,18.33,37.34,49.27,1
3,2025-11-25,2025-11-25 02:35:00,17.91,32.25,53.25,0
3,2025-11-25,2025-11-25 02:40:00,16.98,34.23,54.61,0
3,2025-11-25,2025-11-25 02:45:00,17.85,33.32,52.75,0
3,2025-11-25,2025-11-25 02:50:00,18.13,28.7,60.0,0
3,2025-11-25,2025-11-25 02:55:00,17.7,33.5,60.41,1
3,2025-11-25,2025-11-25 03:00:00,18.49,28.42,53.4,0
3,2025-11-25,2025-11-25 03:05:00,17.85,35.97,47.39,0
3,2025-11-25,2025-11-25 03:10:00,16.08,35.64,50.12,1
3,2025-11-25,2025-11-25 03:15:00,17.63,31.07,54.41,0
3,2025-11-25,2025-11-25 03:20:00,17.42,26.64,56.18,0
3,2025-11-25,2025-11-25 03:25:00,18.39,28.4,41.53,0
3,2025-11-25,2025-11-25 03:30:00,18.05,35.71,58.13,0
3,2025-11-25,2025-11-25 03:35:00,18.58,34.7,52.02,0
3,2025-11-25,2025-11-25 03:40:00,16.55,37.73,57.01,0
3,2025-11-25,2025-11-25 03:45:00,17.36,28.99,59.74,1
3,2025-11-25,2025-11-25 03:50:00,17.93,32.66,53.87,0
3,2025-11-25,2025-11-25 03:55:00,17.34,34.46,54.76,0
3,2025-11-25,2025-11-25 04:00:00,16.77,33.72,58.77,0
3,2025-11-25,2025-11-25 04:05:00,17.92,30.72,61.52,0
3,2025-11-25,2025-11-25 04:10:00,16.93,32.7,44.56,0
3,2025-11-25,2025-11-25 04:15:00,17.98,31.41,43.07,0
3,2025-11-25,2025-11-25 04:20:00,17.39,30.68,64.88,0
3,2025-11-25,2025-11-25 04:25:00,17.13,35.1,54.65,0
3,2025-11-25,2025-11-25 04:30:00,17.51,31.03,51.2,1
3,2025-11-25,2025-11-25 04:35:00,17.2,32.74,46.73,0
3,2025-11-25,2025-11-25 04:40:00,17.95,38.09,48.14,0
3,2025-11-25,2025-11-25 04:45:00,17.56,29.74,51.11,0
3,2025-11-25,2025-11-25 04:50:00,18.32,34.62,50.05,0
3,2025-11-25,2025-11-25 04:55:00,17.17,36.95,57.14,0
3,2025-11-25,2025-11-25 05:00:00,18.98,33.82,54.49,0
3,2025-11-25,2025-11-25 05:05:00,18.07,35.9,49.84,0
3,2025-11-25,2025-11-25 05:10:00,17.62,35.6,51.53,0
3,2025-11-25,2025-11-25 05:15:00,18.58,37.96,53.51,0
3,2025-11-25,2025-11-25 05:20:00,16.7,31.16,55.61,0
3,2025-11-25,2025-11-25 05:25:00,18.43,37.93,54.7,0
3,2025-11-25,2025-11-25 05:30:00,16.62,34.44,50.01,0
3,2025-11-25,2025-11-25 05:35:00,17.7,31.98,44.18,1
3,2025-11-25,2025-11-25 05:40:00,18.27,35.37,43.2,0
3,2025-11-25,2025-11-25 05:45:00,16.81,33.42,57.75,0
3,2025-11-25,2025-11-25 05:50:00,17.44,38.09,44.35,0
3,2025-11-25,2025-11-25 05:55:00,17.07,37.18,59.42,0
3,2025-11-25,2025-11-25 06:00:00,17.85,30.69,54.14,0
3,2025-11-25,2025-11-25 06:05:00,17.29,34.38,50.67,0
3,2025-11-25,2025-11-25 06:10:00,15.74,33.45,46.74,0
3,2025-11-25,2025-11-25 06:15:00,17.78,28.86,58.32,0
3,2025-11-25,2025-11-25 06:20:00,16.28,31.93,42.04,0
3,2025-11-25,2025-11-25 06:25:00,17.73,28.08,50.38,0
3,2025-11-25,2025-11-25 06:30:00,16.86,34.31,56.75,0
3,2025-11-25,2025-11-25 06:35:00,18.5,33.89,54.67,0
3,2025-11-25,2025-11-25 06:40:00,17.28,33.89,50.89,0
3,2025-11-25,2025-11-25 06:45:00,17.09,34.93,52.78,0
3,2025-11-25,2025-11-25 06:50:00,17.42,29.64,51.57,0
3,2025-11-25,2025-11-25 06:55:00,17.89,35.5,54.25,0
3,2025-11-25,2025-11-25 07:00:00,15.85,41.56,48.16,0
3,2025-11-25,2025-11-25 07:05:00,17.85,36.07,47.32,0
3,2025-11-25,2025-11-25 07:10:00,17.75,30.8,57.88,0
3,2025-11-25,2025-11-25 07:15:00,17.4,35.36,55.0,1
3,2025-11-25,2025-11-25 07:20:00,17.5,38.76,57.33,0
3,2025-11-25,2025-11-25 07:25:00,17.77,36.06,58.45,0
3,2025-11-25,2025-11-25 07:30:00,16.66,37.64,48.66,0
3,2025-11-25,2025-11-25 07:35:00,17.76,32.56,54.16,1
3,2025-11-25,2025-11-25 07:40:00,17.8,37.05,55.34,0
3,2025-11-25,2025-11-25 07:45:00,17.81,36.32,46.38,0
3,2025-11-25,2025-11-25 07:50:00,18.1,34.65,58.97,0
3,2025-11-25,2025-11-25 07:55:00,17.32,32.23,52.6,0
3,2025-11-25,2025-11-25 08:00:00,16.5,27.82,48.09,0
3,2025-11-25,2025-11-25 08:05:00,18.77,30.83,45.9,0
3,2025-11-25,2025-11-25 08:10:00,17.66,30.65,57.97,0
3,2025-11-25,2025-11-25 08:15:00,18.75,35.69,50.9,0
4,2025-11-26,2025-11-26 00:00:00,17.24,25.83,40.35,0
4,2025-11-26,2025-11-26 00:05:00,20.31,32.81,38.11,0
4,2025-11-26,2025-11-26 00:10:00,18.96,31.61,35.76,0
4,2025-11-26,2025-11-26 00:15:00,18.3,30.2,38.0,0
4,2025-11-26,2025-11-26 00:20:00,17.0,30.47,30.29,0
4,2025-11-26,2025-11-26 00:25:00,17.47,25.03,37.22,0
4,2025-11-26,2025-11-26 00:30:00,17.56,33.59,30.32,0
4,2025-11-26,2025-11-26 00:35:00,18.17,27.86,37.99,0
4,2025-11-26,2025-11-26 00:40:00,17.87,31.73,27.27,1
4,2025-11-26,2025-11-26 00:45:00,18.71,34.96,34.86,0
4,2025-11-26,2025-11-26 00:50:00,18.45,29.48,35.85,0
4,2025-11-26,2025-11-26 00:55:00,18.79,29.92,37.24,0
4,2025-11-26,2025-11-26 01:00:00,17.23,36.02,29.02,0
4,2025-11-26,2025-11-26 01:05:00,17.8,33.18,32.44,0
4,2025-11-26,2025-11-26 01:10:00,17.82,31.61,31.06,0
4,2025-11-26,2025-11-26 01:15:00,20.07,32.34,31.56,1
4,2025-11-26,2025-11-26 01:20:00,18.21,30.38,35.46,0
4,2025-11-26,2025-11-26 01:25:00,18.24,26.16,36.58,0
4,2025-11-26,2025-11-26 01:30:00,18.28,38.51,31.22,0
4,2025-11-26,2025-11-26 01:35:00,19.67,33.7,40.76,1
4,2025-11-26,2025-11-26 01:40:00,18.81,35.65,33.34,0
4,2025-11-26,2025-11-26 01:45:00,18.19,27.47,31.68,0
4,2025-11-26,2025-11-26 01:50:00,18.38,28.46,36.41,1
4,2025-11-26,2025-11-26 01:55:00,17.11,32.16,45.83,0
4,2025-11-26,2025-11-26 02:00:00,19.34,27.14,43.6,0
4,2025-11-26,2025-11-26 02:05:00,18.69,31.06,31.83,1
4,2025-11-26,2025-11-26 02:10:00,18.79,28.01,36.08,0
4,2025-11-26,2025-11-26 02:15:00,17.22,35.52,33.7,0
4,2025-11-26,2025-11-26 02:20:00,19.23,32.6,29.78,1
4,2025-11-26,2025-11-26 02:25:00,18.1,30.99,39.14,0
4,2025-11-26,2025-11-26 02:30:00,20.21,31.95,36.2,0
4,2025-11-26,2025-11-26 02:35:00,18.11,32.28,38.15,0
4,2025-11-26,2025-11-26 02:40:00,17.73,26.78,26.06,0
4,2025-11-26,2025-11-26 02:45:00,18.76,37.24,29.58,0
4,2025-11-26,2025-11-26 02:50:00,18.35,33.28,35.65,0
4,2025-11-26,2025-11-26 02:55:00,18.28,32.47,38.24,0
4,2025-11-26,2025-11-26 03:00:00,18.21,28.5,37.92,0
4,2025-11-26,2025-11-26 03:05:00,17.64,30.92,36.09,0
4,2025-11-26,2025-11-26 03:10:00,18.33,33.22,42.19,0
4,2025-11-26,2025-11-26 03:15:00,18.8,23.19,35.56,0
4,2025-11-26,2025-11-26 03:20:00,17.87,30.21,35.52,1
4,2025-11-26,2025-11-26 03:25:00,18.78,25.36,32.0,0
4,2025-11-26,2025-11-26 03:30:00,17.6,30.34,29.19,0
4,2025-11-26,2025-11-26 03:35:00,18.83,27.87,37.32,0
4,2025-11-26,2025-11-26 03:40:00,18.18,35.24,35.98,1
4,2025-11-26,2025-11-26 03:45:00,18.08,29.08,33.18,0
4,2025-11-26,2025-11-26 03:50:00,17.86,29.86,33.3,0
4,2025-11-26,2025-11-26 03:55:00,18.49,26.17,39.8,0
4,2025-11-26,2025-11-26 04:00:00,16.31,33.57,28.4,0
4,2025-11-26,2025-11-26 04:05:00,18.17,34.39,33.65,0
4,2025-11-26,2025-11-26 04:10:00,17.89,23.0,32.51,0
4,2025-11-26,2025-11-26 04:15:00,18.67,27.79,35.08,0
4,2025-11-26,2025-11-26 04:20:00,19.31,30.29,35.1,0
4,2025-11-26,2025-11-26 04:25:00,17.61,34.27,30.92,0
4,2025-11-26,2025-11-26 04:30:00,17.26,25.93,42.59,1
4,2025-11-26,2025-11-26 04:35:00,18.19,34.2,29.63,0
4,2025-11-26,2025-11-26 04:40:00,18.9,29.31,46.02,0
4,2025-11-26,2025-11-26 04:45:00,17.87,31.6,39.23,0
4,2025-11-26,2025-11-26 04:50:00,18.38,28.51,37.54,0
4,2025-11-26,2025-11-26 04:55:00,17.81,30.08,35.69,0
4,2025-11-26,2025-11-26 05:00:00,18.06,31.32,28.5,0
4,2025-11-26,2025-11-26 05:05:00,17.58,32.81,41.03,0
4,2025-11-26,2025-11-26 05:10:00,19.3,32.93,40.22,0
4,2025-11-26,2025-11-26 05:15:00,17.75,27.01,32.73,0
4,2025-11-26,2025-11-26 05:20:00,19.42,32.44,37.52,0
4,2025-11-26,2025-11-26 05:25:00,20.09,35.14,44.23,0
4,2025-11-26,2025-11-26 05:30:00,18.78,33.99,33.41,1
4,2025-11-26,2025-11-26 05:35:00,17.68,28.98,28.83,0
4,2025-11-26,2025-11-26 05:40:00,20.0,27.46,34.13,1
4,2025-11-26,2025-11-26 05:45:00,18.13,26.75,39.8,0
4,2025-11-26,2025-11-26 05:50:00,18.22,31.62,33.99,0
4,2025-11-26,2025-11-26 05:55:00,19.64,33.44,38.91,0
4,2025-11-26,2025-11-26 06:00:00,18.5,26.88,37.24,0
4,2025-11-26,2025-11-26 06:05:00,17.83,30.86,27.78,0
4,2025-11-26,2025-11-26 06:10:00,18.6,35.88,36.44,0
4,2025-11-26,2025-11-26 06:15:00,20.44,36.2,38.36,1
4,2025-11-26,2025-11-26 06:20:00,19.39,32.79,34.55,0
4,2025-11-26,2025-11-26 06:25:00,17.37,33.25,30.6,1
4,2025-11-26,2025-11-26 06:30:00,18.19,28.22,32.33,0
4,2025-11-26,2025-11-26 06:35:00,18.83,32.93,42.47,0
4,2025-11-26,2025-11-26 06:40:00,19.31,28.94,34.57,0
4,2025-11-26,2025-11-26 06:45:00,18.37,26.42,29.71,0
4,2025-11-26,2025-11-26 06:50:00,18.93,29.65,43.87,1
4,2025-11-26,2025-11-26 06:55:00,18.03,25.67,42.52,0
4,2025-11-26,2025-11-26 07:00:00,17.13,34.56,32.48,0
4,2025-11-26,2025-11-26 07:05:00,20.4,31.15,31.8,0
4,2025-11-26,2025-11-26 07:10:00,20.0,34.39,40.36,0
4,2025-11-26,2025-11-26 07:15:00,18.83,30.75,41.8,0
4,2025-11-26,2025-11-26 07:20:00,18.22,29.41,38.72,0
4,2025-11-26,2025-11-26 07:25:00,19.12,22.45,39.24,0
4,2025-11-26,2025-11-26 07:30:00,17.78,25.17,34.82,0
4,2025-11-26,2025-11-26 07:35:00,18.26,31.34,38.12,0
4,2025-11-26,2025-11-26 07:40:00,19.33,32.52,34.11,0
4,2025-11-26,2025-11-26 07:45:00,17.59,34.37,25.55,0
4,2025-11-26,2025-11-26 07:50:00,17.96,27.41,35.94,0
4,2025-11-26,2025-11-26 07:55:00,16.94,33.87,34.26,0
4,2025-11-26,2025-11-26 08:00:00,18.77,29.17,29.39,0
4,2025-11-26,2025-11-26 08:05:00,16.06,31.39,33.35,0
4,2025-11-26,2025-11-26 08:10:00,19.68,29.4,32.23,0
4,2025-11-26,2025-11-26 08:15:00,18.73,31.96,32.37,0
5,2025-11-27,2025-11-27 00:00:00,20.92,29.39,28.49,0
5,2025-11-27,2025-11-27 00:05:00,21.52,34.81,22.7,0
5,2025-11-27,2025-11-27 00:10:00,21.28,32.03,27.22,0
5,2025-11-27,2025-11-27 00:15:00,20.79,34.28,25.31,0
5,2025-11-27,2025-11-27 00:20:00,21.89,32.33,30.22,0
5,2025-11-27,2025-11-27 00:25:00,21.77,27.38,24.07,0
5,2025-11-27,2025-11-27 00:30:00,20.81,33.77,20.05,1
5,2025-11-27,2025-11-27 00:35:00,23.63,27.22,32.54,0
5,2025-11-27,2025-11-27 00:40:00,21.35,30.44,29.88,0
5,2025-11-27,2025-11-27 00:45:00,21.34,29.02,27.02,1
5,2025-11-27,2025-11-27 00:50:00,21.46,32.53,28.61,0
5,2025-11-27,2025-11-27 00:55:00,23.15,28.85,12.1,0
5,2025-11-27,2025-11-27 01:00:00,21.34,38.1,35.56,0
5,2025-11-27,2025-11-27 01:05:00,20.87,32.13,23.07,0
5,2025-11-27,2025-11-27 01:10:00,21.18,31.89,23.57,0
5,2025-11-27,2025-11-27 01:15:00,22.18,30.62,21.94,0
5,2025-11-27,2025-11-27 01:20:00,20.54,32.35,24.91,0
5,2025-11-27,2025-11-27 01:25:00,22.11,34.72,26.32,0
5,2025-11-27,2025-11-27 01:30:00,20.92,32.05,31.9,0
5,2025-11-27,2025-11-27 01:35:00,22.1,32.41,19.52,0
5,2025-11-27,2025-11-27 01:40:00,21.99,36.17,32.65,0
5,2025-11-27,2025-11-27 01:45:00,22.13,32.27,30.98,0
5,2025-11-27,2025-11-27 01:50:00,22.48,34.04,30.88,1
5,2025-11-27,2025-11-27 01:55:00,21.35,31.06,24.69,0
5,2025-11-27,2025-11-27 02:00:00,21.93,34.35,25.71,0
5,2025-11-27,2025-11-27 02:05:00,20.77,32.14,33.77,1
5,2025-11-27,2025-11-27 02:10:00,21.91,31.93,32.46,0
5,2025-11-27,2025-11-27 02:15:00,22.84,31.51,31.64,0
5,2025-11-27,2025-11-27 02:20:00,21.72,31.27,35.68,1
5,2025-11-27,2025-11-27 02:25:00,21.88,32.65,24.95,0
5,2025-11-27,2025-11-27 02:30:00,21.91,32.98,35.75,0
5,2025-11-27,2025-11-27 02:35:00,21.98,36.02,26.12,0
5,2025-11-27,2025-11-27 02:40:00,21.62,25.35,24.22,0
5,2025-11-27,2025-11-27 02:45:00,22.49,34.59,29.45,0
5,2025-11-27,2025-11-27 02:50:00,21.24,30.84,23.4,0
5,2025-11-27,2025-11-27 02:55:00,20.07,35.72,34.32,0
5,2025-11-27,2025-11-27 03:00:00,21.61,35.74,26.9,0
5,2025-11-27,2025-11-27 03:05:00,21.8,28.53,32.65,0
5,2025-11-27,2025-11-27 03:10:00,21.37,33.64,24.17,0
5,2025-11-27,2025-11-27 03:15:00,22.32,32.45,36.41,0
5,2025-11-27,2025-11-27 03:20:00,22.52,28.12,30.33,0
5,2025-11-27,2025-11-27 03:25:00,22.23,33.3,25.51,0
5,2025-11-27,2025-11-27 03:30:00,20.92,32.52,18.19,1
5,2025-11-27,2025-11-27 03:35:00,19.87,25.55,30.95,1
5,2025-11-27,2025-11-27 03:40:00,21.55,29.24,25.6,1
5,2025-11-27,2025-11-27 03:45:00,22.03,33.61,25.41,0
5,2025-11-27,2025-11-27 03:50:00,22.41,30.49,30.01,0
5,2025-11-27,2025-11-27 03:55:00,21.39,33.17,35.9,0
5,2025-11-27,2025-11-27 04:00:00,20.19,31.18,18.68,0
5,2025-11-27,2025-11-27 04:05:00,22.32,34.92,35.26,1
5,2025-11-27,2025-11-27 04:10:00,22.28,30.12,27.13,1
5,2025-11-27,2025-11-27 04:15:00,21.32,32.28,32.52,0
5,2025-11-27,2025-11-27 04:20:00,21.97,35.56,28.04,0
5,2025-11-27,2025-11-27 04:25:00,22.21,32.64,31.72,0
5,2025-11-27,2025-11-27 04:30:00,20.25,30.0,34.08,0
5,2025-11-27,2025-11-27 04:35:00,21.41,31.66,31.48,0
5,2025-11-27,2025-11-27 04:40:00,22.67,37.32,21.64,0
5,2025-11-27,2025-11-27 04:45:00,22.32,31.33,22.5,0
5,2025-11-27,2025-11-27 04:50:00,22.04,32.5,34.11,0
5,2025-11-27,2025-11-27 04:55:00,22.19,30.2,27.68,0
5,2025-11-27,2025-11-27 05:00:00,21.34,25.45,25.61,0
5,2025-11-27,2025-11-27 05:05:00,20.04,27.55,30.51,0
5,2025-11-27,2025-11-27 05:10:00,21.53,32.09,32.13,0
5,2025-11-27,2025-11-27 05:15:00,21.23,26.44,27.29,1
5,2025-11-27,2025-11-27 05:20:00,21.07,31.49,22.28,0
5,2025-11-27,2025-11-27 05:25:00,21.91,35.3,26.82,0
5,2025-11-27,2025-11-27 05:30:00,21.38,30.11,19.82,0
5,2025-11-27,2025-11-27 05:35:00,20.21,32.87,29.26,0
5,2025-11-27,2025-11-27 05:40:00,22.43,30.44,27.44,0
5,2025-11-27,2025-11-27 05:45:00,21.2,31.26,22.26,0
5,2025-11-27,2025-11-27 05:50:00,20.99,31.15,34.32,0
5,2025-11-27,2025-11-27 05:55:00,21.3,31.39,23.46,1
5,2025-11-27,2025-11-27 06:00:00,22.68,35.54,32.59,0
5,2025-11-27,2025-11-27 06:05:00,20.31,34.19,27.88,0
5,2025-11-27,2025-11-27 06:10:00,22.0,33.98,27.0,0
5,2025-11-27,2025-11-27 06:15:00,21.1,31.97,25.67,0
5,2025-11-27,2025-11-27 06:20:00,23.84,30.61,16.91,0
5,2025-11-27,2025-11-27 06:25:00,22.28,34.98,28.85,0
5,2025-11-27,2025-11-27 06:30:00,23.17,29.83,21.99,0
5,2025-11-27,2025-11-27 06:35:00,20.82,36.25,25.46,0
5,2025-11-27,2025-11-27 06:40:00,20.24,29.99,17.53,0
5,2025-11-27,2025-11-27 06:45:00,22.63,35.17,32.35,0
5,2025-11-27,2025-11-27 06:50:00,21.49,28.43,21.89,0
5,2025-11-27,2025-11-27 06:55:00,21.35,36.0,33.69,0
5,2025-11-27,2025-11-27 07:00:00,21.58,29.93,32.26,0
5,2025-11-27,2025-11-27 07:05:00,20.75,28.37,23.75,1
5,2025-11-27,2025-11-27 07:10:00,23.21,30.68,26.48,0
5,2025-11-27,2025-11-27 07:15:00,20.78,33.71,26.74,0
5,2025-11-27,2025-11-27 07:20:00,20.82,30.98,17.69,1
5,2025-11-27,2025-11-27 07:25:00,21.41,34.16,25.04,0
5,2025-11-27,2025-11-27 07:30:00,20.46,27.61,29.36,0
5,2025-11-27,2025-11-27 07:35:00,20.07,37.27,37.87,0
5,2025-11-27,2025-11-27 07:40:00,21.52,35.75,21.39,0
5,2025-11-27,2025-11-27 07:45:00,21.0,31.56,24.35,0
5,2025-11-27,2025-11-27 07:50:00,21.75,33.55,31.52,0
5,2025-11-27,2025-11-27 07:55:00,20.24,38.29,22.11,0
5,2025-11-27,2025-11-27 08:00:00,21.93,34.77,36.52,0
5,2025-11-27,2025-11-27 08:05:00,22.6,30.67,26.18,0
5,2025-11-27,2025-11-27 08:10:00,20.48,32.79,28.04,1
5,2025-11-27,2025-11-27 08:15:00,23.11,32.99,24.75,0
6,2025-11-28,2025-11-28 00:00:00,20.86,38.19,56.94,0
6,2025-11-28,2025-11-28 00:05:00,20.52,33.93,47.1,0
6,2025-11-28,2025-11-28 00:10:00,20.08,42.4,40.63,0
6,2025-11-28,2025-11-28 00:15:00,23.07,41.85,49.63,0
6,2025-11-28,2025-11-28 00:20:00,21.0,38.54,50.33,1
6,2025-11-28,2025-11-28 00:25:00,20.44,41.77,50.29,1
6,2025-11-28,2025-11-28 00:30:00,21.03,29.45,54.59,0
6,2025-11-28,2025-11-28 00:35:00,20.72,44.14,50.11,0
6,2025-11-28,2025-11-28 00:40:00,19.94,39.49,46.45,0
6,2025-11-28,2025-11-28 00:45:00,19.46,35.59,47.89,1
6,2025-11-28,2025-11-28 00:50:00,21.32,39.81,54.94,0
6,2025-11-28,2025-11-28 00:55:00,20.97,39.54,48.34,0
6,2025-11-28,2025-11-28 01:00:00,21.51,40.4,53.07,0
6,2025-11-28,2025-11-28 01:05:00,21.42,35.81,51.19,0
6,2025-11-28,2025-11-28 01:10:00,20.02,37.84,47.35,0
6,2025-11-28,2025-11-28 01:15:00,20.31,38.36,54.36,0
6,2025-11-28,2025-11-28 01:20:00,20.56,35.82,54.61,0
6,2025-11-28,2025-11-28 01:25:00,21.31,37.79,47.76,0
6,2025-11-28,2025-11-28 01:30:00,19.94,35.45,55.46,0
6,2025-11-28,2025-11-28 01:35:00,20.4,33.65,50.65,0
6,2025-11-28,2025-11-28 01:40:00,20.61,39.11,58.12,0
6,2025-11-28,2025-11-28 01:45:00,19.51,38.3,56.33,0
6,2025-11-28,2025-11-28 01:50:00,22.0,41.99,52.36,0
6,2025-11-28,2025-11-28 01:55:00,20.17,40.8,54.11,0
6,2025-11-28,2025-11-28 02:00:00,21.41,46.55,53.27,0
6,2025-11-28,2025-11-28 02:05:00,20.15,32.77,51.17,0
6,2025-11-28,2025-11-28 02:10:00,20.14,38.73,47.2,0
6,2025-11-28,2025-11-28 02:15:00,21.46,36.39,51.39,0
6,2025-11-28,2025-11-28 02:20:00,20.3,38.74,55.44,0
6,2025-11-28,2025-11-28 02:25:00,19.87,37.45,47.43,0
6,2025-11-28,2025-11-28 02:30:00,20.18,40.9,52.63,0
6,2025-11-28,2025-11-28 02:35:00,20.71,37.59,55.09,1
6,2025-11-28,2025-11-28 02:40:00,20.77,36.52,39.12,0
6,2025-11-28,2025-11-28 02:45:00,20.45,39.84,47.23,0
6,2025-11-28,2025-11-28 02:50:00,20.63,38.86,48.22,0
6,2025-11-28,2025-11-28 02:55:00,20.31,36.96,52.01,0
6,2025-11-28,2025-11-28 03:00:00,20.56,40.08,44.09,0
6,2025-11-28,2025-11-28 03:05:00,18.72,34.06,44.23,0
6,2025-11-28,2025-11-28 03:10:00,20.2,42.63,52.95,0
6,2025-11-28,2025-11-28 03:15:00,20.8,37.16,61.83,1
6,2025-11-28,2025-11-28 03:20:00,21.1,35.06,43.54,0
6,2025-11-28,2025-11-28 03:25:00,21.21,42.1,55.36,0
6,2025-11-28,2025-11-28 03:30:00,19.61,43.2,46.81,1
6,2025-11-28,2025-11-28 03:35:00,21.07,35.64,44.25,0
6,2025-11-28,2025-11-28 03:40:00,20.59,35.27,55.02,0
6,2025-11-28,2025-11-28 03:45:00,20.15,33.7,45.64,0
6,2025-11-28,2025-11-28 03:50:00,20.38,35.29,38.5,0
6,2025-11-28,2025-11-28 03:55:00,20.41,38.04,51.39,0
6,2025-11-28,2025-11-28 04:00:00,20.58,39.91,45.41,0
6,2025-11-28,2025-11-28 04:05:00,21.45,38.64,59.05,1
6,2025-11-28,2025-11-28 04:10:00,21.1,40.05,49.54,0
6,2025-11-28,2025-11-28 04:15:00,20.1,41.22,47.6,0
6,2025-11-28,2025-11-28 04:20:00,19.57,33.87,52.14,0
6,2025-11-28,2025-11-28 04:25:00,20.6,40.28,54.7,0
6,2025-11-28,2025-11-28 04:30:00,19.28,35.79,50.8,0
6,2025-11-28,2025-11-28 04:35:00,19.24,36.19,51.11,1
6,2025-11-28,2025-11-28 04:40:00,20.58,38.97,45.01,0
6,2025-11-28,2025-11-28 04:45:00,20.07,39.29,46.34,0
6,2025-11-28,2025-11-28 04:50:00,19.67,39.01,53.8,0
6,2025-11-28,2025-11-28 04:55:00,21.47,34.76,55.56,0
6,2025-11-28,2025-11-28 05:00:00,20.37,39.67,56.25,0
6,2025-11-28,2025-11-28 05:05:00,20.5,35.01,50.53,1
6,2025-11-28,2025-11-28 05:10:00,19.27,38.83,61.43,0
6,2025-11-28,2025-11-28 05:15:00,20.56,40.8,48.22,0
6,2025-11-28,2025-11-28 05:20:00,18.79,42.87,44.19,0
6,2025-11-28,2025-11-28 05:25:00,20.35,39.62,53.17,0
6,2025-11-28,2025-11-28 05:30:00,19.28,39.66,61.43,0
6,2025-11-28,2025-11-28 05:35:00,19.47,38.76,51.52,0
6,2025-11-28,2025-11-28 05:40:00,20.9,38.33,48.11,0
6,2025-11-28,2025-11-28 05:45:00,20.95,35.39,55.47,0
6,2025-11-28,2025-11-28 05:50:00,19.79,39.69,58.73,0
6,2025-11-28,2025-11-28 05:55:00,20.84,40.13,50.28,0
6,2025-11-28,2025-11-28 06:00:00,19.56,40.09,55.72,0
6,2025-11-28,2025-11-28 06:05:00,20.2,37.81,46.95,0
6,2025-11-28,2025-11-28 06:10:00,22.24,37.53,49.52,0
6,2025-11-28,2025-11-28 06:15:00,20.04,34.24,43.3,0
6,2025-11-28,2025-11-28 06:20:00,19.07,41.3,47.89,0
6,2025-11-28,2025-11-28 06:25:00,21.19,42.41,45.09,0
6,2025-11-28,2025-11-28 06:30:00,20.57,35.41,49.28,1
6,2025-11-28,2025-11-28 06:35:00,21.11,33.65,61.23,0
6,2025-11-28,2025-11-28 06:40:00,21.85,38.59,46.82,1
6,2025-11-28,2025-11-28 06:45:00,19.5,42.51,49.29,0
6,2025-11-28,2025-11-28 06:50:00,19.4,38.24,45.05,0
6,2025-11-28,2025-11-28 06:55:00,20.85,37.17,53.53,0
6,2025-11-28,2025-11-28 07:00:00,18.48,38.87,53.5,0
6,2025-11-28,2025-11-28 07:05:00,20.88,41.38,55.02,0
6,2025-11-28,2025-11-28 07:10:00,19.14,39.23,48.79,0
6,2025-11-28,2025-11-28 07:15:00,20.49,40.34,38.52,0
6,2025-11-28,2025-11-28 07:20:00,19.69,35.02,54.71,0
6,2025-11-28,2025-11-28 07:25:00,19.64,37.52,56.98,0
6,2025-11-28,2025-11-28 07:30:00,21.51,35.33,48.99,0
6,2025-11-28,2025-11-28 07:35:00,20.93,42.65,42.71,0
6,2025-11-28,2025-11-28 07:40:00,20.63,35.85,47.16,0
6,2025-11-28,2025-11-28 07:45:00,20.98,39.98,51.84,0
6,2025-11-28,2025-11-28 07:50:00,21.08,33.76,56.57,0
6,2025-11-28,2025-11-28 07:55:00,19.76,38.37,46.53,0
6,2025-11-28,2025-11-28 08:00:00,21.04,37.72,53.99,0
6,2025-11-28,2025-11-28 08:05:00,21.27,40.72,50.94,0
6,2025-11-28,2025-11-28 08:10:00,21.09,39.54,55.51,0
6,2025-11-28,2025-11-28 08:15:00,20.07,34.38,45.2,1
7,2025-11-29,2025-11-29 00:00:00,21.5,51.3,34.86,0
7,2025-11-29,2025-11-29 00:05:00,20.94,53.12,51.06,0
7,2025-11-29,2025-11-29 00:10:00,20.95,52.4,50.68,0
7,2025-11-29,2025-11-29 00:15:00,20.19,52.54,47.06,0
7,2025-11-29,2025-11-29 00:20:00,22.45,51.15,45.62,0
7,2025-11-29,2025-11-29 00:25:00,21.21,44.58,52.3,0
7,2025-11-29,2025-11-29 00:30:00,20.1,48.0,48.69,0
7,2025-11-29,2025-11-29 00:35:00,21.64,53.09,39.98,0
7,2025-11-29,2025-11-29 00:40:00,21.05,49.12,41.8,0
7,2025-11-29,2025-11-29 00:45:00,20.11,46.47,52.38,0
7,2025-11-29,2025-11-29 00:50:00,20.45,50.58,43.29,0
7,2025-11-29,2025-11-29 00:55:00,21.74,47.69,52.99,0
7,2025-11-29,2025-11-29 01:00:00,21.43,50.57,53.75,0
7,2025-11-29,2025-11-29 01:05:00,21.91,49.96,40.18,0
7,2025-11-29,2025-11-29 01:10:00,20.76,49.45,44.28,1
7,2025-11-29,2025-11-29 01:15:00,19.66,51.13,43.02,0
7,2025-11-29,2025-11-29 01:20:00,22.21,49.2,43.6,0
7,2025-11-29,2025-11-29 01:25:00,22.36,46.55,43.56,0
7,2025-11-29,2025-11-29 01:30:00,19.6,50.65,51.55,1
7,2025-11-29,2025-11-29 01:35:00,19.97,48.87,47.7,0
7,2025-11-29,2025-11-29 01:40:00,20.93,51.59,47.8,0
7,2025-11-29,2025-11-29 01:45:00,20.35,47.14,50.96,0
7,2025-11-29,2025-11-29 01:50:00,21.95,54.08,38.94,0
7,2025-11-29,2025-11-29 01:55:00,21.74,54.09,48.17,1
7,2025-11-29,2025-11-29 02:00:00,20.82,51.87,55.13,0
7,2025-11-29,2025-11-29 02:05:00,21.58,50.35,46.59,0
7,2025-11-29,2025-11-29 02:10:00,20.73,46.16,46.26,0
7,2025-11-29,2025-11-29 02:15:00,21.39,52.73,41.71,1
7,2025-11-29,2025-11-29 02:20:00,20.3,50.61,48.39,0
7,2025-11-29,2025-11-29 02:25:00,21.15,49.72,38.78,0
7,2025-11-29,2025-11-29 02:30:00,21.01,50.77,54.65,0
7,2025-11-29,2025-11-29 02:35:00,22.03,49.53,48.13,0
7,2025-11-29,2025-11-29 02:40:00,21.28,52.74,43.32,0
7,2025-11-29,2025-11-29 02:45:00,20.3,50.83,43.23,0
7,2025-11-29,2025-11-29 02:50:00,22.29,54.03,48.85,0
7,2025-11-29,2025-11-29 02:55:00,21.36,51.26,50.53,0
7,2025-11-29,2025-11-29 03:00:00,22.13,53.08,47.58,0
7,2025-11-29,2025-11-29 03:05:00,22.37,53.09,45.77,0
7,2025-11-29,2025-11-29 03:10:00,19.62,51.89,50.86,0
7,2025-11-29,2025-11-29 03:15:00,20.78,50.34,54.08,0
7,2025-11-29,2025-11-29 03:20:00,21.66,47.98,38.73,0
7,2025-11-29,2025-11-29 03:25:00,19.37,49.39,51.11,0
7,2025-11-29,2025-11-29 03:30:00,20.44,51.05,50.78,0
7,2025-11-29,2025-11-29 03:35:00,20.98,49.56,54.03,0
7,2025-11-29,2025-11-29 03:40:00,20.44,49.56,49.53,1
7,2025-11-29,2025-11-29 03:45:00,20.16,52.75,51.65,0
7,2025-11-29,2025-11-29 03:50:00,20.19,47.68,47.31,0
7,2025-11-29,2025-11-29 03:55:00,19.67,46.98,40.2,0
7,2025-11-29,2025-11-29 04:00:00,20.46,54.05,41.08,0
7,2025-11-29,2025-11-29 04:05:00,19.91,50.35,42.55,0
7,2025-11-29,2025-11-29 04:10:00,19.88,51.08,48.9,0
7,2025-11-29,2025-11-29 04:15:00,21.67,52.3,49.85,0
7,2025-11-29,2025-11-29 04:20:00,20.11,52.11,41.87,0
7,2025-11-29,2025-11-29 04:25:00,21.42,49.78,45.34,0
7,2025-11-29,2025-11-29 04:30:00,21.09,56.27,45.41,0
7,2025-11-29,2025-11-29 04:35:00,21.34,50.38,45.27,0
7,2025-11-29,2025-11-29 04:40:00,19.86,52.83,46.08,0
7,2025-11-29,2025-11-29 04:45:00,20.52,54.1,57.25,0
7,2025-11-29,2025-11-29 04:50:00,22.07,44.04,52.24,0
7,2025-11-29,2025-11-29 04:55:00,21.84,43.13,46.83,1
7,2025-11-29,2025-11-29 05:00:00,21.43,57.69,48.07,0
7,2025-11-29,2025-11-29 05:05:00,20.26,48.35,44.77,0
7,2025-11-29,2025-11-29 05:10:00,20.62,47.18,46.15,0
7,2025-11-29,2025-11-29 05:15:00,21.14,50.14,46.56,0
7,2025-11-29,2025-11-29 05:20:00,20.96,48.74,56.95,0
7,2025-11-29,2025-11-29 05:25:00,21.76,51.88,55.6,0
7,2025-11-29,2025-11-29 05:30:00,21.28,52.05,36.38,0
7,2025-11-29,2025-11-29 05:35:00,20.85,47.08,45.8,1
7,2025-11-29,2025-11-29 05:40:00,20.92,54.11,45.89,0
7,2025-11-29,2025-11-29 05:45:00,20.44,50.91,47.1,0
7,2025-11-29,2025-11-29 05:50:00,20.78,53.86,49.29,0
7,2025-11-29,2025-11-29 05:55:00,21.03,49.21,47.87,0
7,2025-11-29,2025-11-29 06:00:00,20.76,55.07,41.42,0
7,2025-11-29,2025-11-29 06:05:00,20.44,49.16,45.89,0
7,2025-11-29,2025-11-29 06:10:00,22.41,50.19,53.26,0
7,2025-11-29,2025-11-29 06:15:00,21.77,52.99,41.12,0
7,2025-11-29,2025-11-29 06:20:00,21.21,55.57,53.79,0
7,2025-11-29,2025-11-29 06:25:00,21.33,51.29,53.86,0
7,2025-11-29,2025-11-29 06:30:00,21.86,55.61,43.21,0
7,2025-11-29,2025-11-29 06:35:00,21.42,51.92,49.13,1
7,2025-11-29,2025-11-29 06:40:00,21.43,55.36,50.73,0
7,2025-11-29,2025-11-29 06:45:00,21.24,47.94,48.8,0
7,2025-11-29,2025-11-29 06:50:00,20.21,53.83,43.66,0
7,2025-11-29,2025-11-29 06:55:00,20.19,49.92,39.78,1
7,2025-11-29,2025-11-29 07:00:00,19.9,51.13,47.92,0
7,2025-11-29,2025-11-29 07:05:00,20.61,52.57,51.96,0
7,2025-11-29,2025-11-29 07:10:00,21.74,47.74,47.3,0
7,2025-11-29,2025-11-29 07:15:00,20.95,47.51,42.34,0
7,2025-11-29,2025-11-29 07:20:00,20.19,53.14,39.18,0
7,2025-11-29,2025-11-29 07:25:00,21.49,52.69,49.94,0
7,2025-11-29,2025-11-29 07:30:00,20.24,55.34,44.51,0
7,2025-11-29,2025-11-29 07:35:00,20.94,52.08,38.99,0
7,2025-11-29,2025-11-29 07:40:00,20.01,54.53,50.17,1
7,2025-11-29,2025-11-29 07:45:00,20.76,52.04,48.39,0
7,2025-11-29,2025-11-29 07:50:00,20.43,51.41,52.62,0
7,2025-11-29,2025-11-29 07:55:00,20.35,47.99,45.59,0
7,2025-11-29,2025-11-29 08:00:00,21.97,49.24,37.75,0
7,2025-11-29,2025-11-29 08:05:00,21.51,52.9,53.46,0
7,2025-11-29,2025-11-29 08:10:00,21.85,57.1,51.65,0
7,2025-11-29,2025-11-29 08:15:00,21.26,51.47,46.93,0
8,2025-11-30,2025-11-30 00:00:00,18.5,47.02,38.52,0
8,2025-11-30,2025-11-30 00:05:00,16.42,54.58,39.42,0
8,2025-11-30,2025-11-30 00:10:00,17.62,51.59,46.45,0
8,2025-11-30,2025-11-30 00:15:00,17.69,52.9,35.88,0
8,2025-11-30,2025-11-30 00:20:00,19.67,51.23,41.73,0
8,2025-11-30,2025-11-30 00:25:00,19.17,52.43,31.57,0
8,2025-11-30,2025-11-30 00:30:00,18.55,48.58,46.61,0
8,2025-11-30,2025-11-30 00:35:00,17.67,52.79,43.33,0
8,2025-11-30,2025-11-30 00:40:00,18.43,52.61,36.89,0
8,2025-11-30,2025-11-30 00:45:00,18.54,47.91,35.11,0
8,2025-11-30,2025-11-30 00:50:00,18.41,50.61,45.45,0
8,2025-11-30,2025-11-30 00:55:00,19.35,48.8,35.93,0
8,2025-11-30,2025-11-30 01:00:00,17.19,53.09,39.82,0
8,2025-11-30,2025-11-30 01:05:00,17.45,52.09,37.05,0
8,2025-11-30,2025-11-30 01:10:00,17.68,50.63,35.65,0
8,2025-11-30,2025-11-30 01:15:00,17.5,49.24,33.15,0
8,2025-11-30,2025-11-30 01:20:00,17.7,50.37,35.4,1
8,2025-11-30,2025-11-30 01:25:00,17.9,46.12,34.36,0
8,2025-11-30,2025-11-30 01:30:00,17.13,48.1,34.24,0
8,2025-11-30,2025-11-30 01:35:00,17.81,55.33,30.98,0
8,2025-11-30,2025-11-30 01:40:00,18.57,49.55,34.61,1
8,2025-11-30,2025-11-30 01:45:00,17.35,45.47,35.93,0
8,2025-11-30,2025-11-30 01:50:00,17.81,52.13,37.6,0
8,2025-11-30,2025-11-30 01:55:00,20.25,46.94,40.58,0
8,2025-11-30,2025-11-30 02:00:00,18.03,48.72,41.25,0
8,2025-11-30,2025-11-30 02:05:00,17.66,47.66,25.07,0
8,2025-11-30,2025-11-30 02:10:00,19.56,53.66,39.09,0
8,2025-11-30,2025-11-30 02:15:00,18.39,54.89,37.36,1
8,2025-11-30,2025-11-30 02:20:00,17.87,53.76,36.43,0
8,2025-11-30,2025-11-30 02:25:00,16.97,41.25,29.33,0
8,2025-11-30,2025-11-30 02:30:00,18.86,50.12,28.16,0
8,2025-11-30,2025-11-30 02:35:00,17.36,49.75,38.4,0
8,2025-11-30,2025-11-30 02:40:00,19.62,56.1,47.77,0
8,2025-11-30,2025-11-30 02:45:00,17.97,44.93,41.0,0
8,2025-11-30,2025-11-30 02:50:00,18.27,47.93,33.73,0
8,2025-11-30,2025-11-30 02:55:00,17.43,52.55,34.52,0
8,2025-11-30,2025-11-30 03:00:00,17.21,51.88,42.77,0
8,2025-11-30,2025-11-30 03:05:00,17.69,51.57,32.45,0
8,2025-11-30,2025-11-30 03:10:00,17.67,52.67,31.17,0
8,2025-11-30,2025-11-30 03:15:00,18.64,50.14,39.37,0
8,2025-11-30,2025-11-30 03:20:00,18.52,54.91,33.49,0
8,2025-11-30,2025-11-30 03:25:00,18.46,49.08,35.37,0
8,2025-11-30,2025-11-30 03:30:00,17.35,49.22,38.14,0
8,2025-11-30,2025-11-30 03:35:00,17.95,55.99,35.65,0
8,2025-11-30,2025-11-30 03:40:00,15.9,49.72,34.05,0
8,2025-11-30,2025-11-30 03:45:00,19.21,49.42,31.13,0
8,2025-11-30,2025-11-30 03:50:00,18.71,51.87,39.22,0
8,2025-11-30,2025-11-30 03:55:00,21.24,51.39,34.12,0
8,2025-11-30,2025-11-30 04:00:00,17.87,52.08,36.45,0
8,2025-11-30,2025-11-30 04:05:00,17.76,51.97,32.21,0
8,2025-11-30,2025-11-30 04:10:00,17.76,47.83,34.43,0
8,2025-11-30,2025-11-30 04:15:00,19.1,52.2,34.45,0
8,2025-11-30,2025-11-30 04:20:00,18.64,56.77,35.8,0
8,2025-11-30,2025-11-30 04:25:00,18.63,55.82,37.37,0
8,2025-11-30,2025-11-30 04:30:00,17.94,51.03,37.14,1
8,2025-11-30,2025-11-30 04:35:00,18.3,53.31,29.37,0
8,2025-11-30,2025-11-30 04:40:00,18.79,49.86,32.23,0
8,2025-11-30,2025-11-30 04:45:00,18.86,54.2,41.87,0
8,2025-11-30,2025-11-30 04:50:00,17.61,50.53,28.48,0
8,2025-11-30,2025-11-30 04:55:00,17.78,49.82,30.9,1
8,2025-11-30,2025-11-30 05:00:00,18.36,47.78,37.1,0
8,2025-11-30,2025-11-30 05:05:00,15.7,57.45,34.82,0
8,2025-11-30,2025-11-30 05:10:00,18.47,55.78,31.93,0
8,2025-11-30,2025-11-30 05:15:00,19.49,50.41,39.65,0
8,2025-11-30,2025-11-30 05:20:00,17.44,49.4,34.03,0
8,2025-11-30,2025-11-30 05:25:00,17.25,51.91,45.24,0
8,2025-11-30,2025-11-30 05:30:00,16.57,51.02,29.84,0
8,2025-11-30,2025-11-30 05:35:00,19.69,51.59,31.63,1
8,2025-11-30,2025-11-30 05:40:00,19.11,48.68,39.39,0
8,2025-11-30,2025-11-30 05:45:00,18.26,56.95,40.73,1
8,2025-11-30,2025-11-30 05:50:00,16.77,48.34,36.06,0
8,2025-11-30,2025-11-30 05:55:00,18.17,48.14,36.19,1
8,2025-11-30,2025-11-30 06:00:00,19.31,53.03,37.04,0
8,2025-11-30,2025-11-30 06:05:00,17.93,45.99,39.59,1
8,2025-11-30,2025-11-30 06:10:00,16.57,48.64,34.61,0
8,2025-11-30,2025-11-30 06:15:00,19.61,46.97,39.94,0
8,2025-11-30,2025-11-30 06:20:00,18.96,49.81,36.21,0
8,2025-11-30,2025-11-30 06:25:00,19.16,54.68,34.08,0
8,2025-11-30,2025-11-30 06:30:00,16.88,42.73,34.42,0
8,2025-11-30,2025-11-30 06:35:00,18.54,52.68,38.99,0
8,2025-11-30,2025-11-30 06:40:00,16.6,50.06,37.63,0
8,2025-11-30,2025-11-30 06:45:00,18.46,51.14,34.11,0
8,2025-11-30,2025-11-30 06:50:00,18.46,48.28,36.97,0
8,2025-11-30,2025-11-30 06:55:00,18.45,50.82,33.14,0
8,2025-11-30,2025-11-30 07:00:00,18.58,51.69,33.74,0
8,2025-11-30,2025-11-30 07:05:00,18.28,44.67,42.4,0
8,2025-11-30,2025-11-30 07:10:00,18.44,54.81,29.82,0
8,2025-11-30,2025-11-30 07:15:00,17.53,48.01,27.74,0
8,2025-11-30,2025-11-30 07:20:00,17.65,51.84,30.67,0
8,2025-11-30,2025-11-30 07:25:00,17.78,47.62,35.22,1
8,2025-11-30,2025-11-30 07:30:00,16.88,52.19,45.45,1
8,2025-11-30,2025-11-30 07:35:00,18.11,52.28,35.4,1
8,2025-11-30,2025-11-30 07:40:00,18.28,53.3,30.33,0
8,2025-11-30,2025-11-30 07:45:00,19.46,57.19,38.43,0
8,2025-11-30,2025-11-30 07:50:00,18.72,52.88,37.85,0
8,2025-11-30,2025-11-30 07:55:00,17.9,50.53,42.5,0
8,2025-11-30,2025-11-30 08:00:00,17.95,52.15,36.39,0
8,2025-11-30,2025-11-30 08:05:00,19.07,53.24,27.85,0
8,2025-11-30,2025-11-30 08:10:00,18.02,52.48,32.36,0
8,2025-11-30,2025-11-30 08:15:00,19.12,55.26,34.31,0
9,2025-12-01,2025-12-01 00:00:00,22.96,34.04,45.32,0
9,2025-12-01,2025-12-01 00:05:00,21.01,32.12,33.76,0
9,2025-12-01,2025-12-01 00:10:00,21.67,29.76,50.59,1
9,2025-12-01,2025-12-01 00:15:00,21.55,30.19,39.33,0
9,2025-12-01,2025-12-01 00:20:00,21.03,31.81,41.24,1
9,2025-12-01,2025-12-01 00:25:00,21.53,30.35,46.8,0
9,2025-12-01,2025-12-01 00:30:00,22.0,29.21,41.31,0
9,2025-12-01,2025-12-01 00:35:00,21.87,30.51,42.92,0
9,2025-12-01,2025-12-01 00:40:00,22.21,30.55,34.44,0
9,2025-12-01,2025-12-01 00:45:00,22.21,32.19,41.77,0
9,2025-12-01,2025-12-01 00:50:00,21.43,30.98,49.16,0
9,2025-12-01,2025-12-01 00:55:00,21.72,28.65,39.54,0
9,2025-12-01,2025-12-01 01:00:00,20.34,28.94,46.49,0
9,2025-12-01,2025-12-01 01:05:00,21.31,22.05,41.23,0
9,2025-12-01,2025-12-01 01:10:00,22.47,23.66,44.37,0
9,2025-12-01,2025-12-01 01:15:00,20.98,28.95,45.39,0
9,2025-12-01,2025-12-01 01:20:00,21.29,26.74,51.6,0
9,2025-12-01,2025-12-01 01:25:00,21.24,30.48,41.03,0
9,2025-12-01,2025-12-01 01:30:00,22.35,27.36,45.72,1
9,2025-12-01,2025-12-01 01:35:00,21.67,27.77,39.34,0
9,2025-12-01,2025-12-01 01:40:00,22.54,27.34,45.69,0
9,2025-12-01,2025-12-01 01:45:00,22.71,27.46,41.45,0
9,2025-12-01,2025-12-01 01:50:00,23.05,27.35,41.22,1
9,2025-12-01,2025-12-01 01:55:00,21.77,33.45,52.25,1
9,2025-12-01,2025-12-01 02:00:00,21.71,25.3,36.54,0
9,2025-12-01,2025-12-01 02:05:00,23.35,32.91,33.69,1
9,2025-12-01,2025-12-01 02:10:00,22.67,32.4,50.45,0
9,2025-12-01,2025-12-01 02:15:00,22.17,27.92,39.72,0
9,2025-12-01,2025-12-01 02:20:00,22.4,29.58,40.84,0
9,2025-12-01,2025-12-01 02:25:00,22.65,35.77,50.72,0
9,2025-12-01,2025-12-01 02:30:00,20.56,36.26,47.7,0
9,2025-12-01,2025-12-01 02:35:00,21.32,27.62,46.89,0
9,2025-12-01,2025-12-01 02:40:00,21.29,32.9,48.47,0
9,2025-12-01,2025-12-01 02:45:00,22.19,28.23,49.35,0
9,2025-12-01,2025-12-01 02:50:00,21.77,32.37,41.52,0
9,2025-12-01,2025-12-01 02:55:00,21.91,27.56,52.66,0
9,2025-12-01,2025-12-01 03:00:00,21.5,28.16,44.2,0
9,2025-12-01,2025-12-01 03:05:00,21.99,31.33,47.8,0
9,2025-12-01,2025-12-01 03:10:00,21.31,30.77,44.09,0
9,2025-12-01,2025-12-01 03:15:00,21.29,30.25,46.97,0
9,2025-12-01,2025-12-01 03:20:00,21.13,33.88,52.61,1
9,2025-12-01,2025-12-01 03:25:00,22.13,32.69,48.4,0
9,2025-12-01,2025-12-01 03:30:00,21.84,31.53,46.37,0
9,2025-12-01,2025-12-01 03:35:00,21.02,30.06,43.34,0
9,2025-12-01,2025-12-01 03:40:00,22.86,27.04,33.26,0
9,2025-12-01,2025-12-01 03:45:00,22.5,31.47,46.34,0
9,2025-12-01,2025-12-01 03:50:00,23.16,28.8,41.22,0
9,2025-12-01,2025-12-01 03:55:00,22.15,28.02,49.88,0
9,2025-12-01,2025-12-01 04:00:00,21.95,29.87,46.15,0
9,2025-12-01,2025-12-01 04:05:00,24.15,24.32,47.49,0
9,2025-12-01,2025-12-01 04:10:00,20.82,28.99,41.69,0
9,2025-12-01,2025-12-01 04:15:00,21.44,35.03,30.67,1
9,2025-12-01,2025-12-01 04:20:00,21.48,33.82,39.02,0
9,2025-12-01,2025-12-01 04:25:00,20.63,27.31,48.79,0
9,2025-12-01,2025-12-01 04:30:00,21.2,31.75,51.77,0
9,2025-12-01,2025-12-01 04:35:00,22.49,32.37,44.91,0
9,2025-12-01,2025-12-01 04:40:00,22.53,35.09,40.81,0
9,2025-12-01,2025-12-01 04:45:00,20.54,29.69,45.19,0
9,2025-12-01,2025-12-01 04:50:00,23.98,28.85,38.84,0
9,2025-12-01,2025-12-01 04:55:00,22.0,31.36,38.59,0
9,2025-12-01,2025-12-01 05:00:00,22.46,26.96,52.96,0
9,2025-12-01,2025-12-01 05:05:00,21.92,33.51,35.38,1
9,2025-12-01,2025-12-01 05:10:00,22.21,34.63,39.1,0
9,2025-12-01,2025-12-01 05:15:00,23.03,26.68,42.36,0
9,2025-12-01,2025-12-01 05:20:00,20.31,33.2,41.23,0
9,2025-12-01,2025-12-01 05:25:00,21.81,27.69,49.26,0
9,2025-12-01,2025-12-01 05:30:00,23.07,29.04,31.82,1
9,2025-12-01,2025-12-01 05:35:00,20.99,29.21,41.4,0
9,2025-12-01,2025-12-01 05:40:00,21.86,31.79,42.2,0
9,2025-12-01,2025-12-01 05:45:00,21.54,32.15,38.21,1
9,2025-12-01,2025-12-01 05:50:00,20.28,28.72,38.47,1
9,2025-12-01,2025-12-01 05:55:00,21.74,25.39,36.33,0
9,2025-12-01,2025-12-01 06:00:00,23.53,28.44,43.97,1
9,2025-12-01,2025-12-01 06:05:00,22.34,30.54,37.13,0
9,2025-12-01,2025-12-01 06:10:00,20.49,35.24,38.94,0
9,2025-12-01,2025-12-01 06:15:00,21.64,32.29,39.46,0
9,2025-12-01,2025-12-01 06:20:00,22.0,28.73,48.09,0
9,2025-12-01,2025-12-01 06:25:00,22.14,34.09,40.29,0
9,2025-12-01,2025-12-01 06:30:00,22.03,28.4,42.08,0
9,2025-12-01,2025-12-01 06:35:00,22.58,30.55,42.73,0
9,2025-12-01,2025-12-01 06:40:00,21.33,31.29,49.12,0
9,2025-12-01,2025-12-01 06:45:00,22.19,37.59,41.08,0
9,2025-12-01,2025-12-01 06:50:00,21.37,33.47,45.9,0
9,2025-12-01,2025-12-01 06:55:00,21.28,32.08,30.44,0
9,2025-12-01,2025-12-01 07:00:00,22.08,32.19,50.0,1
9,2025-12-01,2025-12-01 07:05:00,21.87,28.75,41.09,0
9,2025-12-01,2025-12-01 07:10:00,20.92,35.36,43.76,1
9,2025-12-01,2025-12-01 07:15:00,21.46,26.9,40.45,0
9,2025-12-01,2025-12-01 07:20:00,22.19,34.4,48.81,0
9,2025-12-01,2025-12-01 07:25:00,21.48,32.11,48.61,0
9,2025-12-01,2025-12-01 07:30:00,20.72,36.01,43.36,0
9,2025-12-01,2025-12-01 07:35:00,22.39,32.49,36.72,0
9,2025-12-01,2025-12-01 07:40:00,23.05,32.44,35.38,0
9,2025-12-01,2025-12-01 07:45:00,22.04,30.44,39.08,0
9,2025-12-01,2025-12-01 07:50:00,21.52,29.13,40.41,0
9,2025-12-01,2025-12-01 07:55:00,21.82,21.98,53.37,0
9,2025-12-01,2025-12-01 08:00:00,21.77,31.34,39.47,0
9,2025-12-01,2025-12-01 08:05:00,21.94,35.86,52.59,1
9,2025-12-01,2025-12-01 08:10:00,22.37,30.98,53.62,0
9,2025-12-01,2025-12-01 08:15:00,22.41,29.41,42.01,0
10,2025-12-02,2025-12-02 00:00:00,15.31,29.84,45.45,0
10,2025-12-02,2025-12-02 00:05:00,14.2,30.36,49.41,0
10,2025-12-02,2025-12-02 00:10:00,15.6,33.51,35.5,0
10,2025-12-02,2025-12-02 00:15:00,15.48,34.03,43.09,0
10,2025-12-02,2025-12-02 00:20:00,15.15,28.91,38.92,0
10,2025-12-02,2025-12-02 00:25:00,15.72,35.56,45.76,0
10,2025-12-02,2025-12-02 00:30:00,16.54,33.55,39.64,0
10,2025-12-02,2025-12-02 00:35:00,15.6,35.21,38.82,0
10,2025-12-02,2025-12-02 00:40:00,15.49,29.58,42.17,0
10,2025-12-02,2025-12-02 00:45:00,15.84,31.91,45.95,0
10,2025-12-02,2025-12-02 00:50:00,17.26,28.46,42.73,1
10,2025-12-02,2025-12-02 00:55:00,16.27,34.18,38.73,0
10,2025-12-02,2025-12-02 01:00:00,16.91,27.05,43.07,1
10,2025-12-02,2025-12-02 01:05:00,13.89,34.89,36.41,0
10,2025-12-02,2025-12-02 01:10:00,15.42,30.18,39.57,0
10,2025-12-02,2025-12-02 01:15:00,17.54,37.13,31.89,0
10,2025-12-02,2025-12-02 01:20:00,15.81,29.98,51.04,0
10,2025-12-02,2025-12-02 01:25:00,17.16,37.31,37.44,0
10,2025-12-02,2025-12-02 01:30:00,16.59,30.47,47.44,0
10,2025-12-02,2025-12-02 01:35:00,16.14,32.91,52.76,0
10,2025-12-02,2025-12-02 01:40:00,15.46,28.99,42.29,0
10,2025-12-02,2025-12-02 01:45:00,17.9,33.69,39.42,0
10,2025-12-02,2025-12-02 01:50:00,16.4,34.07,39.99,0
10,2025-12-02,2025-12-02 01:55:00,14.85,36.26,51.16,0
10,2025-12-02,2025-12-02 02:00:00,16.66,33.85,41.7,1
10,2025-12-02,2025-12-02 02:05:00,16.75,37.46,42.52,0
10,2025-12-02,2025-12-02 02:10:00,16.15,34.28,34.21,0
10,2025-12-02,2025-12-02 02:15:00,16.12,31.81,36.81,0
10,2025-12-02,2025-12-02 02:20:00,17.59,37.69,50.16,0
10,2025-12-02,2025-12-02 02:25:00,14.91,29.23,41.03,0
10,2025-12-02,2025-12-02 02:30:00,16.88,32.51,45.9,1
10,2025-12-02,2025-12-02 02:35:00,16.37,33.38,45.55,0
10,2025-12-02,2025-12-02 02:40:00,16.9,37.14,35.69,1
10,2025-12-02,2025-12-02 02:45:00,16.69,32.87,42.81,0
10,2025-12-02,2025-12-02 02:50:00,17.53,33.7,44.47,0
10,2025-12-02,2025-12-02 02:55:00,15.26,31.28,32.09,0
10,2025-12-02,2025-12-02 03:00:00,15.92,34.03,39.66,0
10,2025-12-02,2025-12-02 03:05:00,16.21,35.98,45.83,1
10,2025-12-02,2025-12-02 03:10:00,15.1,32.85,46.53,0
10,2025-12-02,2025-12-02 03:15:00,16.6,33.77,33.25,0
10,2025-12-02,2025-12-02 03:20:00,17.41,30.85,36.39,0
10,2025-12-02,2025-12-02 03:25:00,16.5,31.2,37.37,0
10,2025-12-02,2025-12-02 03:30:00,15.7,35.93,42.66,0
10,2025-12-02,2025-12-02 03:35:00,16.1,29.17,34.77,0
10,2025-12-02,2025-12-02 03:40:00,15.1,33.59,36.5,0
10,2025-12-02,2025-12-02 03:45:00,15.0,32.57,44.14,1
10,2025-12-02,2025-12-02 03:50:00,16.22,35.35,42.78,1
10,2025-12-02,2025-12-02 03:55:00,15.23,30.3,46.71,0
10,2025-12-02,2025-12-02 04:00:00,16.02,40.34,38.76,0
10,2025-12-02,2025-12-02 04:05:00,15.31,33.31,42.26,0
10,2025-12-02,2025-12-02 04:10:00,16.47,35.47,39.85,1
10,2025-12-02,2025-12-02 04:15:00,16.16,34.9,36.95,0
10,2025-12-02,2025-12-02 04:20:00,14.97,36.16,40.23,0
10,2025-12-02,2025-12-02 04:25:00,15.95,33.09,49.59,0
10,2025-12-02,2025-12-02 04:30:00,14.99,32.52,41.45,0
10,2025-12-02,2025-12-02 04:35:00,16.87,33.97,49.59,0
10,2025-12-02,2025-12-02 04:40:00,16.91,33.24,43.22,0
10,2025-12-02,2025-12-02 04:45:00,16.56,35.12,45.24,0
10,2025-12-02,2025-12-02 04:50:00,16.59,32.75,37.7,0
10,2025-12-02,2025-12-02 04:55:00,16.15,33.92,41.49,0
10,2025-12-02,2025-12-02 05:00:00,15.16,31.19,39.85,0
10,2025-12-02,2025-12-02 05:05:00,16.13,30.63,39.04,0
10,2025-12-02,2025-12-02 05:10:00,16.23,33.82,33.38,0
10,2025-12-02,2025-12-02 05:15:00,14.84,25.53,45.27,1
10,2025-12-02,2025-12-02 05:20:00,18.48,40.62,39.65,0
10,2025-12-02,2025-12-02 05:25:00,15.8,29.04,49.29,0
10,2025-12-02,2025-12-02 05:30:00,15.39,35.45,43.04,0
10,2025-12-02,2025-12-02 05:35:00,16.74,28.73,39.13,0
10,2025-12-02,2025-12-02 05:40:00,14.27,34.13,44.52,0
10,2025-12-02,2025-12-02 05:45:00,15.79,29.47,38.51,0
10,2025-12-02,2025-12-02 05:50:00,15.32,35.26,42.17,0
10,2025-12-02,2025-12-02 05:55:00,16.02,33.8,35.35,0
10,2025-12-02,2025-12-02 06:00:00,17.03,29.28,37.63,0
10,2025-12-02,2025-12-02 06:05:00,16.15,33.38,38.29,0
10,2025-12-02,2025-12-02 06:10:00,15.33,27.79,41.07,1
10,2025-12-02,2025-12-02 06:15:00,17.52,33.06,48.08,1
10,2025-12-02,2025-12-02 06:20:00,16.15,33.67,36.49,0
10,2025-12-02,2025-12-02 06:25:00,16.55,34.56,37.74,0
10,2025-12-02,2025-12-02 06:30:00,16.42,32.04,45.57,0
10,2025-12-02,2025-12-02 06:35:00,15.49,30.51,36.61,0
10,2025-12-02,2025-12-02 06:40:00,14.47,35.11,31.4,1
10,2025-12-02,2025-12-02 06:45:00,14.91,33.65,45.14,0
10,2025-12-02,2025-12-02 06:50:00,15.77,32.72,35.34,0
10,2025-12-02,2025-12-02 06:55:00,14.95,32.54,42.0,0
10,2025-12-02,2025-12-02 07:00:00,16.03,37.61,43.49,0
10,2025-12-02,2025-12-02 07:05:00,15.56,38.41,40.9,1
10,2025-12-02,2025-12-02 07:10:00,15.76,34.33,35.59,0
10,2025-12-02,2025-12-02 07:15:00,15.08,36.5,29.39,0
10,2025-12-02,2025-12-02 07:20:00,15.17,35.24,40.73,0
10,2025-12-02,2025-12-02 07:25:00,14.31,36.07,47.06,0
10,2025-12-02,2025-12-02 07:30:00,15.2,33.99,34.23,0
10,2025-12-02,2025-12-02 07:35:00,14.45,33.3,42.62,0
10,2025-12-02,2025-12-02 07:40:00,15.57,30.15,38.56,1
10,2025-12-02,2025-12-02 07:45:00,16.1,37.64,37.73,0
10,2025-12-02,2025-12-02 07:50:00,14.95,35.16,46.47,0
10,2025-12-02,2025-12-02 07:55:00,16.27,29.95,35.02,0
10,2025-12-02,2025-12-02 08:00:00,15.11,32.51,46.75,0
10,2025-12-02,2025-12-02 08:05:00,16.19,32.86,38.87,0
10,2025-12-02,2025-12-02 08:10:00,16.67,29.58,48.6,0
10,2025-12-02,2025-12-02 08:15:00,16.55,32.24,43.23,0
11,2025-12-03,2025-12-03 00:00:00,20.34,37.81,22.75,0
11,2025-12-03,2025-12-03 00:05:00,21.52,31.22,31.25,0
11,2025-12-03,2025-12-03 00:10:00,20.18,34.61,22.99,0
11,2025-12-03,2025-12-03 00:15:00,20.57,36.36,36.56,1
11,2025-12-03,2025-12-03 00:20:00,21.84,42.65,25.94,1
11,2025-12-03,2025-12-03 00:25:00,20.26,32.11,20.91,0
11,2025-12-03,2025-12-03 00:30:00,20.91,35.0,31.39,1
11,2025-12-03,2025-12-03 00:35:00,21.81,30.81,27.31,0
11,2025-12-03,2025-12-03 00:40:00,20.49,37.77,29.78,0
11,2025-12-03,2025-12-03 00:45:00,20.53,28.82,27.49,1
11,2025-12-03,2025-12-03 00:50:00,21.82,36.6,25.59,0
11,2025-12-03,2025-12-03 00:55:00,21.46,34.23,33.3,0
11,2025-12-03,2025-12-03 01:00:00,20.73,37.12,32.22,0
11,2025-12-03,2025-12-03 01:05:00,21.1,33.74,27.65,0
11,2025-12-03,2025-12-03 01:10:00,20.16,41.22,24.59,0
11,2025-12-03,2025-12-03 01:15:00,21.64,37.16,24.61,0
11,2025-12-03,2025-12-03 01:20:00,20.08,32.61,27.71,0
11,2025-12-03,2025-12-03 01:25:00,21.94,35.14,31.04,0
11,2025-12-03,2025-12-03 01:30:00,20.65,38.25,23.23,0
11,2025-12-03,2025-12-03 01:35:00,21.28,34.62,26.61,0
11,2025-12-03,2025-12-03 01:40:00,21.21,31.84,29.2,0
11,2025-12-03,2025-12-03 01:45:00,21.58,37.42,35.94,0
11,2025-12-03,2025-12-03 01:50:00,19.12,38.0,25.44,1
11,2025-12-03,2025-12-03 01:55:00,20.76,34.36,24.43,0
11,2025-12-03,2025-12-03 02:00:00,19.29,39.92,34.12,0
11,2025-12-03,2025-12-03 02:05:00,20.54,37.02,30.44,0
11,2025-12-03,2025-12-03 02:10:00,19.64,34.65,29.87,0
11,2025-12-03,2025-12-03 02:15:00,22.08,33.66,25.24,0
11,2025-12-03,2025-12-03 02:20:00,21.11,29.77,30.35,0
11,2025-12-03,2025-12-03 02:25:00,21.31,35.55,32.14,0
11,2025-12-03,2025-12-03 02:30:00,20.31,33.29,40.72,0
11,2025-12-03,2025-12-03 02:35:00,21.61,34.21,22.78,0
11,2025-12-03,2025-12-03 02:40:00,20.67,35.78,21.92,0
11,2025-12-03,2025-12-03 02:45:00,20.91,39.49,36.5,0
11,2025-12-03,2025-12-03 02:50:00,18.96,36.47,21.23,0
11,2025-12-03,2025-12-03 02:55:00,20.68,41.18,24.42,0
11,2025-12-03,2025-12-03 03:00:00,20.96,30.3,31.05,1
11,2025-12-03,2025-12-03 03:05:00,20.45,29.21,28.44,0
11,2025-12-03,2025-12-03 03:10:00,20.58,33.77,31.28,0
11,2025-12-03,2025-12-03 03:15:00,20.42,40.33,30.1,0
11,2025-12-03,2025-12-03 03:20:00,22.52,36.54,27.8,0
11,2025-12-03,2025-12-03 03:25:00,19.33,33.94,31.46,0
11,2025-12-03,2025-12-03 03:30:00,21.87,35.49,28.89,0
11,2025-12-03,2025-12-03 03:35:00,20.07,35.17,25.4,0
11,2025-12-03,2025-12-03 03:40:00,20.19,30.66,27.99,0
11,2025-12-03,2025-12-03 03:45:00,20.16,29.85,32.21,0
11,2025-12-03,2025-12-03 03:50:00,20.39,32.96,29.38,1
11,2025-12-03,2025-12-03 03:55:00,20.35,40.2,32.31,0
11,2025-12-03,2025-12-03 04:00:00,20.02,41.85,36.4,0
11,2025-12-03,2025-12-03 04:05:00,20.52,36.96,27.19,0
11,2025-12-03,2025-12-03 04:10:00,21.31,35.31,32.93,0
11,2025-12-03,2025-12-03 04:15:00,22.37,38.2,26.22,0
11,2025-12-03,2025-12-03 04:20:00,19.85,35.51,35.15,0
11,2025-12-03,2025-12-03 04:25:00,19.3,36.79,29.27,0
11,2025-12-03,2025-12-03 04:30:00,20.78,32.37,25.79,1
11,2025-12-03,2025-12-03 04:35:00,21.75,37.65,29.69,0
11,2025-12-03,2025-12-03 04:40:00,20.29,33.1,32.11,0
11,2025-12-03,2025-12-03 04:45:00,21.51,37.12,24.77,0
11,2025-12-03,2025-12-03 04:50:00,21.06,31.43,27.83,0
11,2025-12-03,2025-12-03 04:55:00,20.41,34.24,26.77,0
11,2025-12-03,2025-12-03 05:00:00,20.28,39.82,26.48,0
11,2025-12-03,2025-12-03 05:05:00,20.65,39.34,27.17,1
11,2025-12-03,2025-12-03 05:10:00,20.67,32.83,27.27,0
11,2025-12-03,2025-12-03 05:15:00,21.21,32.11,35.4,1
11,2025-12-03,2025-12-03 05:20:00,19.88,31.75,33.38,1
11,2025-12-03,2025-12-03 05:25:00,21.22,37.19,25.35,0
11,2025-12-03,2025-12-03 05:30:00,20.48,33.53,23.39,1
11,2025-12-03,2025-12-03 05:35:00,19.74,39.46,32.73,1
11,2025-12-03,2025-12-03 05:40:00,21.58,33.93,33.57,0
11,2025-12-03,2025-12-03 05:45:00,20.46,38.84,24.41,0
11,2025-12-03,2025-12-03 05:50:00,19.74,41.75,24.09,0
11,2025-12-03,2025-12-03 05:55:00,21.21,34.68,18.85,0
11,2025-12-03,2025-12-03 06:00:00,19.68,30.36,28.89,1
11,2025-12-03,2025-12-03 06:05:00,20.1,36.33,22.82,0
11,2025-12-03,2025-12-03 06:10:00,21.96,33.36,28.98,0
11,2025-12-03,2025-12-03 06:15:00,18.51,38.62,34.66,0
11,2025-12-03,2025-12-03 06:20:00,20.73,35.28,28.63,1
11,2025-12-03,2025-12-03 06:25:00,18.44,37.26,36.49,0
11,2025-12-03,2025-12-03 06:30:00,20.5,38.72,16.51,1
11,2025-12-03,2025-12-03 06:35:00,20.19,33.86,29.51,1
11,2025-12-03,2025-12-03 06:40:00,19.99,35.3,17.3,1
11,2025-12-03,2025-12-03 06:45:00,21.66,36.98,25.91,0
11,2025-12-03,2025-12-03 06:50:00,19.12,35.74,34.03,0
11,2025-12-03,2025-12-03 06:55:00,20.53,34.51,27.06,0
11,2025-12-03,2025-12-03 07:00:00,20.48,39.93,25.31,0
11,2025-12-03,2025-12-03 07:05:00,20.22,34.88,30.75,1
11,2025-12-03,2025-12-03 07:10:00,19.54,35.22,27.8,0
11,2025-12-03,2025-12-03 07:15:00,21.39,36.24,25.75,0
11,2025-12-03,2025-12-03 07:20:00,20.53,32.08,21.75,0
11,2025-12-03,2025-12-03 07:25:00,22.15,36.59,29.61,0
11,2025-12-03,2025-12-03 07:30:00,19.24,43.32,32.76,1
11,2025-12-03,2025-12-03 07:35:00,20.4,38.7,20.47,1
11,2025-12-03,2025-12-03 07:40:00,20.62,37.09,19.59,1
11,2025-12-03,2025-12-03 07:45:00,20.31,36.14,22.84,0
11,2025-12-03,2025-12-03 07:50:00,20.07,30.69,24.33,0
11,2025-12-03,2025-12-03 07:55:00,20.73,36.89,14.02,0
11,2025-12-03,2025-12-03 08:00:00,20.14,34.63,27.5,0
11,2025-12-03,2025-12-03 08:05:00,20.95,35.54,31.09,0
11,2025-12-03,2025-12-03 08:10:00,20.34,30.48,33.76,1
11,2025-12-03,2025-12-03 08:15:00,21.33,36.38,19.28,0
12,2025-12-04,2025-12-04 00:00:00,17.84,38.61,47.46,0
12,2025-12-04,2025-12-04 00:05:00,18.26,35.53,63.98,1
12,2025-12-04,2025-12-04 00:10:00,16.58,39.14,51.27,0
12,2025-12-04,2025-12-04 00:15:00,18.24,32.52,44.77,0
12,2025-12-04,2025-12-04 00:20:00,19.0,34.84,45.11,0
12,2025-12-04,2025-12-04 00:25:00,18.55,32.8,50.72,0
12,2025-12-04,2025-12-04 00:30:00,17.97,41.66,56.79,0
12,2025-12-04,2025-12-04 00:35:00,17.79,38.25,55.32,0
12,2025-12-04,2025-12-04 00:40:00,17.17,39.35,53.87,0
12,2025-12-04,2025-12-04 00:45:00,17.13,33.93,57.06,1
12,2025-12-04,2025-12-04 00:50:00,18.45,34.2,54.02,0
12,2025-12-04,2025-12-04 00:55:00,18.23,40.93,55.68,0
12,2025-12-04,2025-12-04 01:00:00,17.73,33.5,47.53,0
12,2025-12-04,2025-12-04 01:05:00,16.98,32.06,51.39,0
12,2025-12-04,2025-12-04 01:10:00,17.79,36.17,64.79,1
12,2025-12-04,2025-12-04 01:15:00,16.63,37.41,48.77,0
12,2025-12-04,2025-12-04 01:20:00,17.22,35.68,52.04,0
12,2025-12-04,2025-12-04 01:25:00,17.99,32.6,57.74,0
12,2025-12-04,2025-12-04 01:30:00,16.65,34.45,60.36,0
12,2025-12-04,2025-12-04 01:35:00,16.62,33.93,50.92,0
12,2025-12-04,2025-12-04 01:40:00,17.5,30.98,49.45,0
12,2025-12-04,2025-12-04 01:45:00,18.4,35.96,53.99,1
12,2025-12-04,2025-12-04 01:50:00,17.34,37.27,53.34,0
12,2025-12-04,2025-12-04 01:55:00,17.47,39.67,54.49,1
12,2025-12-04,2025-12-04 02:00:00,17.51,38.09,48.69,0
12,2025-12-04,2025-12-04 02:05:00,18.74,29.91,49.74,0
12,2025-12-04,2025-12-04 02:10:00,17.23,38.18,51.35,0
12,2025-12-04,2025-12-04 02:15:00,18.56,37.87,59.81,1
12,2025-12-04,2025-12-04 02:20:00,18.38,31.61,58.1,0
12,2025-12-04,2025-12-04 02:25:00,18.0,36.34,62.11,0
12,2025-12-04,2025-12-04 02:30:00,16.19,34.12,59.03,0
12,2025-12-04,2025-12-04 02:35:00,17.99,36.05,65.71,0
12,2025-12-04,2025-12-04 02:40:00,17.8,30.33,49.62,0
12,2025-12-04,2025-12-04 02:45:00,17.39,31.61,50.1,0
12,2025-12-04,2025-12-04 02:50:00,18.16,37.22,55.46,0
12,2025-12-04,2025-12-04 02:55:00,17.58,33.84,55.75,0
12,2025-12-04,2025-12-04 03:00:00,18.06,38.66,51.34,0
12,2025-12-04,2025-12-04 03:05:00,19.52,35.36,52.7,0
12,2025-12-04,2025-12-04 03:10:00,16.45,33.44,48.86,0
12,2025-12-04,2025-12-04 03:15:00,17.95,33.57,56.52,0
12,2025-12-04,2025-12-04 03:20:00,15.94,41.2,55.8,1
12,2025-12-04,2025-12-04 03:25:00,17.22,36.35,59.86,0
12,2025-12-04,2025-12-04 03:30:00,17.35,33.86,50.89,1
12,2025-12-04,2025-12-04 03:35:00,16.69,38.44,56.17,0
12,2025-12-04,2025-12-04 03:40:00,18.1,33.48,58.52,0
12,2025-12-04,2025-12-04 03:45:00,16.75,36.04,53.5,0
12,2025-12-04,2025-12-04 03:50:00,18.7,37.9,56.76,0
12,2025-12-04,2025-12-04 03:55:00,18.7,36.13,49.96,1
12,2025-12-04,2025-12-04 04:00:00,17.74,37.62,53.75,0
12,2025-12-04,2025-12-04 04:05:00,17.53,33.96,63.57,0
12,2025-12-04,2025-12-04 04:10:00,16.99,27.58,55.33,0
12,2025-12-04,2025-12-04 04:15:00,18.33,32.83,54.54,1
12,2025-12-04,2025-12-04 04:20:00,17.56,28.42,61.17,0
12,2025-12-04,2025-12-04 04:25:00,16.97,32.1,58.93,0
12,2025-12-04,2025-12-04 04:30:00,18.12,32.54,54.84,1
12,2025-12-04,2025-12-04 04:35:00,17.45,34.7,59.16,0
12,2025-12-04,2025-12-04 04:40:00,18.02,33.39,51.56,0
12,2025-12-04,2025-12-04 04:45:00,18.4,36.01,46.43,0
12,2025-12-04,2025-12-04 04:50:00,18.28,37.12,44.64,0
12,2025-12-04,2025-12-04 04:55:00,17.23,35.68,52.73,0
12,2025-12-04,2025-12-04 05:00:00,17.44,33.58,60.07,0
12,2025-12-04,2025-12-04 05:05:00,18.08,35.36,51.36,0
12,2025-12-04,2025-12-04 05:10:00,16.91,31.08,46.57,0
12,2025-12-04,2025-12-04 05:15:00,18.37,37.32,61.32,0
12,2025-12-04,2025-12-04 05:20:00,18.51,38.56,51.42,0
12,2025-12-04,2025-12-04 05:25:00,16.91,36.22,50.3,1
12,2025-12-04,2025-12-04 05:30:00,17.93,36.24,55.94,0
12,2025-12-04,2025-12-04 05:35:00,18.87,37.2,59.22,0
12,2025-12-04,2025-12-04 05:40:00,17.47,37.34,47.35,1
12,2025-12-04,2025-12-04 05:45:00,18.68,35.31,52.02,0
12,2025-12-04,2025-12-04 05:50:00,17.16,36.74,54.15,1
12,2025-12-04,2025-12-04 05:55:00,16.56,33.69,52.46,0
12,2025-12-04,2025-12-04 06:00:00,18.54,35.08,56.3,0
12,2025-12-04,2025-12-04 06:05:00,17.07,36.49,49.91,0
12,2025-12-04,2025-12-04 06:10:00,17.2,38.31,43.48,1
12,2025-12-04,2025-12-04 06:15:00,16.88,31.98,49.11,0
12,2025-12-04,2025-12-04 06:20:00,16.57,36.31,53.25,1
12,2025-12-04,2025-12-04 06:25:00,18.14,35.95,50.61,1
12,2025-12-04,2025-12-04 06:30:00,18.37,34.87,48.39,0
12,2025-12-04,2025-12-04 06:35:00,18.69,33.35,52.94,0
12,2025-12-04,2025-12-04 06:40:00,17.7,32.34,52.24,0
12,2025-12-04,2025-12-04 06:45:00,18.11,31.64,57.03,0
12,2025-12-04,2025-12-04 06:50:00,17.45,38.3,56.81,0
12,2025-12-04,2025-12-04 06:55:00,19.5,38.18,61.66,0
12,2025-12-04,2025-12-04 07:00:00,17.8,33.42,55.16,0
12,2025-12-04,2025-12-04 07:05:00,18.6,38.35,60.32,1
12,2025-12-04,2025-12-04 07:10:00,18.43,33.16,55.41,1
12,2025-12-04,2025-12-04 07:15:00,17.6,39.65,47.49,0
12,2025-12-04,2025-12-04 07:20:00,16.38,33.28,56.17,0
12,2025-12-04,2025-12-04 07:25:00,18.31,34.69,53.14,1
12,2025-12-04,2025-12-04 07:30:00,18.95,37.59,58.69,0
12,2025-12-04,2025-12-04 07:35:00,17.07,39.42,47.19,0
12,2025-12-04,2025-12-04 07:40:00,17.41,37.04,48.97,0
12,2025-12-04,2025-12-04 07:45:00,19.21,34.34,56.5,0
12,2025-12-04,2025-12-04 07:50:00,18.52,31.39,61.58,0
12,2025-12-04,2025-12-04 07:55:00,17.85,33.56,50.08,0
12,2025-12-04,2025-12-04 08:00:00,18.49,33.32,50.58,0
12,2025-12-04,2025-12-04 08:05:00,17.66,35.16,54.84,0
12,2025-12-04,2025-12-04 08:10:00,17.39,37.57,55.37,1
12,2025-12-04,2025-12-04 08:15:00,17.05,38.76,54.27,0
13,2025-12-05,2025-12-05 00:00:00,21.05,47.82,29.23,0
13,2025-12-05,2025-12-05 00:05:00,19.47,51.93,31.01,0
13,2025-12-05,2025-12-05 00:10:00,21.06,51.01,34.85,0
13,2025-12-05,2025-12-05 00:15:00,20.14,56.86,36.78,0
13,2025-12-05,2025-12-05 00:20:00,19.37,49.95,25.84,0
13,2025-12-05,2025-12-05 00:25:00,20.88,56.28,27.66,0
13,2025-12-05,2025-12-05 00:30:00,19.02,58.78,29.02,0
13,2025-12-05,2025-12-05 00:35:00,19.97,50.6,38.85,0
13,2025-12-05,2025-12-05 00:40:00,20.5,50.24,23.44,0
13,2025-12-05,2025-12-05 00:45:00,20.29,55.24,32.35,0
13,2025-12-05,2025-12-05 00:50:00,20.44,50.77,27.23,0
13,2025-12-05,2025-12-05 00:55:00,21.52,53.53,24.12,0
13,2025-12-05,2025-12-05 01:00:00,19.95,52.49,44.06,1
13,2025-12-05,2025-12-05 01:05:00,19.49,51.28,37.16,0
13,2025-12-05,2025-12-05 01:10:00,19.77,59.87,29.41,0
13,2025-12-05,2025-12-05 01:15:00,18.86,51.21,33.35,1
13,2025-12-05,2025-12-05 01:20:00,21.73,53.63,24.84,0
13,2025-12-05,2025-12-05 01:25:00,20.06,52.69,26.21,0
13,2025-12-05,2025-12-05 01:30:00,19.41,54.02,28.6,1
13,2025-12-05,2025-12-05 01:35:00,19.03,50.03,38.55,0
13,2025-12-05,2025-12-05 01:40:00,18.97,54.83,25.6,1
13,2025-12-05,2025-12-05 01:45:00,20.12,53.4,24.94,0
13,2025-12-05,2025-12-05 01:50:00,20.71,54.15,35.38,1
13,2025-12-05,2025-12-05 01:55:00,21.21,51.26,27.34,0
13,2025-12-05,2025-12-05 02:00:00,20.68,55.35,26.85,0
13,2025-12-05,2025-12-05 02:05:00,19.36,47.63,27.8,0
13,2025-12-05,2025-12-05 02:10:00,18.94,48.21,28.75,0
13,2025-12-05,2025-12-05 02:15:00,20.18,53.49,36.58,0
13,2025-12-05,2025-12-05 02:20:00,18.76,54.83,36.65,0
13,2025-12-05,2025-12-05 02:25:00,19.46,53.69,29.58,0
13,2025-12-05,2025-12-05 02:30:00,19.89,56.63,32.67,0
13,2025-12-05,2025-12-05 02:35:00,20.4,53.19,32.0,0
13,2025-12-05,2025-12-05 02:40:00,20.06,48.42,39.58,0
13,2025-12-05,2025-12-05 02:45:00,20.74,54.12,30.78,0
13,2025-12-05,2025-12-05 02:50:00,18.33,58.29,26.27,0
13,2025-12-05,2025-12-05 02:55:00,19.96,56.73,30.32,0
13,2025-12-05,2025-12-05 03:00:00,20.29,49.07,30.89,0
13,2025-12-05,2025-12-05 03:05:00,19.87,49.58,30.39,0
13,2025-12-05,2025-12-05 03:10:00,20.57,50.08,14.72,0
13,2025-12-05,2025-12-05 03:15:00,20.06,52.37,24.79,0
13,2025-12-05,2025-12-05 03:20:00,19.83,49.48,33.14,0
13,2025-12-05,2025-12-05 03:25:00,19.66,50.35,31.69,0
13,2025-12-05,2025-12-05 03:30:00,20.91,50.19,33.52,0
13,2025-12-05,2025-12-05 03:35:00,18.95,53.97,32.14,0
13,2025-12-05,2025-12-05 03:40:00,20.17,55.03,29.22,0
13,2025-12-05,2025-12-05 03:45:00,19.14,55.04,34.2,0
13,2025-12-05,2025-12-05 03:50:00,21.05,52.04,30.33,1
13,2025-12-05,2025-12-05 03:55:00,20.55,45.0,34.13,0
13,2025-12-05,2025-12-05 04:00:00,17.34,49.5,36.26,0
13,2025-12-05,2025-12-05 04:05:00,19.93,46.88,25.33,0
13,2025-12-05,2025-12-05 04:10:00,18.76,53.21,29.88,0
13,2025-12-05,2025-12-05 04:15:00,21.12,51.16,28.22,1
13,2025-12-05,2025-12-05 04:20:00,19.25,50.39,20.76,0
13,2025-12-05,2025-12-05 04:25:00,19.65,53.41,20.47,0
13,2025-12-05,2025-12-05 04:30:00,19.36,45.82,29.72,0
13,2025-12-05,2025-12-05 04:35:00,20.26,51.17,22.24,0
13,2025-12-05,2025-12-05 04:40:00,20.49,49.17,29.93,0
13,2025-12-05,2025-12-05 04:45:00,19.69,54.23,20.65,0
13,2025-12-05,2025-12-05 04:50:00,19.68,53.2,28.51,0
13,2025-12-05,2025-12-05 04:55:00,20.65,53.84,28.82,0
13,2025-12-05,2025-12-05 05:00:00,19.94,47.97,33.62,0
13,2025-12-05,2025-12-05 05:05:00,19.8,54.73,24.97,0
13,2025-12-05,2025-12-05 05:10:00,19.66,52.39,30.47,0
13,2025-12-05,2025-12-05 05:15:00,21.15,50.55,26.43,0
13,2025-12-05,2025-12-05 05:20:00,20.16,56.76,29.23,1
13,2025-12-05,2025-12-05 05:25:00,19.25,55.46,32.87,0
13,2025-12-05,2025-12-05 05:30:00,19.31,51.1,31.7,0
13,2025-12-05,2025-12-05 05:35:00,20.27,44.08,42.96,0
13,2025-12-05,2025-12-05 05:40:00,20.05,53.81,27.04,0
13,2025-12-05,2025-12-05 05:45:00,20.01,54.57,34.96,0
13,2025-12-05,2025-12-05 05:50:00,19.74,52.76,24.99,0
13,2025-12-05,2025-12-05 05:55:00,19.3,51.73,21.8,0
13,2025-12-05,2025-12-05 06:00:00,19.53,52.41,30.44,0
13,2025-12-05,2025-12-05 06:05:00,20.97,48.22,31.38,0
13,2025-12-05,2025-12-05 06:10:00,20.66,46.91,28.64,1
13,2025-12-05,2025-12-05 06:15:00,19.77,49.91,35.06,0
13,2025-12-05,2025-12-05 06:20:00,20.32,49.56,36.25,1
13,2025-12-05,2025-12-05 06:25:00,20.45,49.4,32.6,0
13,2025-12-05,2025-12-05 06:30:00,19.62,53.46,31.22,0
13,2025-12-05,2025-12-05 06:35:00,19.62,52.64,33.4,0
13,2025-12-05,2025-12-05 06:40:00,19.15,46.89,30.19,0
13,2025-12-05,2025-12-05 06:45:00,19.43,46.89,24.62,0
13,2025-12-05,2025-12-05 06:50:00,19.61,53.09,23.34,0
13,2025-12-05,2025-12-05 06:55:00,18.8,53.89,34.86,0
13,2025-12-05,2025-12-05 07:00:00,19.31,51.13,25.74,1
13,2025-12-05,2025-12-05 07:05:00,20.2,50.4,36.85,0
13,2025-12-05,2025-12-05 07:10:00,20.05,54.53,28.11,0
13,2025-12-05,2025-12-05 07:15:00,19.06,56.01,36.68,1
13,2025-12-05,2025-12-05 07:20:00,20.04,49.26,34.55,0
13,2025-12-05,2025-12-05 07:25:00,20.61,53.3,27.71,0
13,2025-12-05,2025-12-05 07:30:00,19.9,49.38,27.71,0
13,2025-12-05,2025-12-05 07:35:00,19.15,55.25,19.26,0
13,2025-12-05,2025-12-05 07:40:00,20.74,53.37,28.38,1
13,2025-12-05,2025-12-05 07:45:00,19.74,51.97,36.37,1
13,2025-12-05,2025-12-05 07:50:00,19.73,50.17,23.26,1
13,2025-12-05,2025-12-05 07:55:00,20.99,52.2,26.58,0
13,2025-12-05,2025-12-05 08:00:00,18.95,54.32,35.34,0
13,2025-12-05,2025-12-05 08:05:00,19.64,52.68,36.48,0
13,2025-12-05,2025-12-05 08:10:00,19.23,53.97,35.51,0
13,2025-12-05,2025-12-05 08:15:00,20.12,51.8,32.73,0
14,2025-12-06,2025-12-06 00:00:00,17.2,57.84,29.89,0
14,2025-12-06,2025-12-06 00:05:00,18.62,56.37,20.44,0
14,2025-12-06,2025-12-06 00:10:00,16.92,52.29,27.23,0
14,2025-12-06,2025-12-06 00:15:00,16.63,57.02,40.3,0
14,2025-12-06,2025-12-06 00:20:00,16.77,61.21,36.03,0
14,2025-12-06,2025-12-06 00:25:00,17.61,64.12,39.45,0
14,2025-12-06,2025-12-06 00:30:00,17.88,65.73,24.09,0
14,2025-12-06,2025-12-06 00:35:00,18.27,55.92,22.57,0
14,2025-12-06,2025-12-06 00:40:00,18.3,67.89,38.63,0
14,2025-12-06,2025-12-06 00:45:00,17.05,58.03,27.79,0
14,2025-12-06,2025-12-06 00:50:00,18.31,54.73,39.83,0
14,2025-12-06,2025-12-06 00:55:00,18.12,58.03,32.96,1
14,2025-12-06,2025-12-06 01:00:00,19.0,60.75,34.64,0
14,2025-12-06,2025-12-06 01:05:00,17.54,60.91,35.24,1
14,2025-12-06,2025-12-06 01:10:00,16.04,64.68,35.37,0
14,2025-12-06,2025-12-06 01:15:00,18.04,53.77,33.54,0
14,2025-12-06,2025-12-06 01:20:00,19.55,54.85,29.43,0
14,2025-12-06,2025-12-06 01:25:00,17.37,60.02,39.53,0
14,2025-12-06,2025-12-06 01:30:00,18.31,60.17,38.17,0
14,2025-12-06,2025-12-06 01:35:00,19.64,57.78,26.52,0
14,2025-12-06,2025-12-06 01:40:00,19.03,59.7,37.09,0
14,2025-12-06,2025-12-06 01:45:00,16.37,63.08,31.99,0
14,2025-12-06,2025-12-06 01:50:00,16.07,58.48,40.2,0
14,2025-12-06,2025-12-06 01:55:00,17.58,57.89,36.02,1
14,2025-12-06,2025-12-06 02:00:00,16.75,55.19,38.14,0
14,2025-12-06,2025-12-06 02:05:00,17.74,61.37,32.64,0
14,2025-12-06,2025-12-06 02:10:00,17.46,54.53,38.31,0
14,2025-12-06,2025-12-06 02:15:00,17.56,59.47,34.61,0
14,2025-12-06,2025-12-06 02:20:00,16.78,57.89,37.64,0
14,2025-12-06,2025-12-06 02:25:00,16.48,63.18,35.02,0
14,2025-12-06,2025-12-06 02:30:00,16.93,58.96,35.01,0
14,2025-12-06,2025-12-06 02:35:00,16.87,58.81,32.47,0
14,2025-12-06,2025-12-06 02:40:00,17.71,60.07,35.01,0
14,2025-12-06,2025-12-06 02:45:00,17.16,60.43,33.21,0
14,2025-12-06,2025-12-06 02:50:00,16.61,63.66,34.02,0
14,2025-12-06,2025-12-06 02:55:00,17.45,59.49,35.24,0
14,2025-12-06,2025-12-06 03:00:00,17.11,58.76,39.74,0
14,2025-12-06,2025-12-06 03:05:00,18.13,58.65,38.62,0
14,2025-12-06,2025-12-06 03:10:00,16.87,58.79,32.19,0
14,2025-12-06,2025-12-06 03:15:00,19.76,60.49,34.53,0
14,2025-12-06,2025-12-06 03:20:00,19.06,56.78,26.68,0
14,2025-12-06,2025-12-06 03:25:00,18.38,57.58,29.91,0
14,2025-12-06,2025-12-06 03:30:00,18.28,56.5,33.22,0
14,2025-12-06,2025-12-06 03:35:00,17.71,60.32,37.93,1
14,2025-12-06,2025-12-06 03:40:00,18.07,61.08,36.55,0
14,2025-12-06,2025-12-06 03:45:00,18.09,60.3,32.34,0
14,2025-12-06,2025-12-06 03:50:00,17.17,56.57,31.72,0
14,2025-12-06,2025-12-06 03:55:00,18.16,57.28,39.88,0
14,2025-12-06,2025-12-06 04:00:00,18.45,58.92,33.97,0
14,2025-12-06,2025-12-06 04:05:00,17.56,58.24,39.54,0
14,2025-12-06,2025-12-06 04:10:00,18.14,56.96,30.25,0
14,2025-12-06,2025-12-06 04:15:00,17.72,55.05,34.64,0
14,2025-12-06,2025-12-06 04:20:00,17.94,52.33,34.13,0
14,2025-12-06,2025-12-06 04:25:00,17.74,55.91,41.61,0
14,2025-12-06,2025-12-06 04:30:00,17.11,55.17,36.14,0
14,2025-12-06,2025-12-06 04:35:00,16.71,62.66,29.6,0
14,2025-12-06,2025-12-06 04:40:00,16.68,52.99,33.97,0
14,2025-12-06,2025-12-06 04:45:00,17.74,59.93,35.72,0
14,2025-12-06,2025-12-06 04:50:00,18.56,52.69,32.75,0
14,2025-12-06,2025-12-06 04:55:00,17.9,56.15,22.32,0
14,2025-12-06,2025-12-06 05:00:00,18.17,56.78,25.36,0
14,2025-12-06,2025-12-06 05:05:00,17.38,59.86,37.69,0
14,2025-12-06,2025-12-06 05:10:00,17.46,57.02,35.34,0
14,2025-12-06,2025-12-06 05:15:00,18.34,53.42,40.74,0
14,2025-12-06,2025-12-06 05:20:00,16.91,58.74,35.13,1
14,2025-12-06,2025-12-06 05:25:00,16.86,60.83,32.62,0
14,2025-12-06,2025-12-06 05:30:00,17.96,57.03,32.02,0
14,2025-12-06,2025-12-06 05:35:00,16.77,56.83,36.27,0
14,2025-12-06,2025-12-06 05:40:00,20.07,55.33,32.45,0
14,2025-12-06,2025-12-06 05:45:00,18.06,60.15,43.77,0
14,2025-12-06,2025-12-06 05:50:00,16.88,57.78,36.13,0
14,2025-12-06,2025-12-06 05:55:00,19.38,60.58,33.24,0
14,2025-12-06,2025-12-06 06:00:00,17.64,56.02,38.35,0
14,2025-12-06,2025-12-06 06:05:00,18.25,57.65,37.14,0
14,2025-12-06,2025-12-06 06:10:00,18.38,59.82,29.76,0
14,2025-12-06,2025-12-06 06:15:00,17.3,53.97,32.07,0
14,2025-12-06,2025-12-06 06:20:00,17.4,56.33,26.46,0
14,2025-12-06,2025-12-06 06:25:00,19.34,59.93,36.04,0
14,2025-12-06,2025-12-06 06:30:00,18.68,56.1,40.05,0
14,2025-12-06,2025-12-06 06:35:00,17.29,59.63,39.43,0
14,2025-12-06,2025-12-06 06:40:00,18.76,66.31,28.59,1
14,2025-12-06,2025-12-06 06:45:00,18.29,61.89,29.13,0
14,2025-12-06,2025-12-06 06:50:00,16.55,54.76,30.71,0
14,2025-12-06,2025-12-06 06:55:00,17.79,60.58,29.19,0
14,2025-12-06,2025-12-06 07:00:00,19.02,59.8,28.51,0
14,2025-12-06,2025-12-06 07:05:00,18.82,60.35,25.97,0
14,2025-12-06,2025-12-06 07:10:00,16.53,55.8,41.21,1
14,2025-12-06,2025-12-06 07:15:00,17.59,64.59,37.4,1
14,2025-12-06,2025-12-06 07:20:00,17.56,57.61,38.88,1
14,2025-12-06,2025-12-06 07:25:00,18.17,56.09,33.74,0
14,2025-12-06,2025-12-06 07:30:00,17.12,55.61,33.23,0
14,2025-12-06,2025-12-06 07:35:00,18.71,57.77,31.31,0
14,2025-12-06,2025-12-06 07:40:00,16.52,57.89,33.62,0
14,2025-12-06,2025-12-06 07:45:00,18.16,60.51,35.06,0
14,2025-12-06,2025-12-06 07:50:00,18.59,59.18,35.58,0
14,2025-12-06,2025-12-06 07:55:00,17.72,53.72,31.11,0
14,2025-12-06,2025-12-06 08:00:00,17.3,57.79,35.87,1
14,2025-12-06,2025-12-06 08:05:00,18.68,55.53,29.71,0
14,2025-12-06,2025-12-06 08:10:00,17.32,56.15,32.86,0
14,2025-12-06,2025-12-06 08:15:00,18.34,59.56,39.17,0
15,2025-12-07,2025-12-07 00:00:00,18.22,38.54,46.31,0
15,2025-12-07,2025-12-07 00:05:00,17.62,32.62,47.27,0
15,2025-12-07,2025-12-07 00:10:00,18.34,39.68,53.48,0
15,2025-12-07,2025-12-07 00:15:00,18.17,33.72,42.58,0
15,2025-12-07,2025-12-07 00:20:00,17.51,37.74,43.65,0
15,2025-12-07,2025-12-07 00:25:00,18.04,38.05,39.62,0
15,2025-12-07,2025-12-07 00:30:00,18.52,41.03,37.91,0
15,2025-12-07,2025-12-07 00:35:00,17.36,35.33,46.76,0
15,2025-12-07,2025-12-07 00:40:00,17.88,44.18,49.33,1
15,2025-12-07,2025-12-07 00:45:00,18.02,40.44,44.32,0
15,2025-12-07,2025-12-07 00:50:00,18.54,35.4,50.54,0
15,2025-12-07,2025-12-07 00:55:00,17.89,41.14,47.22,1
15,2025-12-07,2025-12-07 01:00:00,17.69,35.53,41.71,1
15,2025-12-07,2025-12-07 01:05:00,18.31,34.63,36.21,0
15,2025-12-07,2025-12-07 01:10:00,18.88,34.19,49.39,0
15,2025-12-07,2025-12-07 01:15:00,17.81,32.94,48.66,0
15,2025-12-07,2025-12-07 01:20:00,18.25,34.86,47.12,0
15,2025-12-07,2025-12-07 01:25:00,18.48,34.02,52.86,1
15,2025-12-07,2025-12-07 01:30:00,16.94,37.77,50.04,0
15,2025-12-07,2025-12-07 01:35:00,17.47,36.49,50.33,0
15,2025-12-07,2025-12-07 01:40:00,18.56,38.46,42.21,0
15,2025-12-07,2025-12-07 01:45:00,17.69,41.4,46.65,1
15,2025-12-07,2025-12-07 01:50:00,17.87,31.4,39.82,0
15,2025-12-07,2025-12-07 01:55:00,17.67,38.94,45.38,0
15,2025-12-07,2025-12-07 02:00:00,18.34,39.7,34.08,1
15,2025-12-07,2025-12-07 02:05:00,17.59,36.81,43.94,0
15,2025-12-07,2025-12-07 02:10:00,17.68,35.24,48.18,0
15,2025-12-07,2025-12-07 02:15:00,18.62,39.58,40.07,0
15,2025-12-07,2025-12-07 02:20:00,17.93,37.17,53.79,0
15,2025-12-07,2025-12-07 02:25:00,18.81,36.73,45.72,0
15,2025-12-07,2025-12-07 02:30:00,16.43,37.81,47.04,0
15,2025-12-07,2025-12-07 02:35:00,19.28,39.5,48.35,0
15,2025-12-07,2025-12-07 02:40:00,18.08,36.86,44.44,0
15,2025-12-07,2025-12-07 02:45:00,18.32,38.11,55.29,0
15,2025-12-07,2025-12-07 02:50:00,18.5,32.23,53.02,1
15,2025-12-07,2025-12-07 02:55:00,18.84,31.46,50.83,1
15,2025-12-07,2025-12-07 03:00:00,16.91,41.52,54.14,0
15,2025-12-07,2025-12-07 03:05:00,17.04,39.91,40.73,0
15,2025-12-07,2025-12-07 03:10:00,18.98,31.88,55.01,0
15,2025-12-07,2025-12-07 03:15:00,17.68,39.11,40.19,1
15,2025-12-07,2025-12-07 03:20:00,18.25,39.48,43.95,0
15,2025-12-07,2025-12-07 03:25:00,16.6,37.94,46.4,1
15,2025-12-07,2025-12-07 03:30:00,19.45,41.19,45.84,0
15,2025-12-07,2025-12-07 03:35:00,18.55,40.13,50.24,0
15,2025-12-07,2025-12-07 03:40:00,18.5,31.85,43.76,0
15,2025-12-07,2025-12-07 03:45:00,17.38,36.05,44.05,0
15,2025-12-07,2025-12-07 03:50:00,17.7,40.24,46.01,0
15,2025-12-07,2025-12-07 03:55:00,17.49,42.56,48.16,1
15,2025-12-07,2025-12-07 04:00:00,18.38,42.52,44.22,1
15,2025-12-07,2025-12-07 04:05:00,18.0,35.45,45.34,0
15,2025-12-07,2025-12-07 04:10:00,18.53,33.73,40.43,0
15,2025-12-07,2025-12-07 04:15:00,19.72,37.52,38.75,0
15,2025-12-07,2025-12-07 04:20:00,18.91,40.56,55.31,0
15,2025-12-07,2025-12-07 04:25:00,17.06,38.1,50.3,0
15,2025-12-07,2025-12-07 04:30:00,18.85,38.51,50.96,0
15,2025-12-07,2025-12-07 04:35:00,18.05,35.48,46.97,0
15,2025-12-07,2025-12-07 04:40:00,18.33,37.86,57.19,0
15,2025-12-07,2025-12-07 04:45:00,18.19,39.44,42.11,0
15,2025-12-07,2025-12-07 04:50:00,17.03,38.59,44.71,0
15,2025-12-07,2025-12-07 04:55:00,17.11,36.61,48.07,0
15,2025-12-07,2025-12-07 05:00:00,18.25,34.79,51.31,0
15,2025-12-07,2025-12-07 05:05:00,19.64,42.12,43.48,0
15,2025-12-07,2025-12-07 05:10:00,19.76,37.92,39.5,0
15,2025-12-07,2025-12-07 05:15:00,18.77,36.36,49.02,0
15,2025-12-07,2025-12-07 05:20:00,18.94,39.58,39.89,0
15,2025-12-07,2025-12-07 05:25:00,18.56,37.98,51.96,0
15,2025-12-07,2025-12-07 05:30:00,17.87,40.92,47.49,1
15,2025-12-07,2025-12-07 05:35:00,16.9,40.6,55.94,1
15,2025-12-07,2025-12-07 05:40:00,18.08,35.47,45.95,0
15,2025-12-07,2025-12-07 05:45:00,18.78,38.11,45.47,0
15,2025-12-07,2025-12-07 05:50:00,17.94,39.14,57.07,0
15,2025-12-07,2025-12-07 05:55:00,17.64,43.77,46.62,1
15,2025-12-07,2025-12-07 06:00:00,19.2,41.95,48.86,0
15,2025-12-07,2025-12-07 06:05:00,17.63,39.07,48.6,0
15,2025-12-07,2025-12-07 06:10:00,17.77,34.23,53.77,0
15,2025-12-07,2025-12-07 06:15:00,18.47,40.98,44.31,0
15,2025-12-07,2025-12-07 06:20:00,16.46,37.43,55.1,0
15,2025-12-07,2025-12-07 06:25:00,18.46,42.96,51.8,0
15,2025-12-07,2025-12-07 06:30:00,16.66,37.73,46.57,1
15,2025-12-07,2025-12-07 06:35:00,16.71,42.75,43.75,0
15,2025-12-07,2025-12-07 06:40:00,18.21,38.58,43.58,0
15,2025-12-07,2025-12-07 06:45:00,18.54,37.15,39.92,0
15,2025-12-07,2025-12-07 06:50:00,17.43,40.79,47.92,0
15,2025-12-07,2025-12-07 06:55:00,18.61,46.11,47.33,0
15,2025-12-07,2025-12-07 07:00:00,19.04,28.0,49.36,0
15,2025-12-07,2025-12-07 07:05:00,17.64,39.7,44.61,1
15,2025-12-07,2025-12-07 07:10:00,17.89,40.14,47.39,0
15,2025-12-07,2025-12-07 07:15:00,17.11,36.93,39.63,0
15,2025-12-07,2025-12-07 07:20:00,17.84,42.89,44.43,0
15,2025-12-07,2025-12-07 07:25:00,17.4,39.61,41.87,0
15,2025-12-07,2025-12-07 07:30:00,18.24,39.04,44.39,0
15,2025-12-07,2025-12-07 07:35:00,17.71,38.3,50.17,0
15,2025-12-07,2025-12-07 07:40:00,17.54,38.39,37.01,0
15,2025-12-07,2025-12-07 07:45:00,18.45,41.54,48.6,0
15,2025-12-07,2025-12-07 07:50:00,19.03,37.82,38.09,0
15,2025-12-07,2025-12-07 07:55:00,18.22,41.19,49.09,0
15,2025-12-07,2025-12-07 08:00:00,18.3,39.58,46.02,1
15,2025-12-07,2025-12-07 08:05:00,18.32,40.29,37.58,0
15,2025-12-07,2025-12-07 08:10:00,16.71,37.51,49.94,0
15,2025-12-07,2025-12-07 08:15:00,17.18,37.27,41.03,0
16,2025-12-08,2025-12-08 00:00:00,17.37,39.75,59.03,0
16,2025-12-08,2025-12-08 00:05:00,17.33,40.26,52.25,0
16,2025-12-08,2025-12-08 00:10:00,16.98,39.92,55.61,0
16,2025-12-08,2025-12-08 00:15:00,16.69,48.89,55.32,0
16,2025-12-08,2025-12-08 00:20:00,17.18,40.23,53.83,0
16,2025-12-08,2025-12-08 00:25:00,16.7,32.81,52.87,0
16,2025-12-08,2025-12-08 00:30:00,17.33,36.49,56.77,0
16,2025-12-08,2025-12-08 00:35:00,17.22,42.52,50.54,0
16,2025-12-08,2025-12-08 00:40:00,17.51,41.17,49.01,0
16,2025-12-08,2025-12-08 00:45:00,16.36,37.43,63.79,1
16,2025-12-08,2025-12-08 00:50:00,17.65,34.75,63.36,0
16,2025-12-08,2025-12-08 00:55:00,17.35,37.9,50.83,0
16,2025-12-08,2025-12-08 01:00:00,17.73,35.71,56.18,1
16,2025-12-08,2025-12-08 01:05:00,17.2,33.07,55.29,0
16,2025-12-08,2025-12-08 01:10:00,17.85,45.92,53.23,0
16,2025-12-08,2025-12-08 01:15:00,17.96,48.07,41.96,0
16,2025-12-08,2025-12-08 01:20:00,16.18,32.1,55.4,0
16,2025-12-08,2025-12-08 01:25:00,17.6,39.61,50.95,0
16,2025-12-08,2025-12-08 01:30:00,17.89,37.67,55.39,0
16,2025-12-08,2025-12-08 01:35:00,17.29,45.36,43.05,0
16,2025-12-08,2025-12-08 01:40:00,15.64,38.54,67.43,0
16,2025-12-08,2025-12-08 01:45:00,17.3,40.5,57.28,0
16,2025-12-08,2025-12-08 01:50:00,17.66,37.1,41.74,0
16,2025-12-08,2025-12-08 01:55:00,18.03,39.2,49.7,0
16,2025-12-08,2025-12-08 02:00:00,17.51,40.43,48.34,0
16,2025-12-08,2025-12-08 02:05:00,18.44,45.21,49.19,0
16,2025-12-08,2025-12-08 02:10:00,17.61,43.71,52.74,0
16,2025-12-08,2025-12-08 02:15:00,17.39,40.56,57.25,0
16,2025-12-08,2025-12-08 02:20:00,17.63,38.36,44.39,0
16,2025-12-08,2025-12-08 02:25:00,18.64,41.61,48.39,1
16,2025-12-08,2025-12-08 02:30:00,17.77,36.03,46.45,0
16,2025-12-08,2025-12-08 02:35:00,15.79,39.44,60.46,0
16,2025-12-08,2025-12-08 02:40:00,16.75,37.93,55.13,0
16,2025-12-08,2025-12-08 02:45:00,17.11,36.9,61.78,0
16,2025-12-08,2025-12-08 02:50:00,15.71,38.07,52.41,0
16,2025-12-08,2025-12-08 02:55:00,16.98,35.91,58.72,0
16,2025-12-08,2025-12-08 03:00:00,17.03,37.82,50.63,0
16,2025-12-08,2025-12-08 03:05:00,16.93,40.63,49.44,0
16,2025-12-08,2025-12-08 03:10:00,17.77,36.89,60.27,0
16,2025-12-08,2025-12-08 03:15:00,16.7,41.97,47.58,0
16,2025-12-08,2025-12-08 03:20:00,15.56,43.8,57.28,1
16,2025-12-08,2025-12-08 03:25:00,16.28,35.45,51.51,0
16,2025-12-08,2025-12-08 03:30:00,15.67,38.57,52.78,0
16,2025-12-08,2025-12-08 03:35:00,18.06,42.92,52.01,0
16,2025-12-08,2025-12-08 03:40:00,16.23,42.87,54.11,0
16,2025-12-08,2025-12-08 03:45:00,18.36,45.9,53.74,0
16,2025-12-08,2025-12-08 03:50:00,17.36,42.8,49.45,0
16,2025-12-08,2025-12-08 03:55:00,17.17,31.93,53.43,0
16,2025-12-08,2025-12-08 04:00:00,17.89,39.36,60.21,0
16,2025-12-08,2025-12-08 04:05:00,17.81,34.66,48.72,0
16,2025-12-08,2025-12-08 04:10:00,18.0,36.32,60.18,0
16,2025-12-08,2025-12-08 04:15:00,17.61,40.11,48.6,1
16,2025-12-08,2025-12-08 04:20:00,16.08,37.04,57.28,0
16,2025-12-08,2025-12-08 04:25:00,17.62,40.38,49.43,0
16,2025-12-08,2025-12-08 04:30:00,16.71,37.23,54.43,0
16,2025-12-08,2025-12-08 04:35:00,15.63,37.1,60.53,0
16,2025-12-08,2025-12-08 04:40:00,18.48,46.32,47.31,0
16,2025-12-08,2025-12-08 04:45:00,18.1,38.75,51.9,0
16,2025-12-08,2025-12-08 04:50:00,17.88,42.12,50.91,0
16,2025-12-08,2025-12-08 04:55:00,18.42,35.91,51.78,0
16,2025-12-08,2025-12-08 05:00:00,17.59,39.7,50.33,0
16,2025-12-08,2025-12-08 05:05:00,18.13,40.39,54.51,0
16,2025-12-08,2025-12-08 05:10:00,17.13,45.78,49.85,0
16,2025-12-08,2025-12-08 05:15:00,19.17,49.34,58.39,0
16,2025-12-08,2025-12-08 05:20:00,18.17,43.29,55.61,0
16,2025-12-08,2025-12-08 05:25:00,17.01,39.3,52.03,0
16,2025-12-08,2025-12-08 05:30:00,17.84,37.71,62.18,1
16,2025-12-08,2025-12-08 05:35:00,17.98,42.66,59.98,0
16,2025-12-08,2025-12-08 05:40:00,19.08,40.8,61.87,0
16,2025-12-08,2025-12-08 05:45:00,17.03,41.12,57.69,1
16,2025-12-08,2025-12-08 05:50:00,16.69,41.18,58.24,0
16,2025-12-08,2025-12-08 05:55:00,17.62,36.55,56.71,0
16,2025-12-08,2025-12-08 06:00:00,16.59,37.73,49.21,1
16,2025-12-08,2025-12-08 06:05:00,17.05,35.32,51.02,0
16,2025-12-08,2025-12-08 06:10:00,18.4,37.11,53.62,1
16,2025-12-08,2025-12-08 06:15:00,17.84,36.09,55.05,0
16,2025-12-08,2025-12-08 06:20:00,19.23,40.2,53.18,1
16,2025-12-08,2025-12-08 06:25:00,18.26,39.4,62.21,0
16,2025-12-08,2025-12-08 06:30:00,17.23,39.97,59.28,0
16,2025-12-08,2025-12-08 06:35:00,16.28,39.49,51.84,0
16,2025-12-08,2025-12-08 06:40:00,16.18,38.35,56.43,0
16,2025-12-08,2025-12-08 06:45:00,16.77,37.77,48.8,0
16,2025-12-08,2025-12-08 06:50:00,18.14,42.07,58.69,0
16,2025-12-08,2025-12-08 06:55:00,18.46,38.56,54.46,0
16,2025-12-08,2025-12-08 07:00:00,17.49,44.22,47.19,0
16,2025-12-08,2025-12-08 07:05:00,16.8,41.87,55.87,0
16,2025-12-08,2025-12-08 07:10:00,17.76,44.12,54.29,0
16,2025-12-08,2025-12-08 07:15:00,18.31,44.24,56.32,1
16,2025-12-08,2025-12-08 07:20:00,17.52,41.79,52.09,0
16,2025-12-08,2025-12-08 07:25:00,19.4,41.91,58.05,0
16,2025-12-08,2025-12-08 07:30:00,18.18,38.13,56.8,1
16,2025-12-08,2025-12-08 07:35:00,16.28,37.12,62.6,0
16,2025-12-08,2025-12-08 07:40:00,16.46,36.94,47.23,0
16,2025-12-08,2025-12-08 07:45:00,18.55,39.79,51.54,0
16,2025-12-08,2025-12-08 07:50:00,18.46,40.02,53.44,0
16,2025-12-08,2025-12-08 07:55:00,17.22,37.32,53.45,1
16,2025-12-08,2025-12-08 08:00:00,17.7,39.5,57.64,0
16,2025-12-08,2025-12-08 08:05:00,17.56,40.82,55.14,0
16,2025-12-08,2025-12-08 08:10:00,17.35,37.01,54.28,0
16,2025-12-08,2025-12-08 08:15:00,18.08,41.74,55.06,0
17,2025-12-09,2025-12-09 00:00:00,20.06,30.18,41.39,0
17,2025-12-09,2025-12-09 00:05:00,18.16,33.96,39.48,0
17,2025-12-09,2025-12-09 00:10:00,18.89,33.72,39.3,0
17,2025-12-09,2025-12-09 00:15:00,19.97,34.83,38.93,0
17,2025-12-09,2025-12-09 00:20:00,20.03,28.66,42.1,0
17,2025-12-09,2025-12-09 00:25:00,19.04,35.88,50.6,0
17,2025-12-09,2025-12-09 00:30:00,19.0,31.6,43.27,0
17,2025-12-09,2025-12-09 00:35:00,21.11,29.95,37.38,0
17,2025-12-09,2025-12-09 00:40:00,19.68,32.43,28.95,0
17,2025-12-09,2025-12-09 00:45:00,20.58,32.31,46.53,0
17,2025-12-09,2025-12-09 00:50:00,20.72,38.99,41.3,0
17,2025-12-09,2025-12-09 00:55:00,18.51,30.04,38.76,0
17,2025-12-09,2025-12-09 01:00:00,19.08,31.33,44.69,1
17,2025-12-09,2025-12-09 01:05:00,19.2,31.89,38.52,0
17,2025-12-09,2025-12-09 01:10:00,18.32,32.69,33.42,0
17,2025-12-09,2025-12-09 01:15:00,20.37,37.1,40.05,0
17,2025-12-09,2025-12-09 01:20:00,20.23,26.59,36.4,1
17,2025-12-09,2025-12-09 01:25:00,19.34,31.89,37.06,0
17,2025-12-09,2025-12-09 01:30:00,18.91,36.94,44.09,0
17,2025-12-09,2025-12-09 01:35:00,20.5,32.18,39.37,0
17,2025-12-09,2025-12-09 01:40:00,20.56,33.52,37.91,0
17,2025-12-09,2025-12-09 01:45:00,19.64,35.61,37.73,0
17,2025-12-09,2025-12-09 01:50:00,19.62,26.69,34.13,0
17,2025-12-09,2025-12-09 01:55:00,18.39,31.46,41.32,0
17,2025-12-09,2025-12-09 02:00:00,18.48,35.43,36.79,0
17,2025-12-09,2025-12-09 02:05:00,18.56,39.24,52.45,0
17,2025-12-09,2025-12-09 02:10:00,20.92,28.72,53.91,1
17,2025-12-09,2025-12-09 02:15:00,18.17,30.93,36.59,0
17,2025-12-09,2025-12-09 02:20:00,18.79,31.43,50.22,0
17,2025-12-09,2025-12-09 02:25:00,19.67,35.96,42.95,0
17,2025-12-09,2025-12-09 02:30:00,18.3,32.16,44.08,0
17,2025-12-09,2025-12-09 02:35:00,20.43,34.85,39.95,0
17,2025-12-09,2025-12-09 02:40:00,19.29,36.21,48.33,0
17,2025-12-09,2025-12-09 02:45:00,19.64,30.47,43.38,0
17,2025-12-09,2025-12-09 02:50:00,20.29,29.0,51.95,0
17,2025-12-09,2025-12-09 02:55:00,18.81,30.55,45.6,0
17,2025-12-09,2025-12-09 03:00:00,20.06,36.58,36.99,0
17,2025-12-09,2025-12-09 03:05:00,18.98,40.27,44.62,0
17,2025-12-09,2025-12-09 03:10:00,17.87,31.15,46.91,0
17,2025-12-09,2025-12-09 03:15:00,19.87,29.35,41.46,0
17,2025-12-09,2025-12-09 03:20:00,19.87,32.78,43.87,0
17,2025-12-09,2025-12-09 03:25:00,19.14,32.58,47.96,0
17,2025-12-09,2025-12-09 03:30:00,19.43,33.15,39.24,0
17,2025-12-09,2025-12-09 03:35:00,19.35,31.15,43.54,0
17,2025-12-09,2025-12-09 03:40:00,19.59,30.99,37.91,1
17,2025-12-09,2025-12-09 03:45:00,19.99,28.73,43.4,1
17,2025-12-09,2025-12-09 03:50:00,20.31,35.06,38.52,0
17,2025-12-09,2025-12-09 03:55:00,20.17,29.24,46.61,0
17,2025-12-09,2025-12-09 04:00:00,20.19,34.36,50.26,0
17,2025-12-09,2025-12-09 04:05:00,19.47,28.79,46.51,0
17,2025-12-09,2025-12-09 04:10:00,19.08,31.31,38.76,0
17,2025-12-09,2025-12-09 04:15:00,19.11,35.24,48.75,0
17,2025-12-09,2025-12-09 04:20:00,19.76,34.69,49.62,0
17,2025-12-09,2025-12-09 04:25:00,19.1,32.16,43.26,0
17,2025-12-09,2025-12-09 04:30:00,21.32,30.0,46.57,0
17,2025-12-09,2025-12-09 04:35:00,18.79,39.34,40.47,0
17,2025-12-09,2025-12-09 04:40:00,19.65,35.29,45.13,0
17,2025-12-09,2025-12-09 04:45:00,20.02,30.89,36.05,0
17,2025-12-09,2025-12-09 04:50:00,19.77,27.72,40.42,0
17,2025-12-09,2025-12-09 04:55:00,20.56,31.03,41.67,0
17,2025-12-09,2025-12-09 05:00:00,19.43,30.89,41.1,1
17,2025-12-09,2025-12-09 05:05:00,20.4,29.58,42.54,0
17,2025-12-09,2025-12-09 05:10:00,20.44,34.23,34.84,0
17,2025-12-09,2025-12-09 05:15:00,18.83,40.7,37.92,0
17,2025-12-09,2025-12-09 05:20:00,19.65,31.33,40.11,0
17,2025-12-09,2025-12-09 05:25:00,18.09,26.42,35.62,0
17,2025-12-09,2025-12-09 05:30:00,20.38,33.88,46.23,0
17,2025-12-09,2025-12-09 05:35:00,18.52,31.62,31.61,0
17,2025-12-09,2025-12-09 05:40:00,19.36,30.98,44.68,0
17,2025-12-09,2025-12-09 05:45:00,19.11,31.85,48.61,0
17,2025-12-09,2025-12-09 05:50:00,19.68,33.65,41.83,0
17,2025-12-09,2025-12-09 05:55:00,18.59,30.82,42.48,0
17,2025-12-09,2025-12-09 06:00:00,18.64,33.68,51.62,0
17,2025-12-09,2025-12-09 06:05:00,19.63,26.54,43.09,1
17,2025-12-09,2025-12-09 06:10:00,18.88,37.54,47.98,0
17,2025-12-09,2025-12-09 06:15:00,18.92,32.71,36.68,0
17,2025-12-09,2025-12-09 06:20:00,18.95,33.25,36.66,0
17,2025-12-09,2025-12-09 06:25:00,20.4,31.26,45.63,0
17,2025-12-09,2025-12-09 06:30:00,19.94,32.61,50.52,0
17,2025-12-09,2025-12-09 06:35:00,18.83,33.68,42.62,0
17,2025-12-09,2025-12-09 06:40:00,19.14,31.27,47.94,0
17,2025-12-09,2025-12-09 06:45:00,20.74,33.84,41.97,0
17,2025-12-09,2025-12-09 06:50:00,19.84,27.41,45.97,0
17,2025-12-09,2025-12-09 06:55:00,18.97,36.42,40.78,1
17,2025-12-09,2025-12-09 07:00:00,19.48,29.31,31.48,0
17,2025-12-09,2025-12-09 07:05:00,19.37,32.77,41.48,0
17,2025-12-09,2025-12-09 07:10:00,20.07,30.86,42.79,0
17,2025-12-09,2025-12-09 07:15:00,20.79,28.21,47.62,0
17,2025-12-09,2025-12-09 07:20:00,19.31,30.57,43.28,0
17,2025-12-09,2025-12-09 07:25:00,20.25,31.54,47.96,0
17,2025-12-09,2025-12-09 07:30:00,19.24,28.63,48.82,0
17,2025-12-09,2025-12-09 07:35:00,18.71,30.27,43.73,0
17,2025-12-09,2025-12-09 07:40:00,20.18,31.94,50.68,0
17,2025-12-09,2025-12-09 07:45:00,18.75,29.81,40.7,0
17,2025-12-09,2025-12-09 07:50:00,18.0,35.34,57.42,0
17,2025-12-09,2025-12-09 07:55:00,19.9,35.47,38.56,1
17,2025-12-09,2025-12-09 08:00:00,19.43,34.62,32.79,0
17,2025-12-09,2025-12-09 08:05:00,20.26,34.47,55.6,0
17,2025-12-09,2025-12-09 08:10:00,20.78,31.68,38.85,0
17,2025-12-09,2025-12-09 08:15:00,19.81,35.23,46.43,0
18,2025-12-10,2025-12-10 00:00:00,16.02,50.23,51.46,0
18,2025-12-10,2025-12-10 00:05:00,15.1,53.7,46.2,0
18,2025-12-10,2025-12-10 00:10:00,16.92,50.53,51.66,0
18,2025-12-10,2025-12-10 00:15:00,16.46,53.01,41.84,0
18,2025-12-10,2025-12-10 00:20:00,15.09,55.58,53.08,0
18,2025-12-10,2025-12-10 00:25:00,16.77,53.08,58.02,0
18,2025-12-10,2025-12-10 00:30:00,13.91,52.32,43.58,0
18,2025-12-10,2025-12-10 00:35:00,16.01,53.99,36.62,0
18,2025-12-10,2025-12-10 00:40:00,15.8,51.18,45.42,1
18,2025-12-10,2025-12-10 00:45:00,15.43,49.96,46.33,0
18,2025-12-10,2025-12-10 00:50:00,16.53,52.69,53.02,0
18,2025-12-10,2025-12-10 00:55:00,17.07,52.76,48.08,0
18,2025-12-10,2025-12-10 01:00:00,15.31,53.39,42.74,0
18,2025-12-10,2025-12-10 01:05:00,15.25,41.54,51.3,0
18,2025-12-10,2025-12-10 01:10:00,16.13,50.2,37.42,1
18,2025-12-10,2025-12-10 01:15:00,15.41,53.15,47.45,0
18,2025-12-10,2025-12-10 01:20:00,16.39,49.06,43.92,0
18,2025-12-10,2025-12-10 01:25:00,14.95,50.89,45.93,1
18,2025-12-10,2025-12-10 01:30:00,15.98,54.64,48.75,0
18,2025-12-10,2025-12-10 01:35:00,17.19,55.56,43.63,0
18,2025-12-10,2025-12-10 01:40:00,16.05,53.43,52.7,0
18,2025-12-10,2025-12-10 01:45:00,15.91,47.42,46.42,0
18,2025-12-10,2025-12-10 01:50:00,17.78,49.9,46.11,0
18,2025-12-10,2025-12-10 01:55:00,16.99,47.85,40.5,0
18,2025-12-10,2025-12-10 02:00:00,15.84,52.04,43.97,0
18,2025-12-10,2025-12-10 02:05:00,14.83,50.38,53.05,0
18,2025-12-10,2025-12-10 02:10:00,15.36,52.11,44.24,0
18,2025-12-10,2025-12-10 02:15:00,15.13,52.85,53.07,0
18,2025-12-10,2025-12-10 02:20:00,15.67,49.48,36.49,0
18,2025-12-10,2025-12-10 02:25:00,17.46,52.78,40.34,1
18,2025-12-10,2025-12-10 02:30:00,16.02,46.2,41.27,0
18,2025-12-10,2025-12-10 02:35:00,16.22,54.06,48.76,0
18,2025-12-10,2025-12-10 02:40:00,15.09,57.9,49.16,0
18,2025-12-10,2025-12-10 02:45:00,16.07,44.61,54.72,0
18,2025-12-10,2025-12-10 02:50:00,14.17,51.88,47.15,0
18,2025-12-10,2025-12-10 02:55:00,16.04,48.03,44.61,0
18,2025-12-10,2025-12-10 03:00:00,16.37,55.67,42.37,0
18,2025-12-10,2025-12-10 03:05:00,16.42,48.83,41.59,0
18,2025-12-10,2025-12-10 03:10:00,15.75,49.02,41.52,0
18,2025-12-10,2025-12-10 03:15:00,15.75,49.29,46.0,1
18,2025-12-10,2025-12-10 03:20:00,15.75,51.18,39.83,0
18,2025-12-10,2025-12-10 03:25:00,17.51,53.1,39.64,0
18,2025-12-10,2025-12-10 03:30:00,16.51,48.5,50.85,0
18,2025-12-10,2025-12-10 03:35:00,16.23,53.28,50.74,0
18,2025-12-10,2025-12-10 03:40:00,15.63,56.76,38.97,1
18,2025-12-10,2025-12-10 03:45:00,17.3,52.0,44.89,1
18,2025-12-10,2025-12-10 03:50:00,16.74,49.41,49.64,0
18,2025-12-10,2025-12-10 03:55:00,13.9,49.96,36.67,0
18,2025-12-10,2025-12-10 04:00:00,16.38,53.41,46.52,0
18,2025-12-10,2025-12-10 04:05:00,15.54,51.74,44.9,1
18,2025-12-10,2025-12-10 04:10:00,16.82,53.64,45.47,0
18,2025-12-10,2025-12-10 04:15:00,15.35,52.74,42.87,0
18,2025-12-10,2025-12-10 04:20:00,16.64,51.15,45.4,0
18,2025-12-10,2025-12-10 04:25:00,16.18,49.12,36.44,0
18,2025-12-10,2025-12-10 04:30:00,16.45,49.2,44.13,0
18,2025-12-10,2025-12-10 04:35:00,16.44,55.24,50.0,0
18,2025-12-10,2025-12-10 04:40:00,15.16,48.83,51.28,0
18,2025-12-10,2025-12-10 04:45:00,15.95,47.83,44.04,0
18,2025-12-10,2025-12-10 04:50:00,15.74,51.4,52.63,0
18,2025-12-10,2025-12-10 04:55:00,15.84,53.5,46.53,0
18,2025-12-10,2025-12-10 05:00:00,17.22,52.16,35.5,0
18,2025-12-10,2025-12-10 05:05:00,16.44,51.08,50.32,1
18,2025-12-10,2025-12-10 05:10:00,17.46,53.88,48.16,0
18,2025-12-10,2025-12-10 05:15:00,16.94,55.54,45.64,0
18,2025-12-10,2025-12-10 05:20:00,15.42,50.63,40.1,0
18,2025-12-10,2025-12-10 05:25:00,17.5,49.9,46.29,0
18,2025-12-10,2025-12-10 05:30:00,16.56,52.83,49.38,0
18,2025-12-10,2025-12-10 05:35:00,16.33,53.78,45.73,1
18,2025-12-10,2025-12-10 05:40:00,14.7,50.13,37.48,0
18,2025-12-10,2025-12-10 05:45:00,14.87,53.28,43.21,0
18,2025-12-10,2025-12-10 05:50:00,15.3,52.86,42.79,0
18,2025-12-10,2025-12-10 05:55:00,15.92,52.54,46.76,0
18,2025-12-10,2025-12-10 06:00:00,14.52,44.15,47.05,0
18,2025-12-10,2025-12-10 06:05:00,16.46,54.03,47.55,0
18,2025-12-10,2025-12-10 06:10:00,16.72,50.72,46.81,0
18,2025-12-10,2025-12-10 06:15:00,17.4,52.18,34.55,0
18,2025-12-10,2025-12-10 06:20:00,17.39,49.42,45.16,0
18,2025-12-10,2025-12-10 06:25:00,16.1,56.34,41.2,0
18,2025-12-10,2025-12-10 06:30:00,16.77,52.28,49.44,1
18,2025-12-10,2025-12-10 06:35:00,15.94,50.56,43.48,1
18,2025-12-10,2025-12-10 06:40:00,17.03,51.33,45.61,0
18,2025-12-10,2025-12-10 06:45:00,15.86,50.04,48.85,0
18,2025-12-10,2025-12-10 06:50:00,15.19,53.37,44.88,0
18,2025-12-10,2025-12-10 06:55:00,15.71,52.92,48.09,0
18,2025-12-10,2025-12-10 07:00:00,17.3,56.02,43.91,0
18,2025-12-10,2025-12-10 07:05:00,17.05,52.09,36.8,0
18,2025-12-10,2025-12-10 07:10:00,15.38,50.93,40.77,0
18,2025-12-10,2025-12-10 07:15:00,16.62,47.03,43.04,0
18,2025-12-10,2025-12-10 07:20:00,15.4,44.98,38.2,0
18,2025-12-10,2025-12-10 07:25:00,16.21,50.78,50.33,0
18,2025-12-10,2025-12-10 07:30:00,16.07,49.67,55.28,0
18,2025-12-10,2025-12-10 07:35:00,17.54,49.64,41.72,0
18,2025-12-10,2025-12-10 07:40:00,14.87,51.27,44.46,0
18,2025-12-10,2025-12-10 07:45:00,15.72,52.19,54.45,0
18,2025-12-10,2025-12-10 07:50:00,16.38,47.78,49.96,0
18,2025-12-10,2025-12-10 07:55:00,14.65,51.06,44.72,0
18,2025-12-10,2025-12-10 08:00:00,17.57,48.75,57.53,1
18,2025-12-10,2025-12-10 08:05:00,16.42,48.93,57.63,0
18,2025-12-10,2025-12-10 08:10:00,15.17,49.04,45.48,0
18,2025-12-10,2025-12-10 08:15:00,14.69,49.02,45.35,0
19,2025-12-11,2025-12-11 00:00:00,21.4,38.15,45.37,0
19,2025-12-11,2025-12-11 00:05:00,21.61,38.65,50.08,0
19,2025-12-11,2025-12-11 00:10:00,20.01,40.82,49.88,0
19,2025-12-11,2025-12-11 00:15:00,20.4,34.64,42.65,0
19,2025-12-11,2025-12-11 00:20:00,19.98,37.02,40.62,0
19,2025-12-11,2025-12-11 00:25:00,21.32,39.25,44.7,0
19,2025-12-11,2025-12-11 00:30:00,22.0,43.32,36.92,0
19,2025-12-11,2025-12-11 00:35:00,19.12,41.72,62.57,0
19,2025-12-11,2025-12-11 00:40:00,20.83,36.17,41.8,0
19,2025-12-11,2025-12-11 00:45:00,20.03,36.52,39.3,0
19,2025-12-11,2025-12-11 00:50:00,20.32,38.66,46.3,1
19,2025-12-11,2025-12-11 00:55:00,22.28,39.95,42.59,0
19,2025-12-11,2025-12-11 01:00:00,20.43,35.75,42.28,0
19,2025-12-11,2025-12-11 01:05:00,20.07,32.36,51.62,1
19,2025-12-11,2025-12-11 01:10:00,21.23,36.51,40.42,1
19,2025-12-11,2025-12-11 01:15:00,20.32,41.89,38.49,0
19,2025-12-11,2025-12-11 01:20:00,20.25,28.64,42.88,0
19,2025-12-11,2025-12-11 01:25:00,20.83,39.98,41.34,0
19,2025-12-11,2025-12-11 01:30:00,19.81,37.86,39.52,0
19,2025-12-11,2025-12-11 01:35:00,20.66,36.34,49.19,0
19,2025-12-11,2025-12-11 01:40:00,20.41,42.14,43.67,0
19,2025-12-11,2025-12-11 01:45:00,20.39,37.4,49.75,0
19,2025-12-11,2025-12-11 01:50:00,21.18,43.62,49.96,0
19,2025-12-11,2025-12-11 01:55:00,19.15,37.58,48.44,0
19,2025-12-11,2025-12-11 02:00:00,19.83,33.87,40.79,0
19,2025-12-11,2025-12-11 02:05:00,19.64,38.97,53.95,1
19,2025-12-11,2025-12-11 02:10:00,20.64,36.91,48.77,0
19,2025-12-11,2025-12-11 02:15:00,20.77,42.03,46.08,0
19,2025-12-11,2025-12-11 02:20:00,20.83,39.06,41.15,0
19,2025-12-11,2025-12-11 02:25:00,22.2,38.51,49.06,0
19,2025-12-11,2025-12-11 02:30:00,20.49,44.55,43.47,0
19,2025-12-11,2025-12-11 02:35:00,20.34,44.42,50.74,0
19,2025-12-11,2025-12-11 02:40:00,20.88,39.47,41.33,0
19,2025-12-11,2025-12-11 02:45:00,22.01,34.74,51.47,1
19,2025-12-11,2025-12-11 02:50:00,20.95,36.18,39.29,0
19,2025-12-11,2025-12-11 02:55:00,19.45,34.48,55.38,0
19,2025-12-11,2025-12-11 03:00:00,21.44,36.95,50.49,0
19,2025-12-11,2025-12-11 03:05:00,21.39,36.79,43.43,0
19,2025-12-11,2025-12-11 03:10:00,20.42,38.67,42.85,0
19,2025-12-11,2025-12-11 03:15:00,19.97,40.83,43.76,0
19,2025-12-11,2025-12-11 03:20:00,21.12,42.94,52.22,0
19,2025-12-11,2025-12-11 03:25:00,21.71,39.56,45.08,0
19,2025-12-11,2025-12-11 03:30:00,20.99,39.66,56.14,0
19,2025-12-11,2025-12-11 03:35:00,18.46,44.83,36.8,0
19,2025-12-11,2025-12-11 03:40:00,20.73,37.39,43.26,0
19,2025-12-11,2025-12-11 03:45:00,20.9,35.21,46.54,0
19,2025-12-11,2025-12-11 03:50:00,20.6,39.44,41.87,0
19,2025-12-11,2025-12-11 03:55:00,20.24,43.5,51.04,0
19,2025-12-11,2025-12-11 04:00:00,20.45,41.28,42.98,0
19,2025-12-11,2025-12-11 04:05:00,19.1,40.98,42.85,0
19,2025-12-11,2025-12-11 04:10:00,19.34,40.35,35.38,0
19,2025-12-11,2025-12-11 04:15:00,21.26,41.59,46.92,0
19,2025-12-11,2025-12-11 04:20:00,20.28,40.71,31.0,0
19,2025-12-11,2025-12-11 04:25:00,21.52,44.54,48.36,0
19,2025-12-11,2025-12-11 04:30:00,21.03,43.51,37.16,0
19,2025-12-11,2025-12-11 04:35:00,21.17,43.5,34.52,0
19,2025-12-11,2025-12-11 04:40:00,21.34,42.71,50.81,0
19,2025-12-11,2025-12-11 04:45:00,20.02,41.09,55.22,0
19,2025-12-11,2025-12-11 04:50:00,19.89,43.13,37.36,0
19,2025-12-11,2025-12-11 04:55:00,21.07,37.76,34.4,0
19,2025-12-11,2025-12-11 05:00:00,19.63,38.85,53.77,0
19,2025-12-11,2025-12-11 05:05:00,20.8,34.3,50.88,0
19,2025-12-11,2025-12-11 05:10:00,20.59,46.85,36.61,0
19,2025-12-11,2025-12-11 05:15:00,21.14,38.02,44.29,0
19,2025-12-11,2025-12-11 05:20:00,19.64,41.32,44.7,0
19,2025-12-11,2025-12-11 05:25:00,21.51,31.58,46.69,0
19,2025-12-11,2025-12-11 05:30:00,19.15,35.93,40.4,0
19,2025-12-11,2025-12-11 05:35:00,21.76,43.94,43.1,0
19,2025-12-11,2025-12-11 05:40:00,21.02,40.77,42.6,0
19,2025-12-11,2025-12-11 05:45:00,20.34,37.25,44.7,0
19,2025-12-11,2025-12-11 05:50:00,21.11,38.96,51.61,0
19,2025-12-11,2025-12-11 05:55:00,20.7,38.46,44.0,0
19,2025-12-11,2025-12-11 06:00:00,20.07,36.6,46.98,0
19,2025-12-11,2025-12-11 06:05:00,21.06,29.02,46.9,0
19,2025-12-11,2025-12-11 06:10:00,20.24,38.7,42.58,0
19,2025-12-11,2025-12-11 06:15:00,21.87,42.78,41.24,0
19,2025-12-11,2025-12-11 06:20:00,21.27,41.48,41.9,0
19,2025-12-11,2025-12-11 06:25:00,19.76,42.19,41.05,0
19,2025-12-11,2025-12-11 06:30:00,20.41,35.59,38.98,0
19,2025-12-11,2025-12-11 06:35:00,22.23,44.38,44.35,0
19,2025-12-11,2025-12-11 06:40:00,20.33,40.75,50.86,0
19,2025-12-11,2025-12-11 06:45:00,19.13,42.25,40.1,0
19,2025-12-11,2025-12-11 06:50:00,20.04,37.35,42.09,0
19,2025-12-11,2025-12-11 06:55:00,21.15,38.81,48.36,0
19,2025-12-11,2025-12-11 07:00:00,19.06,37.35,57.06,1
19,2025-12-11,2025-12-11 07:05:00,20.18,38.44,49.88,0
19,2025-12-11,2025-12-11 07:10:00,20.45,41.28,44.47,0
19,2025-12-11,2025-12-11 07:15:00,21.04,39.1,45.25,0
19,2025-12-11,2025-12-11 07:20:00,20.76,43.71,49.31,0
19,2025-12-11,2025-12-11 07:25:00,20.05,34.87,50.7,0
19,2025-12-11,2025-12-11 07:30:00,19.54,43.79,53.62,0
19,2025-12-11,2025-12-11 07:35:00,20.71,35.34,36.23,0
19,2025-12-11,2025-12-11 07:40:00,22.26,44.86,39.32,0
19,2025-12-11,2025-12-11 07:45:00,20.63,38.51,44.67,1
19,2025-12-11,2025-12-11 07:50:00,21.95,41.92,48.97,0
19,2025-12-11,2025-12-11 07:55:00,20.49,36.8,51.36,1
19,2025-12-11,2025-12-11 08:00:00,20.9,39.55,42.22,0
19,2025-12-11,2025-12-11 08:05:00,20.02,40.75,42.71,0
19,2025-12-11,2025-12-11 08:10:00,20.49,37.63,41.82,0
19,2025-12-11,2025-12-11 08:15:00,20.09,38.33,45.0,0
20,2025-12-12,2025-12-12 00:00:00,18.7,36.32,48.88,1
20,2025-12-12,2025-12-12 00:05:00,19.31,39.73,39.24,0
20,2025-12-12,2025-12-12 00:10:00,19.44,33.45,47.22,1
20,2025-12-12,2025-12-12 00:15:00,18.94,32.44,44.95,0
20,2025-12-12,2025-12-12 00:20:00,18.55,33.65,46.2,0
20,2025-12-12,2025-12-12 00:25:00,17.19,34.86,43.88,1
20,2025-12-12,2025-12-12 00:30:00,18.58,32.74,52.47,0
20,2025-12-12,2025-12-12 00:35:00,17.29,38.48,43.63,0
20,2025-12-12,2025-12-12 00:40:00,19.43,33.3,51.53,0
20,2025-12-12,2025-12-12 00:45:00,17.01,33.21,54.74,1
20,2025-12-12,2025-12-12 00:50:00,15.49,31.49,42.15,0
20,2025-12-12,2025-12-12 00:55:00,17.07,29.44,48.8,0
20,2025-12-12,2025-12-12 01:00:00,17.28,36.78,41.98,0
20,2025-12-12,2025-12-12 01:05:00,17.44,33.02,39.92,0
20,2025-12-12,2025-12-12 01:10:00,18.67,37.73,40.03,0
20,2025-12-12,2025-12-12 01:15:00,17.08,30.39,39.7,0
20,2025-12-12,2025-12-12 01:20:00,16.96,38.04,40.64,0
20,2025-12-12,2025-12-12 01:25:00,18.85,32.15,45.47,0
20,2025-12-12,2025-12-12 01:30:00,18.36,33.07,43.01,0
20,2025-12-12,2025-12-12 01:35:00,18.05,35.53,52.64,0
20,2025-12-12,2025-12-12 01:40:00,16.75,32.0,60.0,0
20,2025-12-12,2025-12-12 01:45:00,18.43,35.28,45.73,1
20,2025-12-12,2025-12-12 01:50:00,18.05,34.32,45.1,0
20,2025-12-12,2025-12-12 01:55:00,16.46,38.44,45.46,0
20,2025-12-12,2025-12-12 02:00:00,18.54,30.69,43.03,0
20,2025-12-12,2025-12-12 02:05:00,17.04,37.39,40.51,0
20,2025-12-12,2025-12-12 02:10:00,17.12,33.8,42.77,0
20,2025-12-12,2025-12-12 02:15:00,18.8,30.79,48.69,1
20,2025-12-12,2025-12-12 02:20:00,16.9,39.25,41.49,0
20,2025-12-12,2025-12-12 02:25:00,18.39,35.21,50.0,0
20,2025-12-12,2025-12-12 02:30:00,19.24,32.01,38.85,0
20,2025-12-12,2025-12-12 02:35:00,17.45,39.36,43.06,0
20,2025-12-12,2025-12-12 02:40:00,18.23,35.25,48.15,0
20,2025-12-12,2025-12-12 02:45:00,18.17,35.96,43.57,0
20,2025-12-12,2025-12-12 02:50:00,17.6,34.36,47.48,0
20,2025-12-12,2025-12-12 02:55:00,18.52,32.53,51.32,0
20,2025-12-12,2025-12-12 03:00:00,17.89,27.91,52.23,0
20,2025-12-12,2025-12-12 03:05:00,17.97,37.64,47.32,0
20,2025-12-12,2025-12-12 03:10:00,17.77,32.87,41.42,1
20,2025-12-12,2025-12-12 03:15:00,19.19,35.43,36.71,0
20,2025-12-12,2025-12-12 03:20:00,18.7,33.71,44.15,0
20,2025-12-12,2025-12-12 03:25:00,18.18,35.32,45.63,1
20,2025-12-12,2025-12-12 03:30:00,18.48,30.68,45.18,0
20,2025-12-12,2025-12-12 03:35:00,17.66,34.96,36.45,0
20,2025-12-12,2025-12-12 03:40:00,17.59,29.91,46.3,0
20,2025-12-12,2025-12-12 03:45:00,16.61,29.73,45.43,0
20,2025-12-12,2025-12-12 03:50:00,17.49,34.3,41.42,0
20,2025-12-12,2025-12-12 03:55:00,17.81,34.02,36.71,0
20,2025-12-12,2025-12-12 04:00:00,17.93,35.78,36.38,1
20,2025-12-12,2025-12-12 04:05:00,19.06,31.23,50.0,0
20,2025-12-12,2025-12-12 04:10:00,18.84,32.65,42.99,0
20,2025-12-12,2025-12-12 04:15:00,18.24,30.35,40.0,0
20,2025-12-12,2025-12-12 04:20:00,17.13,35.7,42.2,0
20,2025-12-12,2025-12-12 04:25:00,16.78,30.52,51.19,0
20,2025-12-12,2025-12-12 04:30:00,19.54,30.84,43.67,1
20,2025-12-12,2025-12-12 04:35:00,17.56,31.35,38.27,1
20,2025-12-12,2025-12-12 04:40:00,16.87,37.24,44.81,0
20,2025-12-12,2025-12-12 04:45:00,19.24,33.5,49.75,0
20,2025-12-12,2025-12-12 04:50:00,19.39,32.36,44.16,1
20,2025-12-12,2025-12-12 04:55:00,18.09,32.34,48.4,0
20,2025-12-12,2025-12-12 05:00:00,17.58,31.54,51.43,1
20,2025-12-12,2025-12-12 05:05:00,18.22,33.49,33.9,0
20,2025-12-12,2025-12-12 05:10:00,17.01,31.92,42.7,0
20,2025-12-12,2025-12-12 05:15:00,19.55,35.09,44.84,0
20,2025-12-12,2025-12-12 05:20:00,19.24,33.78,49.05,0
20,2025-12-12,2025-12-12 05:25:00,17.94,30.81,44.9,0
20,2025-12-12,2025-12-12 05:30:00,17.21,31.92,54.01,0
20,2025-12-12,2025-12-12 05:35:00,19.78,36.19,52.68,0
20,2025-12-12,2025-12-12 05:40:00,19.28,32.68,33.39,0
20,2025-12-12,2025-12-12 05:45:00,18.39,35.25,46.05,0
20,2025-12-12,2025-12-12 05:50:00,17.8,31.05,50.36,0
20,2025-12-12,2025-12-12 05:55:00,17.53,39.5,40.82,0
20,2025-12-12,2025-12-12 06:00:00,17.93,32.1,42.64,0
20,2025-12-12,2025-12-12 06:05:00,16.99,27.27,43.37,0
20,2025-12-12,2025-12-12 06:10:00,18.34,33.3,49.26,0
20,2025-12-12,2025-12-12 06:15:00,18.93,39.2,45.52,0
20,2025-12-12,2025-12-12 06:20:00,18.13,39.17,37.66,0
20,2025-12-12,2025-12-12 06:25:00,16.93,33.39,50.24,0
20,2025-12-12,2025-12-12 06:30:00,17.16,32.78,37.62,0
20,2025-12-12,2025-12-12 06:35:00,16.95,31.24,40.81,0
20,2025-12-12,2025-12-12 06:40:00,17.57,29.74,51.17,0
20,2025-12-12,2025-12-12 06:45:00,17.39,34.55,42.34,0
20,2025-12-12,2025-12-12 06:50:00,17.27,29.22,34.52,0
20,2025-12-12,2025-12-12 06:55:00,17.83,32.65,45.01,0
20,2025-12-12,2025-12-12 07:00:00,18.81,35.42,45.14,0
20,2025-12-12,2025-12-12 07:05:00,18.95,36.09,50.57,0
20,2025-12-12,2025-12-12 07:10:00,18.17,33.93,41.05,0
20,2025-12-12,2025-12-12 07:15:00,18.34,32.9,41.9,0
20,2025-12-12,2025-12-12 07:20:00,16.6,30.26,50.26,0
20,2025-12-12,2025-12-12 07:25:00,18.06,30.16,43.47,0
20,2025-12-12,2025-12-12 07:30:00,18.1,31.22,40.8,1
20,2025-12-12,2025-12-12 07:35:00,17.35,33.29,43.58,0
20,2025-12-12,2025-12-12 07:40:00,18.04,22.35,41.25,0
20,2025-12-12,2025-12-12 07:45:00,17.54,36.71,48.63,0
20,2025-12-12,2025-12-12 07:50:00,16.8,34.6,41.27,0
20,2025-12-12,2025-12-12 07:55:00,17.45,33.74,37.59,0
20,2025-12-12,2025-12-12 08:00:00,18.74,34.89,37.25,0
20,2025-12-12,2025-12-12 08:05:00,18.17,35.55,40.44,0
20,2025-12-12,2025-12-12 08:10:00,19.34,32.17,39.8,0
20,2025-12-12,2025-12-12 08:15:00,17.57,35.23,45.82,0
21,2025-12-13,2025-12-13 00:00:00,18.73,43.76,31.42,0
21,2025-12-13,2025-12-13 00:05:00,18.23,43.18,38.33,1
21,2025-12-13,2025-12-13 00:10:00,16.91,36.33,39.04,0
21,2025-12-13,2025-12-13 00:15:00,19.47,42.15,36.05,0
21,2025-12-13,2025-12-13 00:20:00,19.01,41.75,43.75,0
21,2025-12-13,2025-12-13 00:25:00,17.81,36.78,37.83,0
21,2025-12-13,2025-12-13 00:30:00,16.91,37.82,33.6,1
21,2025-12-13,2025-12-13 00:35:00,18.74,37.35,36.54,0
21,2025-12-13,2025-12-13 00:40:00,17.35,39.85,36.39,0
21,2025-12-13,2025-12-13 00:45:00,18.13,39.22,47.96,0
21,2025-12-13,2025-12-13 00:50:00,18.04,41.12,37.45,0
21,2025-12-13,2025-12-13 00:55:00,18.13,41.1,37.26,0
21,2025-12-13,2025-12-13 01:00:00,19.11,42.29,48.29,0
21,2025-12-13,2025-12-13 01:05:00,19.27,42.96,33.2,0
21,2025-12-13,2025-12-13 01:10:00,17.65,42.53,45.32,0
21,2025-12-13,2025-12-13 01:15:00,19.07,37.58,38.75,0
21,2025-12-13,2025-12-13 01:20:00,17.97,41.98,35.72,1
21,2025-12-13,2025-12-13 01:25:00,17.9,40.87,33.58,1
21,2025-12-13,2025-12-13 01:30:00,19.01,36.18,43.0,0
21,2025-12-13,2025-12-13 01:35:00,18.02,38.97,34.07,0
21,2025-12-13,2025-12-13 01:40:00,20.31,33.68,32.52,0
21,2025-12-13,2025-12-13 01:45:00,19.61,40.99,41.08,0
21,2025-12-13,2025-12-13 01:50:00,18.37,40.32,40.3,0
21,2025-12-13,2025-12-13 01:55:00,17.37,40.22,31.89,0
21,2025-12-13,2025-12-13 02:00:00,18.63,34.68,44.02,0
21,2025-12-13,2025-12-13 02:05:00,18.66,42.0,39.55,0
21,2025-12-13,2025-12-13 02:10:00,18.27,39.02,43.46,0
21,2025-12-13,2025-12-13 02:15:00,20.06,42.06,47.21,1
21,2025-12-13,2025-12-13 02:20:00,17.75,40.13,37.59,0
21,2025-12-13,2025-12-13 02:25:00,19.12,40.03,40.88,0
21,2025-12-13,2025-12-13 02:30:00,16.83,37.98,46.75,0
21,2025-12-13,2025-12-13 02:35:00,17.43,36.79,43.29,0
21,2025-12-13,2025-12-13 02:40:00,18.45,44.24,47.94,0
21,2025-12-13,2025-12-13 02:45:00,18.72,42.54,39.23,0
21,2025-12-13,2025-12-13 02:50:00,19.21,37.13,41.96,1
21,2025-12-13,2025-12-13 02:55:00,18.79,42.99,35.16,0
21,2025-12-13,2025-12-13 03:00:00,19.44,38.98,46.29,0
21,2025-12-13,2025-12-13 03:05:00,17.15,40.45,40.55,0
21,2025-12-13,2025-12-13 03:10:00,19.41,40.52,36.13,0
21,2025-12-13,2025-12-13 03:15:00,18.52,37.09,38.0,0
21,2025-12-13,2025-12-13 03:20:00,19.15,39.98,43.28,0
21,2025-12-13,2025-12-13 03:25:00,19.32,35.85,38.65,1
21,2025-12-13,2025-12-13 03:30:00,18.11,37.36,31.64,0
21,2025-12-13,2025-12-13 03:35:00,18.65,37.48,41.21,0
21,2025-12-13,2025-12-13 03:40:00,19.69,37.4,29.73,0
21,2025-12-13,2025-12-13 03:45:00,19.75,41.6,39.36,0
21,2025-12-13,2025-12-13 03:50:00,19.13,40.83,37.64,0
21,2025-12-13,2025-12-13 03:55:00,18.95,38.52,41.42,0
21,2025-12-13,2025-12-13 04:00:00,19.33,42.66,41.71,0
21,2025-12-13,2025-12-13 04:05:00,18.12,39.69,39.14,0
21,2025-12-13,2025-12-13 04:10:00,19.21,40.21,45.68,0
21,2025-12-13,2025-12-13 04:15:00,18.28,41.79,38.9,0
21,2025-12-13,2025-12-13 04:20:00,17.75,46.45,31.84,1
21,2025-12-13,2025-12-13 04:25:00,18.15,44.65,47.58,0
21,2025-12-13,2025-12-13 04:30:00,18.46,37.25,39.15,0
21,2025-12-13,2025-12-13 04:35:00,18.3,37.92,38.62,0
21,2025-12-13,2025-12-13 04:40:00,19.18,40.98,33.93,0
21,2025-12-13,2025-12-13 04:45:00,19.33,36.25,35.82,0
21,2025-12-13,2025-12-13 04:50:00,19.02,31.35,35.1,0
21,2025-12-13,2025-12-13 04:55:00,19.81,38.49,35.16,0
21,2025-12-13,2025-12-13 05:00:00,19.16,43.39,42.64,0
21,2025-12-13,2025-12-13 05:05:00,17.4,48.46,35.74,0
21,2025-12-13,2025-12-13 05:10:00,19.92,41.42,41.74,0
21,2025-12-13,2025-12-13 05:15:00,18.18,35.91,39.06,0
21,2025-12-13,2025-12-13 05:20:00,17.42,43.77,32.19,1
21,2025-12-13,2025-12-13 05:25:00,19.26,40.37,45.55,0
21,2025-12-13,2025-12-13 05:30:00,18.39,43.83,38.59,0
21,2025-12-13,2025-12-13 05:35:00,16.94,35.85,37.82,0
21,2025-12-13,2025-12-13 05:40:00,17.75,38.32,37.63,1
21,2025-12-13,2025-12-13 05:45:00,20.48,40.12,38.86,0
21,2025-12-13,2025-12-13 05:50:00,18.91,40.77,41.77,0
21,2025-12-13,2025-12-13 05:55:00,18.68,38.85,40.26,0
21,2025-12-13,2025-12-13 06:00:00,18.26,39.15,36.5,0
21,2025-12-13,2025-12-13 06:05:00,18.11,37.8,42.59,1
21,2025-12-13,2025-12-13 06:10:00,18.79,42.17,41.75,0
21,2025-12-13,2025-12-13 06:15:00,19.15,38.91,43.25,0
21,2025-12-13,2025-12-13 06:20:00,18.24,38.36,47.91,0
21,2025-12-13,2025-12-13 06:25:00,18.82,39.34,47.05,1
21,2025-12-13,2025-12-13 06:30:00,19.1,32.38,26.75,0
21,2025-12-13,2025-12-13 06:35:00,17.61,33.95,41.69,0
21,2025-12-13,2025-12-13 06:40:00,18.62,38.39,37.5,0
21,2025-12-13,2025-12-13 06:45:00,18.21,43.23,44.28,0
21,2025-12-13,2025-12-13 06:50:00,18.96,43.33,35.95,0
21,2025-12-13,2025-12-13 06:55:00,18.03,43.92,50.75,0
21,2025-12-13,2025-12-13 07:00:00,18.14,39.86,47.77,0
21,2025-12-13,2025-12-13 07:05:00,19.18,37.53,43.93,0
21,2025-12-13,2025-12-13 07:10:00,18.23,36.68,41.73,0
21,2025-12-13,2025-12-13 07:15:00,18.8,44.66,43.47,0
21,2025-12-13,2025-12-13 07:20:00,18.7,40.0,46.57,0
21,2025-12-13,2025-12-13 07:25:00,17.74,40.12,31.67,0
21,2025-12-13,2025-12-13 07:30:00,18.13,37.67,35.68,0
21,2025-12-13,2025-12-13 07:35:00,18.54,40.58,36.05,0
21,2025-12-13,2025-12-13 07:40:00,18.92,38.98,38.44,0
21,2025-12-13,2025-12-13 07:45:00,18.7,43.5,40.13,0
21,2025-12-13,2025-12-13 07:50:00,19.04,35.91,37.46,0
21,2025-12-13,2025-12-13 07:55:00,18.51,40.85,36.07,0
21,2025-12-13,2025-12-13 08:00:00,18.16,40.03,44.25,0
21,2025-12-13,2025-12-13 08:05:00,18.51,43.7,43.1,0
21,2025-12-13,2025-12-13 08:10:00,19.47,40.05,44.71,0
21,2025-12-13,2025-12-13 08:15:00,18.35,39.53,39.97,0
22,2025-12-14,2025-12-14 00:00:00,19.62,39.81,20.03,1
22,2025-12-14,2025-12-14 00:05:00,17.47,36.21,26.91,0
22,2025-12-14,2025-12-14 00:10:00,15.41,36.46,26.24,0
22,2025-12-14,2025-12-14 00:15:00,17.97,34.77,29.09,0
22,2025-12-14,2025-12-14 00:20:00,17.59,41.38,39.01,0
22,2025-12-14,2025-12-14 00:25:00,18.55,29.86,28.88,0
22,2025-12-14,2025-12-14 00:30:00,17.85,43.64,30.94,0
22,2025-12-14,2025-12-14 00:35:00,17.77,36.09,33.81,1
22,2025-12-14,2025-12-14 00:40:00,18.68,39.24,28.81,0
22,2025-12-14,2025-12-14 00:45:00,17.35,35.28,27.48,0
22,2025-12-14,2025-12-14 00:50:00,17.58,35.41,29.26,0
22,2025-12-14,2025-12-14 00:55:00,18.29,37.55,32.26,0
22,2025-12-14,2025-12-14 01:00:00,18.07,33.9,32.48,0
22,2025-12-14,2025-12-14 01:05:00,18.04,38.18,22.35,0
22,2025-12-14,2025-12-14 01:10:00,18.85,39.65,32.13,0
22,2025-12-14,2025-12-14 01:15:00,17.63,35.08,34.79,0
22,2025-12-14,2025-12-14 01:20:00,16.26,37.34,31.54,0
22,2025-12-14,2025-12-14 01:25:00,18.83,41.19,34.08,0
22,2025-12-14,2025-12-14 01:30:00,17.5,39.21,24.66,0
22,2025-12-14,2025-12-14 01:35:00,18.11,33.44,27.5,1
22,2025-12-14,2025-12-14 01:40:00,18.27,35.31,26.7,0
22,2025-12-14,2025-12-14 01:45:00,18.6,38.85,31.22,0
22,2025-12-14,2025-12-14 01:50:00,17.95,44.78,37.72,0
22,2025-12-14,2025-12-14 01:55:00,18.85,36.76,29.03,0
22,2025-12-14,2025-12-14 02:00:00,17.53,31.25,26.17,1
22,2025-12-14,2025-12-14 02:05:00,16.33,43.84,30.1,0
22,2025-12-14,2025-12-14 02:10:00,17.15,31.08,23.17,1
22,2025-12-14,2025-12-14 02:15:00,16.9,36.36,27.27,0
22,2025-12-14,2025-12-14 02:20:00,17.11,37.89,30.79,0
22,2025-12-14,2025-12-14 02:25:00,17.93,36.33,42.08,1
22,2025-12-14,2025-12-14 02:30:00,17.65,39.53,36.35,1
22,2025-12-14,2025-12-14 02:35:00,17.16,37.71,31.05,0
22,2025-12-14,2025-12-14 02:40:00,18.14,42.37,24.3,0
22,2025-12-14,2025-12-14 02:45:00,17.82,37.56,25.22,0
22,2025-12-14,2025-12-14 02:50:00,17.42,34.67,24.72,0
22,2025-12-14,2025-12-14 02:55:00,17.55,38.04,35.36,0
22,2025-12-14,2025-12-14 03:00:00,18.13,35.2,34.29,0
22,2025-12-14,2025-12-14 03:05:00,17.48,31.44,26.93,1
22,2025-12-14,2025-12-14 03:10:00,18.07,33.77,34.13,1
22,2025-12-14,2025-12-14 03:15:00,17.31,35.35,17.98,1
22,2025-12-14,2025-12-14 03:20:00,16.5,45.85,40.68,0
22,2025-12-14,2025-12-14 03:25:00,18.5,36.11,38.33,0
22,2025-12-14,2025-12-14 03:30:00,17.48,40.67,33.27,1
22,2025-12-14,2025-12-14 03:35:00,17.29,40.36,29.77,0
22,2025-12-14,2025-12-14 03:40:00,19.2,41.46,35.74,0
22,2025-12-14,2025-12-14 03:45:00,17.72,37.17,31.92,0
22,2025-12-14,2025-12-14 03:50:00,17.96,32.89,34.74,0
22,2025-12-14,2025-12-14 03:55:00,18.43,33.84,36.24,1
22,2025-12-14,2025-12-14 04:00:00,17.86,37.15,32.49,0
22,2025-12-14,2025-12-14 04:05:00,18.72,34.96,32.28,0
22,2025-12-14,2025-12-14 04:10:00,19.68,37.11,12.77,0
22,2025-12-14,2025-12-14 04:15:00,18.91,34.58,29.48,0
22,2025-12-14,2025-12-14 04:20:00,18.41,32.2,26.57,0
22,2025-12-14,2025-12-14 04:25:00,18.19,34.82,35.66,0
22,2025-12-14,2025-12-14 04:30:00,17.51,37.59,39.38,0
22,2025-12-14,2025-12-14 04:35:00,16.28,43.38,26.4,0
22,2025-12-14,2025-12-14 04:40:00,18.36,38.22,36.56,0
22,2025-12-14,2025-12-14 04:45:00,17.54,36.11,33.2,0
22,2025-12-14,2025-12-14 04:50:00,17.57,43.43,30.72,0
22,2025-12-14,2025-12-14 04:55:00,18.51,27.52,32.21,0
22,2025-12-14,2025-12-14 05:00:00,18.76,39.24,36.52,0
22,2025-12-14,2025-12-14 05:05:00,17.13,36.06,42.01,1
22,2025-12-14,2025-12-14 05:10:00,17.78,40.89,28.43,0
22,2025-12-14,2025-12-14 05:15:00,16.84,39.02,48.94,0
22,2025-12-14,2025-12-14 05:20:00,17.59,33.71,22.55,0
22,2025-12-14,2025-12-14 05:25:00,17.1,44.69,36.29,1
22,2025-12-14,2025-12-14 05:30:00,17.66,37.68,29.36,0
22,2025-12-14,2025-12-14 05:35:00,19.29,36.82,28.71,0
22,2025-12-14,2025-12-14 05:40:00,18.59,33.67,28.2,0
22,2025-12-14,2025-12-14 05:45:00,18.55,37.39,34.89,0
22,2025-12-14,2025-12-14 05:50:00,17.49,35.71,26.33,0
22,2025-12-14,2025-12-14 05:55:00,18.22,31.92,35.63,0
22,2025-12-14,2025-12-14 06:00:00,17.23,40.28,30.37,0
22,2025-12-14,2025-12-14 06:05:00,19.02,42.4,32.51,0
22,2025-12-14,2025-12-14 06:10:00,18.04,33.8,28.79,0
22,2025-12-14,2025-12-14 06:15:00,16.39,44.02,31.37,0
22,2025-12-14,2025-12-14 06:20:00,18.63,39.96,41.82,1
22,2025-12-14,2025-12-14 06:25:00,18.22,31.05,24.42,0
22,2025-12-14,2025-12-14 06:30:00,17.34,37.29,36.11,1
22,2025-12-14,2025-12-14 06:35:00,18.56,37.26,29.0,0
22,2025-12-14,2025-12-14 06:40:00,17.41,36.08,27.44,0
22,2025-12-14,2025-12-14 06:45:00,20.08,41.22,35.38,0
22,2025-12-14,2025-12-14 06:50:00,17.77,39.4,27.83,0
22,2025-12-14,2025-12-14 06:55:00,17.53,41.2,22.6,0
22,2025-12-14,2025-12-14 07:00:00,17.97,41.86,31.15,0
22,2025-12-14,2025-12-14 07:05:00,17.72,39.24,34.26,0
22,2025-12-14,2025-12-14 07:10:00,18.04,39.01,37.11,0
22,2025-12-14,2025-12-14 07:15:00,18.23,39.04,30.65,1
22,2025-12-14,2025-12-14 07:20:00,18.04,36.36,32.39,0
22,2025-12-14,2025-12-14 07:25:00,17.91,41.08,44.62,0
22,2025-12-14,2025-12-14 07:30:00,17.62,37.82,34.87,0
22,2025-12-14,2025-12-14 07:35:00,18.95,38.71,29.86,0
22,2025-12-14,2025-12-14 07:40:00,19.67,39.74,31.67,0
22,2025-12-14,2025-12-14 07:45:00,17.21,38.72,26.38,1
22,2025-12-14,2025-12-14 07:50:00,16.86,35.57,36.34,0
22,2025-12-14,2025-12-14 07:55:00,18.2,37.2,37.4,0
22,2025-12-14,2025-12-14 08:00:00,17.61,34.13,33.2,1
22,2025-12-14,2025-12-14 08:05:00,15.97,35.48,26.63,0
22,2025-12-14,2025-12-14 08:10:00,18.57,37.57,32.46,0
22,2025-12-14,2025-12-14 08:15:00,18.16,32.5,32.58,0
23,2025-12-15,2025-12-15 00:00:00,17.75,48.16,31.26,0
23,2025-12-15,2025-12-15 00:05:00,19.33,49.76,36.08,0
23,2025-12-15,2025-12-15 00:10:00,18.84,55.18,33.81,0
23,2025-12-15,2025-12-15 00:15:00,19.03,52.98,37.42,0
23,2025-12-15,2025-12-15 00:20:00,18.8,54.4,20.07,0
23,2025-12-15,2025-12-15 00:25:00,20.21,50.39,31.39,1
23,2025-12-15,2025-12-15 00:30:00,20.58,48.3,35.68,0
23,2025-12-15,2025-12-15 00:35:00,18.07,52.08,32.06,0
23,2025-12-15,2025-12-15 00:40:00,19.24,53.25,25.59,0
23,2025-12-15,2025-12-15 00:45:00,19.24,54.11,31.43,0
23,2025-12-15,2025-12-15 00:50:00,18.54,57.26,29.6,0
23,2025-12-15,2025-12-15 00:55:00,17.42,50.36,35.3,0
23,2025-12-15,2025-12-15 01:00:00,19.06,51.76,40.4,0
23,2025-12-15,2025-12-15 01:05:00,18.75,51.56,25.04,0
23,2025-12-15,2025-12-15 01:10:00,20.3,56.02,41.8,0
23,2025-12-15,2025-12-15 01:15:00,19.27,47.01,33.87,1
23,2025-12-15,2025-12-15 01:20:00,19.51,48.91,31.86,1
23,2025-12-15,2025-12-15 01:25:00,17.63,49.68,39.54,0
23,2025-12-15,2025-12-15 01:30:00,17.85,51.74,24.61,1
23,2025-12-15,2025-12-15 01:35:00,19.99,54.08,38.6,0
23,2025-12-15,2025-12-15 01:40:00,19.41,50.23,23.89,0
23,2025-12-15,2025-12-15 01:45:00,18.82,53.71,28.71,0
23,2025-12-15,2025-12-15 01:50:00,16.81,56.56,36.59,1
23,2025-12-15,2025-12-15 01:55:00,19.05,51.31,31.43,0
23,2025-12-15,2025-12-15 02:00:00,19.8,58.55,26.74,0
23,2025-12-15,2025-12-15 02:05:00,19.23,53.99,27.98,0
23,2025-12-15,2025-12-15 02:10:00,18.81,52.41,39.75,0
23,2025-12-15,2025-12-15 02:15:00,18.3,53.88,37.64,0
23,2025-12-15,2025-12-15 02:20:00,18.68,45.69,28.16,0
23,2025-12-15,2025-12-15 02:25:00,20.83,48.16,30.07,0
23,2025-12-15,2025-12-15 02:30:00,19.51,54.25,35.86,0
23,2025-12-15,2025-12-15 02:35:00,18.89,50.98,32.76,0
23,2025-12-15,2025-12-15 02:40:00,19.8,50.4,36.76,0
23,2025-12-15,2025-12-15 02:45:00,18.47,50.79,26.52,0
23,2025-12-15,2025-12-15 02:50:00,19.86,50.17,30.25,0
23,2025-12-15,2025-12-15 02:55:00,18.3,49.63,24.38,0
23,2025-12-15,2025-12-15 03:00:00,20.26,55.69,29.22,0
23,2025-12-15,2025-12-15 03:05:00,19.14,54.19,40.08,1
23,2025-12-15,2025-12-15 03:10:00,18.12,54.2,30.41,0
23,2025-12-15,2025-12-15 03:15:00,16.65,52.46,41.23,0
23,2025-12-15,2025-12-15 03:20:00,17.64,52.69,30.01,0
23,2025-12-15,2025-12-15 03:25:00,18.18,53.85,31.63,0
23,2025-12-15,2025-12-15 03:30:00,19.13,54.64,37.42,0
23,2025-12-15,2025-12-15 03:35:00,18.82,51.07,35.14,0
23,2025-12-15,2025-12-15 03:40:00,19.1,55.53,31.6,0
23,2025-12-15,2025-12-15 03:45:00,18.35,55.97,34.23,0
23,2025-12-15,2025-12-15 03:50:00,20.3,53.72,32.85,0
23,2025-12-15,2025-12-15 03:55:00,18.65,51.84,33.63,0
23,2025-12-15,2025-12-15 04:00:00,18.19,52.31,32.41,0
23,2025-12-15,2025-12-15 04:05:00,20.19,52.8,28.51,0
23,2025-12-15,2025-12-15 04:10:00,19.27,51.51,29.23,0
23,2025-12-15,2025-12-15 04:15:00,17.41,50.17,30.55,0
23,2025-12-15,2025-12-15 04:20:00,19.16,59.79,30.01,0
23,2025-12-15,2025-12-15 04:25:00,19.0,50.96,36.84,0
23,2025-12-15,2025-12-15 04:30:00,18.56,51.34,32.35,0
23,2025-12-15,2025-12-15 04:35:00,17.31,54.11,37.29,0
23,2025-12-15,2025-12-15 04:40:00,18.29,44.79,37.33,0
23,2025-12-15,2025-12-15 04:45:00,18.66,52.93,30.76,1
23,2025-12-15,2025-12-15 04:50:00,20.86,51.95,36.35,0
23,2025-12-15,2025-12-15 04:55:00,18.1,49.9,35.06,0
23,2025-12-15,2025-12-15 05:00:00,20.25,46.98,25.45,0
23,2025-12-15,2025-12-15 05:05:00,18.45,48.29,30.15,1
23,2025-12-15,2025-12-15 05:10:00,18.92,51.69,25.25,0
23,2025-12-15,2025-12-15 05:15:00,19.75,56.1,25.92,0
23,2025-12-15,2025-12-15 05:20:00,18.31,54.39,30.18,0
23,2025-12-15,2025-12-15 05:25:00,19.73,55.7,32.52,0
23,2025-12-15,2025-12-15 05:30:00,17.46,60.95,35.57,0
23,2025-12-15,2025-12-15 05:35:00,18.65,53.01,25.97,0
23,2025-12-15,2025-12-15 05:40:00,18.53,48.56,37.58,0
23,2025-12-15,2025-12-15 05:45:00,19.56,52.48,32.23,0
23,2025-12-15,2025-12-15 05:50:00,20.31,54.19,36.45,0
23,2025-12-15,2025-12-15 05:55:00,19.07,49.33,28.16,0
23,2025-12-15,2025-12-15 06:00:00,19.8,56.09,36.87,0
23,2025-12-15,2025-12-15 06:05:00,19.16,51.25,36.11,1
23,2025-12-15,2025-12-15 06:10:00,18.04,54.87,37.97,0
23,2025-12-15,2025-12-15 06:15:00,20.86,47.21,35.75,0
23,2025-12-15,2025-12-15 06:20:00,19.0,53.69,33.41,0
23,2025-12-15,2025-12-15 06:25:00,19.51,58.39,32.33,1
23,2025-12-15,2025-12-15 06:30:00,19.33,51.19,32.71,1
23,2025-12-15,2025-12-15 06:35:00,19.33,53.86,31.0,0
23,2025-12-15,2025-12-15 06:40:00,16.55,48.84,25.89,0
23,2025-12-15,2025-12-15 06:45:00,19.06,57.05,28.66,0
23,2025-12-15,2025-12-15 06:50:00,19.0,54.0,32.83,0
23,2025-12-15,2025-12-15 06:55:00,18.77,57.51,34.91,1
23,2025-12-15,2025-12-15 07:00:00,18.18,56.52,24.56,0
23,2025-12-15,2025-12-15 07:05:00,17.52,55.6,34.43,1
23,2025-12-15,2025-12-15 07:10:00,19.76,47.22,36.41,0
23,2025-12-15,2025-12-15 07:15:00,19.54,53.11,33.2,0
23,2025-12-15,2025-12-15 07:20:00,18.98,45.98,22.98,1
23,2025-12-15,2025-12-15 07:25:00,19.08,50.92,30.94,0
23,2025-12-15,2025-12-15 07:30:00,16.94,54.74,28.35,0
23,2025-12-15,2025-12-15 07:35:00,18.57,56.71,24.18,0
23,2025-12-15,2025-12-15 07:40:00,19.54,51.62,22.91,0
23,2025-12-15,2025-12-15 07:45:00,20.57,51.98,30.23,0
23,2025-12-15,2025-12-15 07:50:00,19.8,49.1,34.33,1
23,2025-12-15,2025-12-15 07:55:00,19.5,54.13,29.72,0
23,2025-12-15,2025-12-15 08:00:00,19.96,49.9,32.42,0
23,2025-12-15,2025-12-15 08:05:00,18.71,55.19,25.12,0
23,2025-12-15,2025-12-15 08:10:00,20.37,46.95,39.74,0
23,2025-12-15,2025-12-15 08:15:00,19.03,49.91,34.88,0
24,2025-12-16,2025-12-16 00:00:00,19.16,33.97,52.46,0
24,2025-12-16,2025-12-16 00:05:00,19.3,27.58,40.73,0
24,2025-12-16,2025-12-16 00:10:00,18.48,31.22,49.82,0
24,2025-12-16,2025-12-16 00:15:00,19.2,29.45,56.8,0
24,2025-12-16,2025-12-16 00:20:00,19.49,29.72,40.88,0
24,2025-12-16,2025-12-16 00:25:00,17.99,31.6,45.92,0
24,2025-12-16,2025-12-16 00:30:00,20.44,34.11,42.59,0
24,2025-12-16,2025-12-16 00:35:00,18.52,28.3,52.41,0
24,2025-12-16,2025-12-16 00:40:00,18.75,30.46,49.11,1
24,2025-12-16,2025-12-16 00:45:00,20.05,31.63,47.46,0
24,2025-12-16,2025-12-16 00:50:00,19.69,30.74,45.33,0
24,2025-12-16,2025-12-16 00:55:00,19.5,35.84,50.99,1
24,2025-12-16,2025-12-16 01:00:00,19.65,28.6,51.09,0
24,2025-12-16,2025-12-16 01:05:00,18.35,29.34,44.3,0
24,2025-12-16,2025-12-16 01:10:00,19.13,28.73,44.24,0
24,2025-12-16,2025-12-16 01:15:00,20.19,35.07,38.85,0
24,2025-12-16,2025-12-16 01:20:00,18.87,32.7,46.32,0
24,2025-12-16,2025-12-16 01:25:00,19.21,33.45,53.0,0
24,2025-12-16,2025-12-16 01:30:00,19.04,32.55,56.02,0
24,2025-12-16,2025-12-16 01:35:00,18.84,28.39,46.19,0
24,2025-12-16,2025-12-16 01:40:00,19.61,30.94,38.66,0
24,2025-12-16,2025-12-16 01:45:00,17.99,34.72,45.27,0
24,2025-12-16,2025-12-16 01:50:00,19.66,28.0,46.9,0
24,2025-12-16,2025-12-16 01:55:00,18.35,30.23,51.93,0
24,2025-12-16,2025-12-16 02:00:00,19.81,29.55,45.29,0
24,2025-12-16,2025-12-16 02:05:00,18.46,30.11,54.38,0
24,2025-12-16,2025-12-16 02:10:00,20.22,29.38,55.36,1
24,2025-12-16,2025-12-16 02:15:00,19.78,29.68,50.05,1
24,2025-12-16,2025-12-16 02:20:00,19.38,29.75,45.16,0
24,2025-12-16,2025-12-16 02:25:00,19.86,33.18,38.95,0
24,2025-12-16,2025-12-16 02:30:00,19.86,31.46,41.39,1
24,2025-12-16,2025-12-16 02:35:00,19.94,28.49,44.37,0
24,2025-12-16,2025-12-16 02:40:00,18.66,31.03,44.55,0
24,2025-12-16,2025-12-16 02:45:00,18.83,34.17,48.66,0
24,2025-12-16,2025-12-16 02:50:00,18.74,28.08,45.56,1
24,2025-12-16,2025-12-16 02:55:00,19.67,28.33,36.92,0
24,2025-12-16,2025-12-16 03:00:00,18.07,33.02,55.09,0
24,2025-12-16,2025-12-16 03:05:00,19.75,30.47,45.3,0
24,2025-12-16,2025-12-16 03:10:00,18.54,32.47,39.92,0
24,2025-12-16,2025-12-16 03:15:00,19.2,31.86,42.92,0
24,2025-12-16,2025-12-16 03:20:00,19.46,27.58,49.81,1
24,2025-12-16,2025-12-16 03:25:00,19.4,32.03,53.44,0
24,2025-12-16,2025-12-16 03:30:00,19.82,30.08,53.75,0
24,2025-12-16,2025-12-16 03:35:00,20.91,28.83,37.4,0
24,2025-12-16,2025-12-16 03:40:00,19.28,31.1,48.34,0
24,2025-12-16,2025-12-16 03:45:00,19.89,25.1,49.86,0
24,2025-12-16,2025-12-16 03:50:00,19.21,33.7,40.86,0
24,2025-12-16,2025-12-16 03:55:00,19.15,29.54,51.2,1
24,2025-12-16,2025-12-16 04:00:00,19.65,29.86,50.01,0
24,2025-12-16,2025-12-16 04:05:00,18.2,30.95,47.82,0
24,2025-12-16,2025-12-16 04:10:00,19.13,34.98,43.38,0
24,2025-12-16,2025-12-16 04:15:00,20.5,28.86,54.7,1
24,2025-12-16,2025-12-16 04:20:00,19.94,29.87,45.14,1
24,2025-12-16,2025-12-16 04:25:00,20.53,35.45,45.01,0
24,2025-12-16,2025-12-16 04:30:00,18.9,28.7,54.3,0
24,2025-12-16,2025-12-16 04:35:00,19.08,27.18,51.54,0
24,2025-12-16,2025-12-16 04:40:00,19.42,30.85,52.51,0
24,2025-12-16,2025-12-16 04:45:00,20.71,33.05,42.77,0
24,2025-12-16,2025-12-16 04:50:00,19.84,24.72,45.9,1
24,2025-12-16,2025-12-16 04:55:00,18.52,34.05,45.32,0
24,2025-12-16,2025-12-16 05:00:00,19.71,26.65,34.07,0
24,2025-12-16,2025-12-16 05:05:00,19.56,28.35,45.96,0
24,2025-12-16,2025-12-16 05:10:00,18.08,28.34,45.7,0
24,2025-12-16,2025-12-16 05:15:00,19.97,36.13,48.05,0
24,2025-12-16,2025-12-16 05:20:00,19.48,32.63,44.49,0
24,2025-12-16,2025-12-16 05:25:00,20.3,26.38,46.12,0
24,2025-12-16,2025-12-16 05:30:00,19.42,31.73,46.84,0
24,2025-12-16,2025-12-16 05:35:00,20.52,28.47,51.52,0
24,2025-12-16,2025-12-16 05:40:00,19.2,26.09,53.07,1
24,2025-12-16,2025-12-16 05:45:00,19.39,29.7,46.42,1
24,2025-12-16,2025-12-16 05:50:00,19.78,27.16,46.32,1
24,2025-12-16,2025-12-16 05:55:00,19.17,30.03,42.21,0
24,2025-12-16,2025-12-16 06:00:00,19.29,30.2,39.26,0
24,2025-12-16,2025-12-16 06:05:00,20.36,27.45,50.02,1
24,2025-12-16,2025-12-16 06:10:00,18.72,32.27,54.13,0
24,2025-12-16,2025-12-16 06:15:00,20.02,31.64,52.49,0
24,2025-12-16,2025-12-16 06:20:00,21.08,35.17,44.99,0
24,2025-12-16,2025-12-16 06:25:00,18.52,34.83,43.97,0
24,2025-12-16,2025-12-16 06:30:00,19.33,31.45,53.55,0
24,2025-12-16,2025-12-16 06:35:00,19.12,28.59,47.02,0
24,2025-12-16,2025-12-16 06:40:00,20.0,29.5,40.89,0
24,2025-12-16,2025-12-16 06:45:00,20.46,29.17,41.84,0
24,2025-12-16,2025-12-16 06:50:00,19.53,29.05,44.97,0
24,2025-12-16,2025-12-16 06:55:00,20.26,26.29,53.95,0
24,2025-12-16,2025-12-16 07:00:00,20.05,31.89,54.34,0
24,2025-12-16,2025-12-16 07:05:00,19.78,31.14,52.74,0
24,2025-12-16,2025-12-16 07:10:00,20.29,29.57,46.75,0
24,2025-12-16,2025-12-16 07:15:00,20.17,33.05,49.28,0
24,2025-12-16,2025-12-16 07:20:00,19.37,34.68,35.71,0
24,2025-12-16,2025-12-16 07:25:00,18.3,30.76,49.98,1
24,2025-12-16,2025-12-16 07:30:00,19.9,28.1,49.53,0
24,2025-12-16,2025-12-16 07:35:00,20.24,33.83,47.66,0
24,2025-12-16,2025-12-16 07:40:00,18.22,28.95,45.71,0
24,2025-12-16,2025-12-16 07:45:00,20.28,27.71,46.62,0
24,2025-12-16,2025-12-16 07:50:00,19.1,25.43,45.43,0
24,2025-12-16,2025-12-16 07:55:00,19.06,31.78,41.81,1
24,2025-12-16,2025-12-16 08:00:00,20.24,32.27,45.2,1
24,2025-12-16,2025-12-16 08:05:00,19.07,33.21,53.53,0
24,2025-12-16,2025-12-16 08:10:00,19.01,30.24,50.03,0
24,2025-12-16,2025-12-16 08:15:00,20.29,29.67,50.21,0
25,2025-12-17,2025-12-17 00:00:00,20.85,52.66,34.68,0
25,2025-12-17,2025-12-17 00:05:00,22.36,57.68,37.78,0
25,2025-12-17,2025-12-17 00:10:00,21.75,53.22,36.78,1
25,2025-12-17,2025-12-17 00:15:00,20.59,53.4,40.12,1
25,2025-12-17,2025-12-17 00:20:00,21.24,50.56,39.19,0
25,2025-12-17,2025-12-17 00:25:00,21.0,53.64,48.5,0
25,2025-12-17,2025-12-17 00:30:00,21.69,53.5,41.72,1
25,2025-12-17,2025-12-17 00:35:00,21.5,50.88,32.8,0
25,2025-12-17,2025-12-17 00:40:00,20.83,60.9,41.3,0
25,2025-12-17,2025-12-17 00:45:00,21.08,58.9,38.07,0
25,2025-12-17,2025-12-17 00:50:00,20.89,51.66,39.29,0
25,2025-12-17,2025-12-17 00:55:00,21.07,57.07,31.23,0
25,2025-12-17,2025-12-17 01:00:00,21.54,54.3,44.31,1
25,2025-12-17,2025-12-17 01:05:00,20.76,57.55,43.11,0
25,2025-12-17,2025-12-17 01:10:00,21.88,48.25,42.99,0
25,2025-12-17,2025-12-17 01:15:00,21.83,51.21,38.38,0
25,2025-12-17,2025-12-17 01:20:00,20.55,50.81,43.78,0
25,2025-12-17,2025-12-17 01:25:00,22.94,52.43,37.31,0
25,2025-12-17,2025-12-17 01:30:00,20.55,53.74,35.98,0
25,2025-12-17,2025-12-17 01:35:00,22.07,55.52,32.09,0
25,2025-12-17,2025-12-17 01:40:00,21.0,54.65,38.25,1
25,2025-12-17,2025-12-17 01:45:00,19.48,53.87,34.92,0
25,2025-12-17,2025-12-17 01:50:00,20.36,52.67,42.85,1
25,2025-12-17,2025-12-17 01:55:00,21.23,57.9,32.07,1
25,2025-12-17,2025-12-17 02:00:00,21.39,51.77,33.79,0
25,2025-12-17,2025-12-17 02:05:00,20.78,54.57,38.07,0
25,2025-12-17,2025-12-17 02:10:00,20.52,52.82,40.35,0
25,2025-12-17,2025-12-17 02:15:00,22.01,48.13,47.92,0
25,2025-12-17,2025-12-17 02:20:00,20.66,55.02,42.0,0
25,2025-12-17,2025-12-17 02:25:00,20.64,53.17,30.82,0
25,2025-12-17,2025-12-17 02:30:00,21.8,58.3,47.19,0
25,2025-12-17,2025-12-17 02:35:00,21.84,51.96,31.12,0
25,2025-12-17,2025-12-17 02:40:00,21.18,50.89,42.6,0
25,2025-12-17,2025-12-17 02:45:00,21.63,54.5,27.84,0
25,2025-12-17,2025-12-17 02:50:00,22.66,54.19,41.26,0
25,2025-12-17,2025-12-17 02:55:00,20.34,59.77,35.48,0
25,2025-12-17,2025-12-17 03:00:00,20.88,52.64,36.75,0
25,2025-12-17,2025-12-17 03:05:00,20.8,55.17,44.68,0
25,2025-12-17,2025-12-17 03:10:00,22.49,55.39,44.91,1
25,2025-12-17,2025-12-17 03:15:00,22.09,54.57,45.61,0
25,2025-12-17,2025-12-17 03:20:00,21.99,55.38,39.82,1
25,2025-12-17,2025-12-17 03:25:00,20.04,53.52,32.77,0
25,2025-12-17,2025-12-17 03:30:00,20.16,52.76,33.69,1
25,2025-12-17,2025-12-17 03:35:00,19.94,52.56,38.42,0
25,2025-12-17,2025-12-17 03:40:00,23.29,55.73,44.02,0
25,2025-12-17,2025-12-17 03:45:00,20.49,54.59,43.48,0
25,2025-12-17,2025-12-17 03:50:00,21.57,55.48,35.59,1
25,2025-12-17,2025-12-17 03:55:00,20.09,58.08,39.39,0
25,2025-12-17,2025-12-17 04:00:00,21.16,56.39,41.42,0
25,2025-12-17,2025-12-17 04:05:00,20.41,54.0,39.64,1
25,2025-12-17,2025-12-17 04:10:00,20.65,56.81,42.35,0
25,2025-12-17,2025-12-17 04:15:00,22.35,47.43,42.86,0
25,2025-12-17,2025-12-17 04:20:00,21.35,54.47,40.68,0
25,2025-12-17,2025-12-17 04:25:00,20.97,53.82,41.15,0
25,2025-12-17,2025-12-17 04:30:00,22.01,55.2,50.0,1
25,2025-12-17,2025-12-17 04:35:00,20.28,49.39,40.2,0
25,2025-12-17,2025-12-17 04:40:00,20.87,52.57,43.11,0
25,2025-12-17,2025-12-17 04:45:00,19.69,52.71,41.24,0
25,2025-12-17,2025-12-17 04:50:00,19.42,53.88,38.56,1
25,2025-12-17,2025-12-17 04:55:00,20.97,51.74,42.28,0
25,2025-12-17,2025-12-17 05:00:00,22.46,51.84,44.32,0
25,2025-12-17,2025-12-17 05:05:00,21.68,53.26,40.29,1
25,2025-12-17,2025-12-17 05:10:00,20.08,55.25,42.14,0
25,2025-12-17,2025-12-17 05:15:00,21.4,56.06,38.48,0
25,2025-12-17,2025-12-17 05:20:00,21.09,52.71,44.34,0
25,2025-12-17,2025-12-17 05:25:00,20.25,50.32,38.32,0
25,2025-12-17,2025-12-17 05:30:00,20.43,53.39,35.98,0
25,2025-12-17,2025-12-17 05:35:00,21.08,55.59,38.43,1
25,2025-12-17,2025-12-17 05:40:00,20.7,56.9,42.3,0
25,2025-12-17,2025-12-17 05:45:00,19.74,54.23,39.2,0
25,2025-12-17,2025-12-17 05:50:00,21.48,56.57,40.52,1
25,2025-12-17,2025-12-17 05:55:00,21.61,50.98,37.39,0
25,2025-12-17,2025-12-17 06:00:00,21.94,53.52,39.11,0
25,2025-12-17,2025-12-17 06:05:00,20.76,53.06,37.27,0
25,2025-12-17,2025-12-17 06:10:00,20.26,55.05,39.64,1
25,2025-12-17,2025-12-17 06:15:00,22.0,48.64,39.19,0
25,2025-12-17,2025-12-17 06:20:00,21.12,53.47,39.25,0
25,2025-12-17,2025-12-17 06:25:00,20.41,51.51,37.69,0
25,2025-12-17,2025-12-17 06:30:00,21.41,53.41,45.98,0
25,2025-12-17,2025-12-17 06:35:00,20.06,56.24,36.79,0
25,2025-12-17,2025-12-17 06:40:00,21.01,56.14,39.71,1
25,2025-12-17,2025-12-17 06:45:00,21.97,53.62,41.74,1
25,2025-12-17,2025-12-17 06:50:00,20.79,55.37,37.17,0
25,2025-12-17,2025-12-17 06:55:00,21.26,58.21,31.15,1
25,2025-12-17,2025-12-17 07:00:00,21.07,55.17,32.09,0
25,2025-12-17,2025-12-17 07:05:00,22.78,47.53,40.61,0
25,2025-12-17,2025-12-17 07:10:00,21.94,54.27,32.6,1
25,2025-12-17,2025-12-17 07:15:00,21.32,49.68,41.82,0
25,2025-12-17,2025-12-17 07:20:00,21.91,52.67,49.05,0
25,2025-12-17,2025-12-17 07:25:00,20.83,54.54,40.22,0
25,2025-12-17,2025-12-17 07:30:00,20.71,51.62,46.33,0
25,2025-12-17,2025-12-17 07:35:00,20.04,54.11,48.78,0
25,2025-12-17,2025-12-17 07:40:00,20.29,53.39,43.42,0
25,2025-12-17,2025-12-17 07:45:00,21.18,59.45,45.4,1
25,2025-12-17,2025-12-17 07:50:00,19.63,51.56,38.43,0
25,2025-12-17,2025-12-17 07:55:00,19.53,56.85,39.2,0
25,2025-12-17,2025-12-17 08:00:00,20.78,54.04,42.7,0
25,2025-12-17,2025-12-17 08:05:00,22.29,53.31,38.43,0
25,2025-12-17,2025-12-17 08:10:00,22.71,57.45,31.89,0
25,2025-12-17,2025-12-17 08:15:00,21.41,50.34,42.66,0
26,2025-12-18,2025-12-18 00:00:00,19.89,50.49,48.88,0
26,2025-12-18,2025-12-18 00:05:00,20.74,50.41,36.16,0
26,2025-12-18,2025-12-18 00:10:00,21.37,50.56,48.7,1
26,2025-12-18,2025-12-18 00:15:00,20.66,52.13,40.74,0
26,2025-12-18,2025-12-18 00:20:00,21.65,54.52,41.64,0
26,2025-12-18,2025-12-18 00:25:00,19.47,51.73,46.47,1
26,2025-12-18,2025-12-18 00:30:00,20.77,58.31,37.42,0
26,2025-12-18,2025-12-18 00:35:00,21.7,55.95,41.24,0
26,2025-12-18,2025-12-18 00:40:00,21.49,52.59,39.85,0
26,2025-12-18,2025-12-18 00:45:00,21.52,51.68,45.1,0
26,2025-12-18,2025-12-18 00:50:00,20.81,50.6,42.33,0
26,2025-12-18,2025-12-18 00:55:00,18.92,55.08,53.19,0
26,2025-12-18,2025-12-18 01:00:00,20.25,51.27,52.11,0
26,2025-12-18,2025-12-18 01:05:00,19.98,50.2,38.82,0
26,2025-12-18,2025-12-18 01:10:00,21.44,54.02,34.49,0
26,2025-12-18,2025-12-18 01:15:00,21.75,51.8,45.1,0
26,2025-12-18,2025-12-18 01:20:00,20.33,52.17,47.63,0
26,2025-12-18,2025-12-18 01:25:00,20.85,50.11,44.05,0
26,2025-12-18,2025-12-18 01:30:00,21.8,56.86,30.77,0
26,2025-12-18,2025-12-18 01:35:00,21.46,47.21,48.76,0
26,2025-12-18,2025-12-18 01:40:00,20.75,53.5,49.86,0
26,2025-12-18,2025-12-18 01:45:00,20.17,51.14,46.29,0
26,2025-12-18,2025-12-18 01:50:00,21.26,54.96,38.65,0
26,2025-12-18,2025-12-18 01:55:00,20.57,53.06,44.81,1
26,2025-12-18,2025-12-18 02:00:00,20.42,58.4,54.8,0
26,2025-12-18,2025-12-18 02:05:00,21.03,50.64,43.67,0
26,2025-12-18,2025-12-18 02:10:00,21.06,48.06,44.4,0
26,2025-12-18,2025-12-18 02:15:00,22.31,52.58,40.66,0
26,2025-12-18,2025-12-18 02:20:00,21.32,52.47,43.7,0
26,2025-12-18,2025-12-18 02:25:00,20.88,51.39,48.32,1
26,2025-12-18,2025-12-18 02:30:00,22.01,54.31,45.75,0
26,2025-12-18,2025-12-18 02:35:00,22.33,47.3,49.07,0
26,2025-12-18,2025-12-18 02:40:00,22.16,52.69,44.52,0
26,2025-12-18,2025-12-18 02:45:00,21.34,52.84,43.43,0
26,2025-12-18,2025-12-18 02:50:00,21.02,51.13,40.16,1
26,2025-12-18,2025-12-18 02:55:00,21.33,49.27,50.88,0
26,2025-12-18,2025-12-18 03:00:00,21.61,56.74,39.65,0
26,2025-12-18,2025-12-18 03:05:00,22.38,47.28,41.49,0
26,2025-12-18,2025-12-18 03:10:00,20.49,55.26,35.37,1
26,2025-12-18,2025-12-18 03:15:00,19.89,47.26,43.74,1
26,2025-12-18,2025-12-18 03:20:00,23.14,51.6,43.63,1
26,2025-12-18,2025-12-18 03:25:00,20.47,47.02,49.83,0
26,2025-12-18,2025-12-18 03:30:00,20.91,53.62,47.72,0
26,2025-12-18,2025-12-18 03:35:00,21.12,54.61,52.21,0
26,2025-12-18,2025-12-18 03:40:00,20.04,49.06,39.55,0
26,2025-12-18,2025-12-18 03:45:00,21.65,52.09,47.02,1
26,2025-12-18,2025-12-18 03:50:00,21.32,49.08,47.76,0
26,2025-12-18,2025-12-18 03:55:00,20.62,53.65,38.64,1
26,2025-12-18,2025-12-18 04:00:00,20.51,51.38,44.79,0
26,2025-12-18,2025-12-18 04:05:00,20.01,53.56,40.12,0
26,2025-12-18,2025-12-18 04:10:00,22.13,48.55,51.57,0
26,2025-12-18,2025-12-18 04:15:00,21.0,53.95,39.32,1
26,2025-12-18,2025-12-18 04:20:00,20.46,48.79,37.48,0
26,2025-12-18,2025-12-18 04:25:00,21.26,50.71,46.81,0
26,2025-12-18,2025-12-18 04:30:00,20.57,55.74,42.36,0
26,2025-12-18,2025-12-18 04:35:00,21.23,53.13,43.3,0
26,2025-12-18,2025-12-18 04:40:00,21.73,50.79,44.15,0
26,2025-12-18,2025-12-18 04:45:00,20.67,53.72,43.53,0
26,2025-12-18,2025-12-18 04:50:00,21.23,51.38,49.45,0
26,2025-12-18,2025-12-18 04:55:00,21.16,52.37,58.6,0
26,2025-12-18,2025-12-18 05:00:00,19.97,51.64,43.27,1
26,2025-12-18,2025-12-18 05:05:00,22.38,54.88,39.12,1
26,2025-12-18,2025-12-18 05:10:00,21.78,53.39,42.49,0
26,2025-12-18,2025-12-18 05:15:00,21.97,52.66,38.74,0
26,2025-12-18,2025-12-18 05:20:00,21.27,57.31,36.96,1
26,2025-12-18,2025-12-18 05:25:00,20.63,51.48,46.57,1
26,2025-12-18,2025-12-18 05:30:00,21.26,49.41,41.83,1
26,2025-12-18,2025-12-18 05:35:00,22.11,48.84,43.71,0
26,2025-12-18,2025-12-18 05:40:00,21.86,53.79,56.31,0
26,2025-12-18,2025-12-18 05:45:00,20.3,47.52,46.78,1
26,2025-12-18,2025-12-18 05:50:00,19.45,51.67,41.97,0
26,2025-12-18,2025-12-18 05:55:00,20.55,54.55,45.83,0
26,2025-12-18,2025-12-18 06:00:00,21.2,52.29,39.34,1
26,2025-12-18,2025-12-18 06:05:00,22.0,50.56,49.33,0
26,2025-12-18,2025-12-18 06:10:00,20.97,47.68,36.34,0
26,2025-12-18,2025-12-18 06:15:00,20.63,50.12,49.7,0
26,2025-12-18,2025-12-18 06:20:00,20.75,51.22,55.61,0
26,2025-12-18,2025-12-18 06:25:00,21.95,48.78,49.85,0
26,2025-12-18,2025-12-18 06:30:00,20.23,56.29,42.05,0
26,2025-12-18,2025-12-18 06:35:00,20.11,51.08,47.3,0
26,2025-12-18,2025-12-18 06:40:00,20.45,54.34,41.59,0
26,2025-12-18,2025-12-18 06:45:00,20.99,54.06,47.63,0
26,2025-12-18,2025-12-18 06:50:00,20.43,51.13,47.56,0
26,2025-12-18,2025-12-18 06:55:00,22.75,53.47,46.98,0
26,2025-12-18,2025-12-18 07:00:00,21.54,49.06,45.36,0
26,2025-12-18,2025-12-18 07:05:00,21.09,51.07,48.89,1
26,2025-12-18,2025-12-18 07:10:00,21.16,48.6,43.18,0
26,2025-12-18,2025-12-18 07:15:00,22.22,52.17,46.03,0
26,2025-12-18,2025-12-18 07:20:00,20.22,57.42,45.01,0
26,2025-12-18,2025-12-18 07:25:00,20.92,50.74,42.19,0
26,2025-12-18,2025-12-18 07:30:00,21.0,51.28,46.06,0
26,2025-12-18,2025-12-18 07:35:00,20.22,49.41,49.11,0
26,2025-12-18,2025-12-18 07:40:00,21.0,49.95,42.56,0
26,2025-12-18,2025-12-18 07:45:00,20.9,55.57,51.69,1
26,2025-12-18,2025-12-18 07:50:00,20.22,52.16,49.63,0
26,2025-12-18,2025-12-18 07:55:00,20.1,58.17,46.45,0
26,2025-12-18,2025-12-18 08:00:00,21.29,55.19,41.19,0
26,2025-12-18,2025-12-18 08:05:00,21.75,51.59,48.85,0
26,2025-12-18,2025-12-18 08:10:00,20.96,52.57,39.63,1
26,2025-12-18,2025-12-18 08:15:00,21.29,52.11,45.02,0
27,2025-12-19,2025-12-19 00:00:00,17.37,42.84,26.87,0
27,2025-12-19,2025-12-19 00:05:00,19.37,38.23,21.82,0
27,2025-12-19,2025-12-19 00:10:00,19.66,41.42,19.66,0
27,2025-12-19,2025-12-19 00:15:00,20.42,38.64,35.05,0
27,2025-12-19,2025-12-19 00:20:00,17.8,41.67,13.65,0
27,2025-12-19,2025-12-19 00:25:00,17.53,39.75,32.55,0
27,2025-12-19,2025-12-19 00:30:00,18.91,41.97,28.4,0
27,2025-12-19,2025-12-19 00:35:00,18.96,41.52,20.87,0
27,2025-12-19,2025-12-19 00:40:00,18.66,37.37,22.58,1
27,2025-12-19,2025-12-19 00:45:00,18.14,45.11,28.55,0
27,2025-12-19,2025-12-19 00:50:00,20.58,41.27,29.56,0
27,2025-12-19,2025-12-19 00:55:00,18.44,44.89,23.34,0
27,2025-12-19,2025-12-19 01:00:00,20.05,42.6,20.18,0
27,2025-12-19,2025-12-19 01:05:00,18.91,41.92,27.27,0
27,2025-12-19,2025-12-19 01:10:00,18.71,37.81,17.04,0
27,2025-12-19,2025-12-19 01:15:00,18.85,44.65,27.0,0
27,2025-12-19,2025-12-19 01:20:00,20.48,43.36,22.57,0
27,2025-12-19,2025-12-19 01:25:00,20.76,41.83,29.27,0
27,2025-12-19,2025-12-19 01:30:00,19.3,37.79,25.31,0
27,2025-12-19,2025-12-19 01:35:00,18.84,43.35,22.14,0
27,2025-12-19,2025-12-19 01:40:00,19.82,37.6,23.03,0
27,2025-12-19,2025-12-19 01:45:00,20.33,42.82,26.25,0
27,2025-12-19,2025-12-19 01:50:00,19.58,37.53,35.48,0
27,2025-12-19,2025-12-19 01:55:00,17.96,44.43,26.37,0
27,2025-12-19,2025-12-19 02:00:00,18.32,41.39,25.86,0
27,2025-12-19,2025-12-19 02:05:00,18.26,42.82,30.78,0
27,2025-12-19,2025-12-19 02:10:00,19.05,40.85,25.02,0
27,2025-12-19,2025-12-19 02:15:00,20.29,39.43,24.48,0
27,2025-12-19,2025-12-19 02:20:00,18.34,40.76,30.38,0
27,2025-12-19,2025-12-19 02:25:00,19.96,37.86,26.65,1
27,2025-12-19,2025-12-19 02:30:00,19.38,42.05,27.36,0
27,2025-12-19,2025-12-19 02:35:00,20.15,38.33,20.57,0
27,2025-12-19,2025-12-19 02:40:00,18.73,38.15,18.23,0
27,2025-12-19,2025-12-19 02:45:00,19.01,40.77,27.24,0
27,2025-12-19,2025-12-19 02:50:00,18.85,48.29,24.32,0
27,2025-12-19,2025-12-19 02:55:00,18.99,39.02,20.46,0
27,2025-12-19,2025-12-19 03:00:00,19.0,39.66,26.84,0
27,2025-12-19,2025-12-19 03:05:00,18.8,43.1,24.5,0
27,2025-12-19,2025-12-19 03:10:00,18.45,39.01,19.88,0
27,2025-12-19,2025-12-19 03:15:00,20.64,41.17,33.88,0
27,2025-12-19,2025-12-19 03:20:00,19.02,41.46,32.85,0
27,2025-12-19,2025-12-19 03:25:00,18.46,39.03,20.35,0
27,2025-12-19,2025-12-19 03:30:00,18.17,39.41,26.29,0
27,2025-12-19,2025-12-19 03:35:00,19.22,42.37,27.57,0
27,2025-12-19,2025-12-19 03:40:00,19.38,35.47,25.89,0
27,2025-12-19,2025-12-19 03:45:00,19.43,37.77,23.32,0
27,2025-12-19,2025-12-19 03:50:00,19.08,41.97,36.23,0
27,2025-12-19,2025-12-19 03:55:00,18.98,38.33,26.49,0
27,2025-12-19,2025-12-19 04:00:00,18.74,42.32,24.97,0
27,2025-12-19,2025-12-19 04:05:00,17.54,42.44,18.01,0
27,2025-12-19,2025-12-19 04:10:00,19.26,39.84,25.64,0
27,2025-12-19,2025-12-19 04:15:00,19.57,40.85,20.3,0
27,2025-12-19,2025-12-19 04:20:00,19.68,40.84,29.09,0
27,2025-12-19,2025-12-19 04:25:00,18.6,37.78,24.68,0
27,2025-12-19,2025-12-19 04:30:00,18.82,37.01,17.58,0
27,2025-12-19,2025-12-19 04:35:00,18.6,39.81,29.81,0
27,2025-12-19,2025-12-19 04:40:00,19.72,39.0,18.96,0
27,2025-12-19,2025-12-19 04:45:00,20.97,35.15,24.08,1
27,2025-12-19,2025-12-19 04:50:00,17.93,40.63,30.97,0
27,2025-12-19,2025-12-19 04:55:00,18.97,37.06,22.93,0
27,2025-12-19,2025-12-19 05:00:00,18.7,47.12,22.76,1
27,2025-12-19,2025-12-19 05:05:00,18.26,32.92,28.55,0
27,2025-12-19,2025-12-19 05:10:00,18.63,43.81,27.68,0
27,2025-12-19,2025-12-19 05:15:00,18.17,42.27,27.83,0
27,2025-12-19,2025-12-19 05:20:00,20.76,37.18,28.82,0
27,2025-12-19,2025-12-19 05:25:00,20.75,42.56,29.14,0
27,2025-12-19,2025-12-19 05:30:00,18.35,40.26,24.83,0
27,2025-12-19,2025-12-19 05:35:00,18.66,41.05,36.63,0
27,2025-12-19,2025-12-19 05:40:00,19.12,40.96,25.97,1
27,2025-12-19,2025-12-19 05:45:00,18.38,39.34,28.88,0
27,2025-12-19,2025-12-19 05:50:00,20.33,45.99,28.78,1
27,2025-12-19,2025-12-19 05:55:00,19.64,41.81,26.32,1
27,2025-12-19,2025-12-19 06:00:00,17.21,40.34,23.18,0
27,2025-12-19,2025-12-19 06:05:00,19.28,39.41,28.06,0
27,2025-12-19,2025-12-19 06:10:00,19.07,42.36,21.84,0
27,2025-12-19,2025-12-19 06:15:00,17.56,43.91,28.65,0
27,2025-12-19,2025-12-19 06:20:00,19.27,44.34,32.28,0
27,2025-12-19,2025-12-19 06:25:00,18.14,38.36,26.48,0
27,2025-12-19,2025-12-19 06:30:00,18.36,37.39,21.96,0
27,2025-12-19,2025-12-19 06:35:00,19.87,35.88,26.78,1
27,2025-12-19,2025-12-19 06:40:00,19.07,37.84,27.79,0
27,2025-12-19,2025-12-19 06:45:00,20.0,45.4,22.82,1
27,2025-12-19,2025-12-19 06:50:00,18.92,42.62,23.94,0
27,2025-12-19,2025-12-19 06:55:00,17.96,36.35,29.2,0
27,2025-12-19,2025-12-19 07:00:00,18.91,40.8,22.0,0
27,2025-12-19,2025-12-19 07:05:00,19.63,42.4,24.74,1
27,2025-12-19,2025-12-19 07:10:00,19.15,39.76,22.03,0
27,2025-12-19,2025-12-19 07:15:00,19.19,42.12,25.27,0
27,2025-12-19,2025-12-19 07:20:00,18.89,43.14,27.37,0
27,2025-12-19,2025-12-19 07:25:00,18.13,38.06,28.9,1
27,2025-12-19,2025-12-19 07:30:00,19.96,41.55,14.36,1
27,2025-12-19,2025-12-19 07:35:00,20.04,43.47,27.21,1
27,2025-12-19,2025-12-19 07:40:00,19.59,46.16,23.32,0
27,2025-12-19,2025-12-19 07:45:00,18.74,37.35,19.09,0
27,2025-12-19,2025-12-19 07:50:00,19.5,46.31,36.31,0
27,2025-12-19,2025-12-19 07:55:00,18.48,46.07,21.16,1
27,2025-12-19,2025-12-19 08:00:00,18.96,43.88,20.68,0
27,2025-12-19,2025-12-19 08:05:00,19.55,40.39,27.98,1
27,2025-12-19,2025-12-19 08:10:00,18.73,40.62,18.09,0
27,2025-12-19,2025-12-19 08:15:00,19.65,38.65,30.1,0
28,2025-12-20,2025-12-20 00:00:00,18.0,30.82,59.88,1
28,2025-12-20,2025-12-20 00:05:00,18.67,33.05,62.62,1
28,2025-12-20,2025-12-20 00:10:00,17.16,31.89,54.91,0
28,2025-12-20,2025-12-20 00:15:00,17.42,38.8,56.45,1
28,2025-12-20,2025-12-20 00:20:00,16.4,34.23,63.7,0
28,2025-12-20,2025-12-20 00:25:00,16.9,32.05,52.2,0
28,2025-12-20,2025-12-20 00:30:00,16.66,29.82,50.96,0
28,2025-12-20,2025-12-20 00:35:00,16.24,38.05,59.0,0
28,2025-12-20,2025-12-20 00:40:00,17.64,35.18,54.92,0
28,2025-12-20,2025-12-20 00:45:00,15.8,41.77,46.52,0
28,2025-12-20,2025-12-20 00:50:00,17.42,29.86,52.41,0
28,2025-12-20,2025-12-20 00:55:00,17.12,33.0,54.84,0
28,2025-12-20,2025-12-20 01:00:00,17.21,32.1,49.49,0
28,2025-12-20,2025-12-20 01:05:00,17.53,37.1,48.31,0
28,2025-12-20,2025-12-20 01:10:00,16.4,35.16,55.87,1
28,2025-12-20,2025-12-20 01:15:00,16.57,40.37,58.1,0
28,2025-12-20,2025-12-20 01:20:00,16.88,35.39,65.96,0
28,2025-12-20,2025-12-20 01:25:00,17.78,34.95,50.96,0
28,2025-12-20,2025-12-20 01:30:00,16.03,34.59,63.28,0
28,2025-12-20,2025-12-20 01:35:00,17.48,29.82,48.37,0
28,2025-12-20,2025-12-20 01:40:00,17.59,33.25,51.87,0
28,2025-12-20,2025-12-20 01:45:00,18.22,33.13,53.89,0
28,2025-12-20,2025-12-20 01:50:00,16.97,35.59,60.21,0
28,2025-12-20,2025-12-20 01:55:00,17.03,33.94,53.22,0
28,2025-12-20,2025-12-20 02:00:00,17.94,36.41,54.23,0
28,2025-12-20,2025-12-20 02:05:00,17.16,44.58,56.61,0
28,2025-12-20,2025-12-20 02:10:00,17.7,35.86,59.5,0
28,2025-12-20,2025-12-20 02:15:00,17.34,37.11,58.55,0
28,2025-12-20,2025-12-20 02:20:00,16.99,34.32,59.75,0
28,2025-12-20,2025-12-20 02:25:00,16.02,32.84,44.7,1
28,2025-12-20,2025-12-20 02:30:00,17.22,36.37,46.63,0
28,2025-12-20,2025-12-20 02:35:00,16.74,34.06,55.85,0
28,2025-12-20,2025-12-20 02:40:00,16.95,34.08,56.65,0
28,2025-12-20,2025-12-20 02:45:00,17.18,38.99,58.94,0
28,2025-12-20,2025-12-20 02:50:00,16.23,34.36,51.56,0
28,2025-12-20,2025-12-20 02:55:00,19.12,30.0,50.69,0
28,2025-12-20,2025-12-20 03:00:00,16.47,33.29,52.88,0
28,2025-12-20,2025-12-20 03:05:00,16.45,37.59,50.49,0
28,2025-12-20,2025-12-20 03:10:00,18.0,38.68,56.84,0
28,2025-12-20,2025-12-20 03:15:00,17.09,35.3,55.19,0
28,2025-12-20,2025-12-20 03:20:00,17.31,32.31,49.25,0
28,2025-12-20,2025-12-20 03:25:00,17.94,33.68,62.91,1
28,2025-12-20,2025-12-20 03:30:00,15.95,37.67,57.06,1
28,2025-12-20,2025-12-20 03:35:00,17.07,31.01,50.54,0
28,2025-12-20,2025-12-20 03:40:00,16.21,36.08,48.78,1
28,2025-12-20,2025-12-20 03:45:00,16.47,33.25,60.72,0
28,2025-12-20,2025-12-20 03:50:00,15.83,36.09,60.45,0
28,2025-12-20,2025-12-20 03:55:00,17.13,37.81,65.01,1
28,2025-12-20,2025-12-20 04:00:00,17.04,38.12,52.26,0
28,2025-12-20,2025-12-20 04:05:00,15.51,35.83,65.62,0
28,2025-12-20,2025-12-20 04:10:00,16.94,31.59,55.05,0
28,2025-12-20,2025-12-20 04:15:00,17.79,38.32,44.88,0
28,2025-12-20,2025-12-20 04:20:00,16.69,36.27,44.76,0
28,2025-12-20,2025-12-20 04:25:00,16.97,36.14,44.37,1
28,2025-12-20,2025-12-20 04:30:00,18.25,34.25,52.04,0
28,2025-12-20,2025-12-20 04:35:00,17.67,38.96,51.97,0
28,2025-12-20,2025-12-20 04:40:00,17.9,32.31,45.12,0
28,2025-12-20,2025-12-20 04:45:00,18.51,34.9,47.48,0
28,2025-12-20,2025-12-20 04:50:00,16.8,37.18,55.99,0
28,2025-12-20,2025-12-20 04:55:00,17.74,32.71,49.88,0
28,2025-12-20,2025-12-20 05:00:00,15.98,31.44,59.27,0
28,2025-12-20,2025-12-20 05:05:00,15.81,36.89,56.18,0
28,2025-12-20,2025-12-20 05:10:00,16.67,37.66,54.41,0
28,2025-12-20,2025-12-20 05:15:00,16.9,38.55,54.98,1
28,2025-12-20,2025-12-20 05:20:00,18.05,37.8,51.82,0
28,2025-12-20,2025-12-20 05:25:00,18.32,38.49,46.3,0
28,2025-12-20,2025-12-20 05:30:00,16.13,37.13,53.29,0
28,2025-12-20,2025-12-20 05:35:00,16.63,36.41,47.78,0
28,2025-12-20,2025-12-20 05:40:00,16.63,29.18,50.01,0
28,2025-12-20,2025-12-20 05:45:00,16.0,35.5,54.88,0
28,2025-12-20,2025-12-20 05:50:00,16.79,34.72,53.81,0
28,2025-12-20,2025-12-20 05:55:00,17.69,37.51,51.88,0
28,2025-12-20,2025-12-20 06:00:00,17.25,36.91,60.16,0
28,2025-12-20,2025-12-20 06:05:00,16.49,33.66,52.64,1
28,2025-12-20,2025-12-20 06:10:00,17.16,30.27,56.53,0
28,2025-12-20,2025-12-20 06:15:00,16.93,37.34,56.19,0
28,2025-12-20,2025-12-20 06:20:00,18.12,33.79,55.13,0
28,2025-12-20,2025-12-20 06:25:00,17.25,35.06,58.65,0
28,2025-12-20,2025-12-20 06:30:00,16.68,37.17,56.5,1
28,2025-12-20,2025-12-20 06:35:00,18.1,34.95,48.12,0
28,2025-12-20,2025-12-20 06:40:00,18.06,33.69,58.87,0
28,2025-12-20,2025-12-20 06:45:00,18.47,34.45,57.2,0
28,2025-12-20,2025-12-20 06:50:00,17.27,32.48,50.25,0
28,2025-12-20,2025-12-20 06:55:00,16.06,33.77,63.18,1
28,2025-12-20,2025-12-20 07:00:00,16.39,36.51,64.04,0
28,2025-12-20,2025-12-20 07:05:00,17.29,39.2,53.24,0
28,2025-12-20,2025-12-20 07:10:00,16.71,30.83,49.97,1
28,2025-12-20,2025-12-20 07:15:00,18.18,35.1,50.39,0
28,2025-12-20,2025-12-20 07:20:00,17.56,32.29,61.24,0
28,2025-12-20,2025-12-20 07:25:00,17.21,35.41,67.18,1
28,2025-12-20,2025-12-20 07:30:00,17.7,38.57,54.55,0
28,2025-12-20,2025-12-20 07:35:00,16.54,35.45,55.33,0
28,2025-12-20,2025-12-20 07:40:00,15.84,34.3,59.73,0
28,2025-12-20,2025-12-20 07:45:00,17.16,36.98,45.44,0
28,2025-12-20,2025-12-20 07:50:00,16.87,38.17,46.33,0
28,2025-12-20,2025-12-20 07:55:00,16.34,33.76,47.38,0
28,2025-12-20,2025-12-20 08:00:00,16.61,38.44,59.56,0
28,2025-12-20,2025-12-20 08:05:00,16.95,35.12,55.86,0
28,2025-12-20,2025-12-20 08:10:00,18.12,42.28,56.82,0
28,2025-12-20,2025-12-20 08:15:00,15.35,37.72,51.27,0
29,2025-12-21,2025-12-21 00:00:00,15.73,52.84,33.62,0
29,2025-12-21,2025-12-21 00:05:00,14.98,48.48,18.11,0
29,2025-12-21,2025-12-21 00:10:00,16.81,52.59,27.36,0
29,2025-12-21,2025-12-21 00:15:00,16.38,52.91,31.47,0
29,2025-12-21,2025-12-21 00:20:00,15.77,55.92,30.25,0
29,2025-12-21,2025-12-21 00:25:00,16.31,54.69,24.18,0
29,2025-12-21,2025-12-21 00:30:00,15.71,50.48,31.62,1
29,2025-12-21,2025-12-21 00:35:00,16.21,45.9,22.18,0
29,2025-12-21,2025-12-21 00:40:00,16.22,48.54,25.79,0
29,2025-12-21,2025-12-21 00:45:00,16.32,57.29,22.73,0
29,2025-12-21,2025-12-21 00:50:00,17.55,46.59,26.09,0
29,2025-12-21,2025-12-21 00:55:00,16.91,57.8,27.36,0
29,2025-12-21,2025-12-21 01:00:00,16.08,52.63,27.63,0
29,2025-12-21,2025-12-21 01:05:00,15.9,53.75,33.22,0
29,2025-12-21,2025-12-21 01:10:00,16.26,44.97,34.0,0
29,2025-12-21,2025-12-21 01:15:00,17.32,51.81,35.73,0
29,2025-12-21,2025-12-21 01:20:00,16.43,58.68,38.63,0
29,2025-12-21,2025-12-21 01:25:00,16.03,56.48,35.62,0
29,2025-12-21,2025-12-21 01:30:00,16.57,59.4,25.08,0
29,2025-12-21,2025-12-21 01:35:00,17.84,53.94,28.1,0
29,2025-12-21,2025-12-21 01:40:00,15.3,51.41,30.83,0
29,2025-12-21,2025-12-21 01:45:00,15.18,55.94,27.32,0
29,2025-12-21,2025-12-21 01:50:00,16.78,51.85,26.95,0
29,2025-12-21,2025-12-21 01:55:00,16.46,51.99,25.24,1
29,2025-12-21,2025-12-21 02:00:00,14.68,55.61,27.14,0
29,2025-12-21,2025-12-21 02:05:00,17.11,52.9,33.84,0
29,2025-12-21,2025-12-21 02:10:00,16.55,48.98,27.49,0
29,2025-12-21,2025-12-21 02:15:00,17.49,50.85,30.27,0
29,2025-12-21,2025-12-21 02:20:00,15.54,50.55,32.73,0
29,2025-12-21,2025-12-21 02:25:00,17.02,49.8,27.41,0
29,2025-12-21,2025-12-21 02:30:00,16.01,56.76,29.77,0
29,2025-12-21,2025-12-21 02:35:00,15.92,51.11,24.75,0
29,2025-12-21,2025-12-21 02:40:00,15.79,55.88,27.36,0
29,2025-12-21,2025-12-21 02:45:00,15.64,50.7,24.3,1
29,2025-12-21,2025-12-21 02:50:00,15.91,54.3,24.59,0
29,2025-12-21,2025-12-21 02:55:00,15.42,50.28,30.68,1
29,2025-12-21,2025-12-21 03:00:00,16.04,53.82,25.78,0
29,2025-12-21,2025-12-21 03:05:00,16.83,56.58,34.2,0
29,2025-12-21,2025-12-21 03:10:00,17.25,55.47,23.01,0
29,2025-12-21,2025-12-21 03:15:00,15.65,53.73,21.15,0
29,2025-12-21,2025-12-21 03:20:00,15.96,54.16,26.15,0
29,2025-12-21,2025-12-21 03:25:00,16.3,52.62,35.09,0
29,2025-12-21,2025-12-21 03:30:00,17.49,54.33,29.18,0
29,2025-12-21,2025-12-21 03:35:00,15.27,54.84,30.78,1
29,2025-12-21,2025-12-21 03:40:00,16.21,54.72,34.71,0
29,2025-12-21,2025-12-21 03:45:00,16.59,48.75,23.3,0
29,2025-12-21,2025-12-21 03:50:00,16.9,49.88,28.73,0
29,2025-12-21,2025-12-21 03:55:00,16.05,50.26,23.5,0
29,2025-12-21,2025-12-21 04:00:00,16.71,53.78,31.91,0
29,2025-12-21,2025-12-21 04:05:00,16.46,52.68,30.35,0
29,2025-12-21,2025-12-21 04:10:00,16.1,49.85,23.06,0
29,2025-12-21,2025-12-21 04:15:00,15.5,49.99,25.06,0
29,2025-12-21,2025-12-21 04:20:00,15.64,50.15,38.57,0
29,2025-12-21,2025-12-21 04:25:00,16.19,51.14,24.24,1
29,2025-12-21,2025-12-21 04:30:00,17.56,47.93,27.43,0
29,2025-12-21,2025-12-21 04:35:00,15.02,52.66,25.09,0
29,2025-12-21,2025-12-21 04:40:00,16.65,50.38,29.71,0
29,2025-12-21,2025-12-21 04:45:00,16.41,57.85,26.43,0
29,2025-12-21,2025-12-21 04:50:00,14.88,53.07,26.44,0
29,2025-12-21,2025-12-21 04:55:00,15.38,51.55,36.98,0
29,2025-12-21,2025-12-21 05:00:00,16.52,52.9,26.32,1
29,2025-12-21,2025-12-21 05:05:00,15.9,45.29,31.03,0
29,2025-12-21,2025-12-21 05:10:00,15.48,49.48,29.44,0
29,2025-12-21,2025-12-21 05:15:00,16.79,50.83,31.69,0
29,2025-12-21,2025-12-21 05:20:00,17.51,52.14,32.89,1
29,2025-12-21,2025-12-21 05:25:00,15.22,50.76,26.97,0
29,2025-12-21,2025-12-21 05:30:00,17.37,49.26,27.62,0
29,2025-12-21,2025-12-21 05:35:00,16.83,50.53,29.19,0
29,2025-12-21,2025-12-21 05:40:00,16.51,54.53,33.19,0
29,2025-12-21,2025-12-21 05:45:00,16.93,53.9,26.82,0
29,2025-12-21,2025-12-21 05:50:00,16.96,57.66,25.95,0
29,2025-12-21,2025-12-21 05:55:00,15.89,56.04,29.64,0
29,2025-12-21,2025-12-21 06:00:00,16.87,52.17,30.54,0
29,2025-12-21,2025-12-21 06:05:00,15.97,55.6,28.7,0
29,2025-12-21,2025-12-21 06:10:00,16.94,54.63,29.16,0
29,2025-12-21,2025-12-21 06:15:00,16.45,50.99,25.61,0
29,2025-12-21,2025-12-21 06:20:00,14.92,56.16,27.98,0
29,2025-12-21,2025-12-21 06:25:00,16.49,56.1,31.5,0
29,2025-12-21,2025-12-21 06:30:00,15.93,51.97,24.38,1
29,2025-12-21,2025-12-21 06:35:00,15.73,52.37,23.84,0
29,2025-12-21,2025-12-21 06:40:00,15.96,53.45,36.21,0
29,2025-12-21,2025-12-21 06:45:00,15.41,54.43,19.61,1
29,2025-12-21,2025-12-21 06:50:00,15.17,53.07,35.48,1
29,2025-12-21,2025-12-21 06:55:00,16.53,50.96,30.59,0
29,2025-12-21,2025-12-21 07:00:00,16.14,52.23,25.31,0
29,2025-12-21,2025-12-21 07:05:00,16.87,52.43,29.89,0
29,2025-12-21,2025-12-21 07:10:00,15.82,51.69,21.43,0
29,2025-12-21,2025-12-21 07:15:00,16.63,52.1,33.1,1
29,2025-12-21,2025-12-21 07:20:00,14.3,52.62,26.85,0
29,2025-12-21,2025-12-21 07:25:00,16.4,52.21,38.58,0
29,2025-12-21,2025-12-21 07:30:00,16.16,55.0,27.82,1
29,2025-12-21,2025-12-21 07:35:00,18.38,55.25,24.0,0
29,2025-12-21,2025-12-21 07:40:00,16.57,51.75,23.36,0
29,2025-12-21,2025-12-21 07:45:00,15.27,47.4,32.76,0
29,2025-12-21,2025-12-21 07:50:00,16.18,50.12,27.89,0
29,2025-12-21,2025-12-21 07:55:00,16.34,57.19,29.77,0
29,2025-12-21,2025-12-21 08:00:00,16.85,45.27,29.61,0
29,2025-12-21,2025-12-21 08:05:00,15.5,51.11,22.44,0
29,2025-12-21,2025-12-21 08:10:00,17.57,49.64,20.71,0
29,2025-12-21,2025-12-21 08:15:00,16.68,56.74,27.56,0
30,2025-12-22,2025-12-22 00:00:00,19.54,57.93,56.43,1
30,2025-12-22,2025-12-22 00:05:00,22.16,56.25,50.91,0
30,2025-12-22,2025-12-22 00:10:00,20.85,53.67,56.79,0
30,2025-12-22,2025-12-22 00:15:00,21.73,56.78,62.67,0
30,2025-12-22,2025-12-22 00:20:00,22.44,47.49,56.59,1
30,2025-12-22,2025-12-22 00:25:00,21.46,51.31,51.23,0
30,2025-12-22,2025-12-22 00:30:00,21.21,56.01,54.14,1
30,2025-12-22,2025-12-22 00:35:00,21.59,49.05,44.75,1
30,2025-12-22,2025-12-22 00:40:00,22.77,56.03,56.05,0
30,2025-12-22,2025-12-22 00:45:00,21.94,54.06,57.1,0
30,2025-12-22,2025-12-22 00:50:00,21.08,49.86,50.47,0
30,2025-12-22,2025-12-22 00:55:00,22.67,55.29,51.12,0
30,2025-12-22,2025-12-22 01:00:00,22.18,56.6,54.88,0
30,2025-12-22,2025-12-22 01:05:00,20.82,49.72,47.25,0
30,2025-12-22,2025-12-22 01:10:00,20.96,57.53,47.35,0
30,2025-12-22,2025-12-22 01:15:00,22.97,55.87,59.51,0
30,2025-12-22,2025-12-22 01:20:00,20.87,55.85,53.61,0
30,2025-12-22,2025-12-22 01:25:00,21.57,58.67,52.49,0
30,2025-12-22,2025-12-22 01:30:00,21.57,52.61,57.26,0
30,2025-12-22,2025-12-22 01:35:00,23.34,54.12,63.18,0
30,2025-12-22,2025-12-22 01:40:00,23.71,53.68,47.63,0
30,2025-12-22,2025-12-22 01:45:00,22.66,54.35,48.91,1
30,2025-12-22,2025-12-22 01:50:00,20.94,52.14,57.28,1
30,2025-12-22,2025-12-22 01:55:00,22.3,56.18,55.49,0
30,2025-12-22,2025-12-22 02:00:00,21.6,53.65,37.1,0
30,2025-12-22,2025-12-22 02:05:00,21.53,52.75,54.66,0
30,2025-12-22,2025-12-22 02:10:00,22.7,54.76,58.11,0
30,2025-12-22,2025-12-22 02:15:00,20.51,51.89,52.76,0
30,2025-12-22,2025-12-22 02:20:00,21.62,55.66,44.41,0
30,2025-12-22,2025-12-22 02:25:00,23.31,49.62,63.26,0
30,2025-12-22,2025-12-22 02:30:00,22.99,52.98,56.23,0
30,2025-12-22,2025-12-22 02:35:00,21.42,49.45,66.47,1
30,2025-12-22,2025-12-22 02:40:00,22.43,54.85,56.51,0
30,2025-12-22,2025-12-22 02:45:00,22.78,52.26,58.77,0
30,2025-12-22,2025-12-22 02:50:00,21.83,48.13,58.28,0
30,2025-12-22,2025-12-22 02:55:00,19.68,56.97,68.25,0
30,2025-12-22,2025-12-22 03:00:00,22.14,51.35,54.94,1
30,2025-12-22,2025-12-22 03:05:00,21.78,53.34,45.13,0
30,2025-12-22,2025-12-22 03:10:00,22.02,53.5,52.9,0
30,2025-12-22,2025-12-22 03:15:00,22.8,51.76,61.64,1
30,2025-12-22,2025-12-22 03:20:00,22.93,52.88,55.05,0
30,2025-12-22,2025-12-22 03:25:00,21.82,52.72,49.96,0
30,2025-12-22,2025-12-22 03:30:00,22.92,52.8,49.68,1
30,2025-12-22,2025-12-22 03:35:00,22.44,53.12,44.29,0
30,2025-12-22,2025-12-22 03:40:00,21.53,49.92,51.21,0
30,2025-12-22,2025-12-22 03:45:00,21.43,57.43,53.71,0
30,2025-12-22,2025-12-22 03:50:00,22.12,55.54,59.45,0
30,2025-12-22,2025-12-22 03:55:00,22.88,51.75,54.98,1
30,2025-12-22,2025-12-22 04:00:00,21.32,55.47,57.52,0
30,2025-12-22,2025-12-22 04:05:00,22.51,53.12,53.03,0
30,2025-12-22,2025-12-22 04:10:00,22.23,50.17,64.66,0
30,2025-12-22,2025-12-22 04:15:00,21.62,51.54,51.19,0
30,2025-12-22,2025-12-22 04:20:00,21.47,49.02,50.05,0
30,2025-12-22,2025-12-22 04:25:00,23.45,51.15,55.9,0
30,2025-12-22,2025-12-22 04:30:00,22.83,58.62,45.12,0
30,2025-12-22,2025-12-22 04:35:00,20.91,50.75,48.69,1
30,2025-12-22,2025-12-22 04:40:00,22.07,53.22,50.36,0
30,2025-12-22,2025-12-22 04:45:00,20.15,52.15,52.55,1
30,2025-12-22,2025-12-22 04:50:00,21.7,49.73,51.52,0
30,2025-12-22,2025-12-22 04:55:00,20.99,47.96,52.34,0
30,2025-12-22,2025-12-22 05:00:00,21.77,50.52,58.51,0
30,2025-12-22,2025-12-22 05:05:00,22.22,53.94,53.87,0
30,2025-12-22,2025-12-22 05:10:00,22.2,55.19,54.69,1
30,2025-12-22,2025-12-22 05:15:00,23.18,54.14,55.59,0
30,2025-12-22,2025-12-22 05:20:00,22.0,55.14,49.99,0
30,2025-12-22,2025-12-22 05:25:00,21.53,54.29,56.07,0
30,2025-12-22,2025-12-22 05:30:00,20.75,50.19,55.13,0
30,2025-12-22,2025-12-22 05:35:00,21.31,55.48,54.23,0
30,2025-12-22,2025-12-22 05:40:00,21.83,51.57,51.58,0
30,2025-12-22,2025-12-22 05:45:00,21.92,56.79,56.24,0
30,2025-12-22,2025-12-22 05:50:00,23.0,53.87,47.27,0
30,2025-12-22,2025-12-22 05:55:00,22.32,57.28,57.79,0
30,2025-12-22,2025-12-22 06:00:00,21.94,55.0,50.57,0
30,2025-12-22,2025-12-22 06:05:00,22.13,55.39,58.91,0
30,2025-12-22,2025-12-22 06:10:00,21.2,53.41,52.85,0
30,2025-12-22,2025-12-22 06:15:00,22.41,59.02,50.31,0
30,2025-12-22,2025-12-22 06:20:00,21.28,47.73,55.17,0
30,2025-12-22,2025-12-22 06:25:00,21.69,55.76,52.86,0
30,2025-12-22,2025-12-22 06:30:00,22.36,53.28,56.37,0
30,2025-12-22,2025-12-22 06:35:00,21.87,49.56,51.49,0
30,2025-12-22,2025-12-22 06:40:00,22.57,55.39,57.0,0
30,2025-12-22,2025-12-22 06:45:00,21.67,54.03,52.86,1
30,2025-12-22,2025-12-22 06:50:00,22.31,45.95,49.81,0
30,2025-12-22,2025-12-22 06:55:00,21.34,52.28,54.15,0
30,2025-12-22,2025-12-22 07:00:00,21.77,50.97,50.78,1
30,2025-12-22,2025-12-22 07:05:00,21.03,50.68,57.54,0
30,2025-12-22,2025-12-22 07:10:00,21.28,57.68,52.41,0
30,2025-12-22,2025-12-22 07:15:00,23.12,57.97,52.39,1
30,2025-12-22,2025-12-22 07:20:00,21.92,51.19,53.81,1
30,2025-12-22,2025-12-22 07:25:00,21.48,54.89,53.03,0
30,2025-12-22,2025-12-22 07:30:00,21.71,52.09,48.21,0
30,2025-12-22,2025-12-22 07:35:00,21.6,54.91,53.79,0
30,2025-12-22,2025-12-22 07:40:00,21.68,54.16,43.08,0
30,2025-12-22,2025-12-22 07:45:00,21.85,56.35,51.68,0
30,2025-12-22,2025-12-22 07:50:00,22.19,53.17,53.88,0
30,2025-12-22,2025-12-22 07:55:00,21.32,54.13,48.66,0
30,2025-12-22,2025-12-22 08:00:00,21.58,55.59,58.78,0
30,2025-12-22,2025-12-22 08:05:00,20.55,51.21,45.78,0
30,2025-12-22,2025-12-22 08:10:00,23.85,54.94,63.56,0
30,2025-12-22,2025-12-22 08:15:00,22.56,54.16,51.48,1
31,2025-12-23,2025-12-23 00:00:00,18.46,43.51,39.7,0
31,2025-12-23,2025-12-23 00:05:00,16.22,38.72,39.15,1
31,2025-12-23,2025-12-23 00:10:00,17.01,43.34,33.71,1
31,2025-12-23,2025-12-23 00:15:00,16.52,45.73,40.49,0
31,2025-12-23,2025-12-23 00:20:00,15.88,42.42,39.47,0
31,2025-12-23,2025-12-23 00:25:00,15.59,35.06,34.45,0
31,2025-12-23,2025-12-23 00:30:00,17.08,38.52,41.14,1
31,2025-12-23,2025-12-23 00:35:00,16.47,42.89,46.45,0
31,2025-12-23,2025-12-23 00:40:00,16.52,41.58,44.47,1
31,2025-12-23,2025-12-23 00:45:00,16.18,43.99,46.25,0
31,2025-12-23,2025-12-23 00:50:00,16.16,46.83,42.32,0
31,2025-12-23,2025-12-23 00:55:00,17.53,45.24,40.43,0
31,2025-12-23,2025-12-23 01:00:00,17.84,40.54,44.96,0
31,2025-12-23,2025-12-23 01:05:00,16.78,44.74,38.54,0
31,2025-12-23,2025-12-23 01:10:00,15.14,42.81,44.42,0
31,2025-12-23,2025-12-23 01:15:00,15.78,43.08,41.93,0
31,2025-12-23,2025-12-23 01:20:00,17.48,47.03,37.03,0
31,2025-12-23,2025-12-23 01:25:00,16.15,45.13,46.93,0
31,2025-12-23,2025-12-23 01:30:00,17.4,44.56,46.35,0
31,2025-12-23,2025-12-23 01:35:00,17.22,43.04,44.53,0
31,2025-12-23,2025-12-23 01:40:00,15.62,42.94,29.11,0
31,2025-12-23,2025-12-23 01:45:00,17.37,45.97,39.51,0
31,2025-12-23,2025-12-23 01:50:00,15.96,44.27,36.75,0
31,2025-12-23,2025-12-23 01:55:00,17.67,42.57,34.38,0
31,2025-12-23,2025-12-23 02:00:00,18.42,44.38,39.79,1
31,2025-12-23,2025-12-23 02:05:00,14.83,42.77,38.72,0
31,2025-12-23,2025-12-23 02:10:00,16.39,46.49,40.31,0
31,2025-12-23,2025-12-23 02:15:00,17.66,40.44,41.6,0
31,2025-12-23,2025-12-23 02:20:00,16.42,39.18,45.44,0
31,2025-12-23,2025-12-23 02:25:00,16.46,43.88,45.37,0
31,2025-12-23,2025-12-23 02:30:00,16.2,41.01,33.71,0
31,2025-12-23,2025-12-23 02:35:00,16.4,49.21,46.44,1
31,2025-12-23,2025-12-23 02:40:00,19.27,43.49,31.28,0
31,2025-12-23,2025-12-23 02:45:00,16.63,40.44,39.35,0
31,2025-12-23,2025-12-23 02:50:00,17.07,36.49,45.68,0
31,2025-12-23,2025-12-23 02:55:00,15.54,38.37,36.21,1
31,2025-12-23,2025-12-23 03:00:00,17.0,45.55,43.8,1
31,2025-12-23,2025-12-23 03:05:00,16.83,43.65,35.37,0
31,2025-12-23,2025-12-23 03:10:00,17.44,41.33,46.35,0
31,2025-12-23,2025-12-23 03:15:00,17.11,41.71,35.1,0
31,2025-12-23,2025-12-23 03:20:00,16.04,42.58,40.58,0
31,2025-12-23,2025-12-23 03:25:00,15.67,46.69,38.3,0
31,2025-12-23,2025-12-23 03:30:00,18.0,44.42,40.25,1
31,2025-12-23,2025-12-23 03:35:00,16.48,42.06,38.7,1
31,2025-12-23,2025-12-23 03:40:00,16.33,35.92,39.54,0
31,2025-12-23,2025-12-23 03:45:00,17.68,43.74,43.55,0
31,2025-12-23,2025-12-23 03:50:00,16.79,41.12,32.68,0
31,2025-12-23,2025-12-23 03:55:00,18.48,43.01,48.35,0
31,2025-12-23,2025-12-23 04:00:00,16.73,44.56,46.76,0
31,2025-12-23,2025-12-23 04:05:00,15.65,43.78,37.71,0
31,2025-12-23,2025-12-23 04:10:00,16.5,38.47,31.16,0
31,2025-12-23,2025-12-23 04:15:00,17.19,41.92,31.54,0
31,2025-12-23,2025-12-23 04:20:00,17.2,37.84,30.62,0
31,2025-12-23,2025-12-23 04:25:00,15.21,42.26,38.13,0
31,2025-12-23,2025-12-23 04:30:00,16.21,37.66,40.07,0
31,2025-12-23,2025-12-23 04:35:00,15.91,45.76,42.49,0
31,2025-12-23,2025-12-23 04:40:00,17.9,42.47,48.62,0
31,2025-12-23,2025-12-23 04:45:00,16.3,46.66,37.61,0
31,2025-12-23,2025-12-23 04:50:00,15.88,40.19,33.71,0
31,2025-12-23,2025-12-23 04:55:00,16.28,44.02,43.1,0
31,2025-12-23,2025-12-23 05:00:00,16.82,42.61,45.67,0
31,2025-12-23,2025-12-23 05:05:00,16.52,39.94,43.07,0
31,2025-12-23,2025-12-23 05:10:00,16.81,45.62,44.06,0
31,2025-12-23,2025-12-23 05:15:00,18.17,43.97,31.6,0
31,2025-12-23,2025-12-23 05:20:00,17.68,44.93,40.47,0
31,2025-12-23,2025-12-23 05:25:00,16.58,41.57,34.94,0
31,2025-12-23,2025-12-23 05:30:00,15.35,38.26,44.22,0
31,2025-12-23,2025-12-23 05:35:00,17.39,40.71,42.62,0
31,2025-12-23,2025-12-23 05:40:00,14.84,39.16,39.19,0
31,2025-12-23,2025-12-23 05:45:00,17.57,41.19,49.72,0
31,2025-12-23,2025-12-23 05:50:00,16.85,39.95,34.61,0
31,2025-12-23,2025-12-23 05:55:00,16.62,44.83,43.0,0
31,2025-12-23,2025-12-23 06:00:00,16.38,42.23,39.43,0
31,2025-12-23,2025-12-23 06:05:00,16.65,44.15,47.33,0
31,2025-12-23,2025-12-23 06:10:00,17.02,41.09,46.7,0
31,2025-12-23,2025-12-23 06:15:00,16.18,43.45,41.17,1
31,2025-12-23,2025-12-23 06:20:00,17.6,51.42,40.86,0
31,2025-12-23,2025-12-23 06:25:00,16.72,41.65,34.76,0
31,2025-12-23,2025-12-23 06:30:00,19.11,42.57,37.19,1
31,2025-12-23,2025-12-23 06:35:00,16.63,43.95,42.29,0
31,2025-12-23,2025-12-23 06:40:00,16.73,47.04,38.38,0
31,2025-12-23,2025-12-23 06:45:00,16.6,41.97,36.9,0
31,2025-12-23,2025-12-23 06:50:00,17.3,36.98,41.99,0
31,2025-12-23,2025-12-23 06:55:00,16.4,47.02,43.35,1
31,2025-12-23,2025-12-23 07:00:00,17.09,45.58,40.31,0
31,2025-12-23,2025-12-23 07:05:00,14.84,46.18,37.2,0
31,2025-12-23,2025-12-23 07:10:00,16.06,36.99,32.62,0
31,2025-12-23,2025-12-23 07:15:00,16.77,42.43,37.15,0
31,2025-12-23,2025-12-23 07:20:00,17.32,39.27,35.58,0
31,2025-12-23,2025-12-23 07:25:00,17.5,41.36,47.8,0
31,2025-12-23,2025-12-23 07:30:00,17.37,45.65,32.55,0
31,2025-12-23,2025-12-23 07:35:00,17.16,44.38,46.15,0
31,2025-12-23,2025-12-23 07:40:00,16.91,41.23,39.95,0
31,2025-12-23,2025-12-23 07:45:00,15.46,39.76,40.57,0
31,2025-12-23,2025-12-23 07:50:00,16.23,39.73,40.82,0
31,2025-12-23,2025-12-23 07:55:00,19.08,42.15,41.67,1
31,2025-12-23,2025-12-23 08:00:00,16.83,45.81,35.41,0
31,2025-12-23,2025-12-23 08:05:00,17.29,44.52,37.33,0
31,2025-12-23,2025-12-23 08:10:00,16.56,42.81,38.16,0
31,2025-12-23,2025-12-23 08:15:00,17.36,35.36,38.89,0
32,2025-12-24,2025-12-24 00:00:00,22.62,32.55,49.75,1
32,2025-12-24,2025-12-24 00:05:00,19.77,34.18,40.51,0
32,2025-12-24,2025-12-24 00:10:00,21.97,28.19,55.68,0
32,2025-12-24,2025-12-24 00:15:00,22.94,25.16,48.75,0
32,2025-12-24,2025-12-24 00:20:00,21.9,32.59,60.94,0
32,2025-12-24,2025-12-24 00:25:00,21.48,27.8,56.27,0
32,2025-12-24,2025-12-24 00:30:00,21.48,30.32,54.06,0
32,2025-12-24,2025-12-24 00:35:00,21.13,28.22,54.21,1
32,2025-12-24,2025-12-24 00:40:00,21.37,31.48,52.77,0
32,2025-12-24,2025-12-24 00:45:00,22.24,29.44,51.45,0
32,2025-12-24,2025-12-24 00:50:00,21.34,37.33,48.0,0
32,2025-12-24,2025-12-24 00:55:00,21.41,32.04,47.43,0
32,2025-12-24,2025-12-24 01:00:00,22.14,27.51,41.22,0
32,2025-12-24,2025-12-24 01:05:00,20.85,25.45,52.14,0
32,2025-12-24,2025-12-24 01:10:00,21.08,31.08,53.83,1
32,2025-12-24,2025-12-24 01:15:00,20.58,36.43,44.13,0
32,2025-12-24,2025-12-24 01:20:00,22.25,33.76,55.44,0
32,2025-12-24,2025-12-24 01:25:00,21.23,35.41,62.32,0
32,2025-12-24,2025-12-24 01:30:00,23.58,32.14,49.51,0
32,2025-12-24,2025-12-24 01:35:00,20.97,34.67,52.06,0
32,2025-12-24,2025-12-24 01:40:00,21.33,32.02,56.52,0
32,2025-12-24,2025-12-24 01:45:00,21.18,36.34,49.07,1
32,2025-12-24,2025-12-24 01:50:00,22.42,33.61,56.5,1
32,2025-12-24,2025-12-24 01:55:00,22.0,31.3,45.16,0
32,2025-12-24,2025-12-24 02:00:00,22.09,26.89,48.44,0
32,2025-12-24,2025-12-24 02:05:00,20.67,23.62,59.88,0
32,2025-12-24,2025-12-24 02:10:00,20.97,29.77,59.49,0
32,2025-12-24,2025-12-24 02:15:00,21.95,32.12,50.26,0
32,2025-12-24,2025-12-24 02:20:00,21.65,31.35,46.55,0
32,2025-12-24,2025-12-24 02:25:00,20.84,32.8,49.49,0
32,2025-12-24,2025-12-24 02:30:00,21.94,23.12,53.88,1
32,2025-12-24,2025-12-24 02:35:00,20.47,30.67,50.68,0
32,2025-12-24,2025-12-24 02:40:00,21.1,27.11,53.58,0
32,2025-12-24,2025-12-24 02:45:00,20.5,23.24,56.98,0
32,2025-12-24,2025-12-24 02:50:00,19.61,30.34,55.78,0
32,2025-12-24,2025-12-24 02:55:00,22.21,34.67,53.13,0
32,2025-12-24,2025-12-24 03:00:00,23.67,36.38,49.95,1
32,2025-12-24,2025-12-24 03:05:00,20.47,34.33,50.21,1
32,2025-12-24,2025-12-24 03:10:00,21.99,27.69,52.2,0
32,2025-12-24,2025-12-24 03:15:00,22.3,24.67,48.85,0
32,2025-12-24,2025-12-24 03:20:00,21.37,31.11,52.65,0
32,2025-12-24,2025-12-24 03:25:00,21.78,32.78,49.97,0
32,2025-12-24,2025-12-24 03:30:00,21.12,33.78,52.66,0
32,2025-12-24,2025-12-24 03:35:00,21.22,33.34,58.96,1
32,2025-12-24,2025-12-24 03:40:00,21.16,32.82,55.3,0
32,2025-12-24,2025-12-24 03:45:00,22.56,32.05,58.62,0
32,2025-12-24,2025-12-24 03:50:00,20.51,34.09,54.72,0
32,2025-12-24,2025-12-24 03:55:00,20.69,26.41,58.89,0
32,2025-12-24,2025-12-24 04:00:00,21.42,24.23,61.24,0
32,2025-12-24,2025-12-24 04:05:00,20.78,36.28,40.85,0
32,2025-12-24,2025-12-24 04:10:00,22.16,32.22,57.65,0
32,2025-12-24,2025-12-24 04:15:00,21.26,27.96,58.57,0
32,2025-12-24,2025-12-24 04:20:00,21.5,31.96,45.71,1
32,2025-12-24,2025-12-24 04:25:00,22.91,26.58,51.96,0
32,2025-12-24,2025-12-24 04:30:00,21.15,31.9,55.93,1
32,2025-12-24,2025-12-24 04:35:00,21.76,28.69,55.07,0
32,2025-12-24,2025-12-24 04:40:00,21.91,30.23,55.05,0
32,2025-12-24,2025-12-24 04:45:00,22.82,30.51,54.3,0
32,2025-12-24,2025-12-24 04:50:00,20.8,32.6,52.51,0
32,2025-12-24,2025-12-24 04:55:00,21.98,31.63,55.89,0
32,2025-12-24,2025-12-24 05:00:00,22.64,31.52,48.53,0
32,2025-12-24,2025-12-24 05:05:00,21.59,26.73,49.05,0
32,2025-12-24,2025-12-24 05:10:00,22.26,32.8,58.75,0
32,2025-12-24,2025-12-24 05:15:00,20.02,37.9,51.69,1
32,2025-12-24,2025-12-24 05:20:00,22.71,29.43,56.11,0
32,2025-12-24,2025-12-24 05:25:00,21.76,33.39,50.89,0
32,2025-12-24,2025-12-24 05:30:00,21.51,34.57,54.88,0
32,2025-12-24,2025-12-24 05:35:00,20.7,29.5,52.49,0
32,2025-12-24,2025-12-24 05:40:00,22.03,33.53,50.28,1
32,2025-12-24,2025-12-24 05:45:00,22.03,27.65,56.03,0
32,2025-12-24,2025-12-24 05:50:00,22.39,31.0,53.99,0
32,2025-12-24,2025-12-24 05:55:00,21.39,25.49,47.42,0
32,2025-12-24,2025-12-24 06:00:00,23.2,32.18,47.35,0
32,2025-12-24,2025-12-24 06:05:00,21.93,33.77,48.07,0
32,2025-12-24,2025-12-24 06:10:00,20.71,27.91,54.4,1
32,2025-12-24,2025-12-24 06:15:00,22.91,34.54,47.04,0
32,2025-12-24,2025-12-24 06:20:00,21.38,27.96,41.53,0
32,2025-12-24,2025-12-24 06:25:00,21.42,28.12,55.97,0
32,2025-12-24,2025-12-24 06:30:00,21.72,33.36,49.27,1
32,2025-12-24,2025-12-24 06:35:00,21.77,33.64,45.09,1
32,2025-12-24,2025-12-24 06:40:00,22.88,33.23,49.11,0
32,2025-12-24,2025-12-24 06:45:00,21.56,31.39,46.42,0
32,2025-12-24,2025-12-24 06:50:00,20.0,29.61,42.9,0
32,2025-12-24,2025-12-24 06:55:00,21.37,33.99,42.79,0
32,2025-12-24,2025-12-24 07:00:00,21.63,32.15,52.04,1
32,2025-12-24,2025-12-24 07:05:00,20.52,27.47,53.48,0
32,2025-12-24,2025-12-24 07:10:00,20.49,28.51,54.83,1
32,2025-12-24,2025-12-24 07:15:00,22.49,35.34,56.25,0
32,2025-12-24,2025-12-24 07:20:00,21.11,31.76,48.32,0
32,2025-12-24,2025-12-24 07:25:00,21.65,33.05,52.88,0
32,2025-12-24,2025-12-24 07:30:00,20.58,32.68,59.97,0
32,2025-12-24,2025-12-24 07:35:00,22.24,32.28,54.12,0
32,2025-12-24,2025-12-24 07:40:00,22.67,27.98,45.64,0
32,2025-12-24,2025-12-24 07:45:00,21.63,26.11,45.38,0
32,2025-12-24,2025-12-24 07:50:00,21.34,31.02,52.83,0
32,2025-12-24,2025-12-24 07:55:00,21.73,31.78,54.98,0
32,2025-12-24,2025-12-24 08:00:00,21.15,35.24,45.77,0
32,2025-12-24,2025-12-24 08:05:00,21.56,32.17,53.66,0
32,2025-12-24,2025-12-24 08:10:00,20.94,31.02,51.78,0
32,2025-12-24,2025-12-24 08:15:00,21.19,31.6,58.51,0
33,2025-12-25,2025-12-25 00:00:00,19.88,51.39,44.17,0
33,2025-12-25,2025-12-25 00:05:00,20.79,52.65,39.49,0
33,2025-12-25,2025-12-25 00:10:00,20.96,57.58,33.14,0
33,2025-12-25,2025-12-25 00:15:00,21.99,53.74,46.7,0
33,2025-12-25,2025-12-25 00:20:00,20.55,55.46,37.68,0
33,2025-12-25,2025-12-25 00:25:00,20.34,54.63,38.07,1
33,2025-12-25,2025-12-25 00:30:00,20.63,53.98,44.08,0
33,2025-12-25,2025-12-25 00:35:00,20.09,48.64,36.96,0
33,2025-12-25,2025-12-25 00:40:00,19.87,49.92,46.1,0
33,2025-12-25,2025-12-25 00:45:00,20.48,50.65,42.16,0
33,2025-12-25,2025-12-25 00:50:00,19.65,58.5,46.38,0
33,2025-12-25,2025-12-25 00:55:00,21.07,50.88,43.86,0
33,2025-12-25,2025-12-25 01:00:00,19.8,51.68,36.19,0
33,2025-12-25,2025-12-25 01:05:00,20.05,54.67,48.83,0
33,2025-12-25,2025-12-25 01:10:00,19.96,52.27,37.32,0
33,2025-12-25,2025-12-25 01:15:00,20.27,48.96,44.04,0
33,2025-12-25,2025-12-25 01:20:00,20.65,52.6,37.63,0
33,2025-12-25,2025-12-25 01:25:00,21.24,53.34,46.03,0
33,2025-12-25,2025-12-25 01:30:00,22.24,56.43,36.31,0
33,2025-12-25,2025-12-25 01:35:00,21.32,50.13,44.59,0
33,2025-12-25,2025-12-25 01:40:00,19.06,46.15,42.77,0
33,2025-12-25,2025-12-25 01:45:00,20.93,45.36,38.76,0
33,2025-12-25,2025-12-25 01:50:00,20.45,48.48,42.89,0
33,2025-12-25,2025-12-25 01:55:00,20.56,50.2,40.47,0
33,2025-12-25,2025-12-25 02:00:00,20.38,56.15,45.38,0
33,2025-12-25,2025-12-25 02:05:00,20.45,52.76,43.18,0
33,2025-12-25,2025-12-25 02:10:00,21.19,49.12,44.83,0
33,2025-12-25,2025-12-25 02:15:00,19.86,51.92,40.6,0
33,2025-12-25,2025-12-25 02:20:00,19.4,48.54,40.69,0
33,2025-12-25,2025-12-25 02:25:00,19.79,54.07,43.66,0
33,2025-12-25,2025-12-25 02:30:00,20.66,50.2,41.56,0
33,2025-12-25,2025-12-25 02:35:00,20.13,52.86,38.36,1
33,2025-12-25,2025-12-25 02:40:00,20.12,54.11,44.8,0
33,2025-12-25,2025-12-25 02:45:00,20.72,53.52,44.17,1
33,2025-12-25,2025-12-25 02:50:00,20.34,50.01,42.47,0
33,2025-12-25,2025-12-25 02:55:00,22.16,51.81,31.7,1
33,2025-12-25,2025-12-25 03:00:00,21.28,55.72,31.29,0
33,2025-12-25,2025-12-25 03:05:00,20.55,50.11,40.44,0
33,2025-12-25,2025-12-25 03:10:00,19.05,46.52,41.34,0
33,2025-12-25,2025-12-25 03:15:00,20.16,55.3,36.95,0
33,2025-12-25,2025-12-25 03:20:00,20.56,49.34,37.2,0
33,2025-12-25,2025-12-25 03:25:00,21.79,53.57,44.27,1
33,2025-12-25,2025-12-25 03:30:00,20.68,44.22,34.17,0
33,2025-12-25,2025-12-25 03:35:00,19.98,48.79,31.49,0
33,2025-12-25,2025-12-25 03:40:00,20.94,51.99,39.07,0
33,2025-12-25,2025-12-25 03:45:00,22.22,49.68,41.69,0
33,2025-12-25,2025-12-25 03:50:00,20.54,49.66,38.16,0
33,2025-12-25,2025-12-25 03:55:00,21.33,47.63,45.15,0
33,2025-12-25,2025-12-25 04:00:00,20.94,45.93,43.15,0
33,2025-12-25,2025-12-25 04:05:00,19.68,46.46,42.46,0
33,2025-12-25,2025-12-25 04:10:00,20.44,50.5,44.13,0
33,2025-12-25,2025-12-25 04:15:00,20.77,52.18,37.59,0
33,2025-12-25,2025-12-25 04:20:00,21.88,47.7,32.93,0
33,2025-12-25,2025-12-25 04:25:00,20.26,52.25,40.27,0
33,2025-12-25,2025-12-25 04:30:00,19.46,50.71,38.77,0
33,2025-12-25,2025-12-25 04:35:00,20.88,53.92,39.28,0
33,2025-12-25,2025-12-25 04:40:00,20.57,48.12,43.38,0
33,2025-12-25,2025-12-25 04:45:00,19.25,48.4,40.01,0
33,2025-12-25,2025-12-25 04:50:00,20.25,50.43,41.51,0
33,2025-12-25,2025-12-25 04:55:00,20.13,55.73,35.59,0
33,2025-12-25,2025-12-25 05:00:00,20.83,52.46,36.8,0
33,2025-12-25,2025-12-25 05:05:00,20.7,52.9,31.93,0
33,2025-12-25,2025-12-25 05:10:00,20.71,50.39,38.65,0
33,2025-12-25,2025-12-25 05:15:00,19.12,52.17,47.59,1
33,2025-12-25,2025-12-25 05:20:00,21.15,51.27,41.73,1
33,2025-12-25,2025-12-25 05:25:00,21.33,48.03,33.65,0
33,2025-12-25,2025-12-25 05:30:00,21.86,53.22,38.12,0
33,2025-12-25,2025-12-25 05:35:00,20.92,52.83,35.73,0
33,2025-12-25,2025-12-25 05:40:00,20.43,52.15,44.69,0
33,2025-12-25,2025-12-25 05:45:00,20.21,51.28,38.61,0
33,2025-12-25,2025-12-25 05:50:00,20.62,51.98,42.92,0
33,2025-12-25,2025-12-25 05:55:00,19.3,50.23,45.01,0
33,2025-12-25,2025-12-25 06:00:00,20.66,50.44,29.48,1
33,2025-12-25,2025-12-25 06:05:00,22.14,51.3,38.2,0
33,2025-12-25,2025-12-25 06:10:00,21.03,49.14,44.02,0
33,2025-12-25,2025-12-25 06:15:00,19.78,53.55,40.93,0
33,2025-12-25,2025-12-25 06:20:00,21.52,51.3,32.85,0
33,2025-12-25,2025-12-25 06:25:00,21.09,53.4,42.44,0
33,2025-12-25,2025-12-25 06:30:00,20.41,49.75,36.97,0
33,2025-12-25,2025-12-25 06:35:00,19.88,50.32,39.49,1
33,2025-12-25,2025-12-25 06:40:00,20.3,50.01,44.63,0
33,2025-12-25,2025-12-25 06:45:00,21.12,50.35,46.62,0
33,2025-12-25,2025-12-25 06:50:00,21.58,52.18,42.5,1
33,2025-12-25,2025-12-25 06:55:00,20.77,49.99,33.35,0
33,2025-12-25,2025-12-25 07:00:00,20.26,53.86,38.85,0
33,2025-12-25,2025-12-25 07:05:00,20.49,50.04,40.41,0
33,2025-12-25,2025-12-25 07:10:00,20.15,49.17,39.96,0
33,2025-12-25,2025-12-25 07:15:00,21.4,48.08,42.16,0
33,2025-12-25,2025-12-25 07:20:00,19.33,52.12,40.34,0
33,2025-12-25,2025-12-25 07:25:00,22.2,47.56,35.11,0
33,2025-12-25,2025-12-25 07:30:00,21.06,53.41,55.45,0
33,2025-12-25,2025-12-25 07:35:00,19.62,55.55,42.18,0
33,2025-12-25,2025-12-25 07:40:00,21.27,47.67,44.25,0
33,2025-12-25,2025-12-25 07:45:00,18.89,55.7,36.84,1
33,2025-12-25,2025-12-25 07:50:00,22.11,51.62,40.29,0
33,2025-12-25,2025-12-25 07:55:00,21.51,50.19,39.09,0
33,2025-12-25,2025-12-25 08:00:00,20.89,57.85,46.51,0
33,2025-12-25,2025-12-25 08:05:00,19.91,46.71,48.61,1
33,2025-12-25,2025-12-25 08:10:00,21.13,51.63,40.92,0
33,2025-12-25,2025-12-25 08:15:00,20.48,52.5,42.03,0
34,2025-12-26,2025-12-26 00:00:00,14.43,44.03,14.2,0
34,2025-12-26,2025-12-26 00:05:00,15.35,40.99,17.83,1
34,2025-12-26,2025-12-26 00:10:00,15.18,39.87,35.53,0
34,2025-12-26,2025-12-26 00:15:00,14.92,48.18,24.61,0
34,2025-12-26,2025-12-26 00:20:00,15.83,46.73,28.61,0
34,2025-12-26,2025-12-26 00:25:00,14.72,45.41,24.24,0
34,2025-12-26,2025-12-26 00:30:00,15.25,49.0,31.87,0
34,2025-12-26,2025-12-26 00:35:00,14.64,41.52,24.64,1
34,2025-12-26,2025-12-26 00:40:00,16.09,40.07,33.43,0
34,2025-12-26,2025-12-26 00:45:00,15.31,51.04,28.23,0
34,2025-12-26,2025-12-26 00:50:00,15.38,46.02,23.88,0
34,2025-12-26,2025-12-26 00:55:00,14.96,43.76,25.55,0
34,2025-12-26,2025-12-26 01:00:00,15.4,39.3,25.31,0
34,2025-12-26,2025-12-26 01:05:00,15.11,44.46,22.15,0
34,2025-12-26,2025-12-26 01:10:00,15.52,45.65,31.07,0
34,2025-12-26,2025-12-26 01:15:00,15.16,43.96,26.59,0
34,2025-12-26,2025-12-26 01:20:00,14.29,48.93,13.58,0
34,2025-12-26,2025-12-26 01:25:00,14.89,45.36,30.69,0
34,2025-12-26,2025-12-26 01:30:00,14.72,44.26,22.46,0
34,2025-12-26,2025-12-26 01:35:00,15.89,43.17,20.3,0
34,2025-12-26,2025-12-26 01:40:00,14.86,45.68,20.84,0
34,2025-12-26,2025-12-26 01:45:00,14.39,40.84,29.65,0
34,2025-12-26,2025-12-26 01:50:00,17.63,46.52,24.54,1
34,2025-12-26,2025-12-26 01:55:00,15.7,48.98,23.97,1
34,2025-12-26,2025-12-26 02:00:00,14.91,39.83,35.57,1
34,2025-12-26,2025-12-26 02:05:00,14.25,43.8,20.95,0
34,2025-12-26,2025-12-26 02:10:00,14.23,44.01,29.32,0
34,2025-12-26,2025-12-26 02:15:00,15.8,50.11,34.6,0
34,2025-12-26,2025-12-26 02:20:00,13.84,50.29,23.86,0
34,2025-12-26,2025-12-26 02:25:00,14.85,44.75,18.92,0
34,2025-12-26,2025-12-26 02:30:00,13.76,48.68,31.85,0
34,2025-12-26,2025-12-26 02:35:00,14.78,44.07,27.18,0
34,2025-12-26,2025-12-26 02:40:00,15.12,42.88,18.71,0
34,2025-12-26,2025-12-26 02:45:00,16.76,44.64,25.13,1
34,2025-12-26,2025-12-26 02:50:00,13.61,42.97,27.99,0
34,2025-12-26,2025-12-26 02:55:00,14.34,44.97,29.06,0
34,2025-12-26,2025-12-26 03:00:00,14.53,44.4,26.8,1
34,2025-12-26,2025-12-26 03:05:00,15.5,49.62,27.49,0
34,2025-12-26,2025-12-26 03:10:00,16.04,46.11,29.39,0
34,2025-12-26,2025-12-26 03:15:00,15.58,47.19,20.27,0
34,2025-12-26,2025-12-26 03:20:00,12.78,43.91,31.58,0
34,2025-12-26,2025-12-26 03:25:00,13.91,45.28,27.44,0
34,2025-12-26,2025-12-26 03:30:00,15.16,38.06,21.0,0
34,2025-12-26,2025-12-26 03:35:00,15.78,41.28,26.56,1
34,2025-12-26,2025-12-26 03:40:00,16.35,43.14,38.4,0
34,2025-12-26,2025-12-26 03:45:00,15.02,44.77,18.86,0
34,2025-12-26,2025-12-26 03:50:00,16.28,41.12,24.74,0
34,2025-12-26,2025-12-26 03:55:00,15.08,41.6,24.94,0
34,2025-12-26,2025-12-26 04:00:00,14.69,44.84,33.03,1
34,2025-12-26,2025-12-26 04:05:00,14.76,40.46,27.84,0
34,2025-12-26,2025-12-26 04:10:00,15.08,45.81,20.24,0
34,2025-12-26,2025-12-26 04:15:00,16.01,44.99,26.63,0
34,2025-12-26,2025-12-26 04:20:00,14.57,45.61,26.7,0
34,2025-12-26,2025-12-26 04:25:00,13.83,39.95,30.43,0
34,2025-12-26,2025-12-26 04:30:00,14.87,48.28,28.36,1
34,2025-12-26,2025-12-26 04:35:00,14.14,43.0,26.39,0
34,2025-12-26,2025-12-26 04:40:00,14.19,42.37,27.85,0
34,2025-12-26,2025-12-26 04:45:00,15.29,40.78,22.15,1
34,2025-12-26,2025-12-26 04:50:00,16.73,44.28,34.95,0
34,2025-12-26,2025-12-26 04:55:00,14.07,47.77,18.73,0
34,2025-12-26,2025-12-26 05:00:00,14.38,42.79,20.03,0
34,2025-12-26,2025-12-26 05:05:00,13.55,41.99,22.84,0
34,2025-12-26,2025-12-26 05:10:00,16.31,42.66,28.55,1
34,2025-12-26,2025-12-26 05:15:00,13.84,44.9,26.7,0
34,2025-12-26,2025-12-26 05:20:00,15.26,44.63,28.35,0
34,2025-12-26,2025-12-26 05:25:00,14.1,44.79,28.88,1
34,2025-12-26,2025-12-26 05:30:00,13.98,40.21,14.81,0
34,2025-12-26,2025-12-26 05:35:00,15.66,46.89,30.05,0
34,2025-12-26,2025-12-26 05:40:00,15.25,37.77,20.75,0
34,2025-12-26,2025-12-26 05:45:00,15.14,44.23,28.79,1
34,2025-12-26,2025-12-26 05:50:00,15.1,42.25,30.79,0
34,2025-12-26,2025-12-26 05:55:00,14.66,46.1,23.72,0
34,2025-12-26,2025-12-26 06:00:00,14.97,43.61,19.64,0
34,2025-12-26,2025-12-26 06:05:00,15.63,44.54,22.76,0
34,2025-12-26,2025-12-26 06:10:00,13.7,38.86,25.56,0
34,2025-12-26,2025-12-26 06:15:00,14.03,46.1,38.02,0
34,2025-12-26,2025-12-26 06:20:00,14.78,45.23,26.37,0
34,2025-12-26,2025-12-26 06:25:00,14.79,46.98,18.23,0
34,2025-12-26,2025-12-26 06:30:00,14.59,36.43,28.1,0
34,2025-12-26,2025-12-26 06:35:00,14.97,44.48,28.78,0
34,2025-12-26,2025-12-26 06:40:00,13.82,37.48,22.28,0
34,2025-12-26,2025-12-26 06:45:00,14.5,43.28,29.21,0
34,2025-12-26,2025-12-26 06:50:00,15.77,46.33,15.79,1
34,2025-12-26,2025-12-26 06:55:00,16.06,48.6,29.48,0
34,2025-12-26,2025-12-26 07:00:00,14.05,46.66,29.98,0
34,2025-12-26,2025-12-26 07:05:00,14.22,40.75,30.41,0
34,2025-12-26,2025-12-26 07:10:00,16.7,40.49,31.0,0
34,2025-12-26,2025-12-26 07:15:00,14.21,41.54,20.6,0
34,2025-12-26,2025-12-26 07:20:00,15.87,47.3,21.19,0
34,2025-12-26,2025-12-26 07:25:00,16.28,42.15,23.48,0
34,2025-12-26,2025-12-26 07:30:00,15.21,44.89,24.94,0
34,2025-12-26,2025-12-26 07:35:00,15.67,41.72,29.94,0
34,2025-12-26,2025-12-26 07:40:00,15.42,41.53,19.47,0
34,2025-12-26,2025-12-26 07:45:00,14.94,42.0,19.87,0
34,2025-12-26,2025-12-26 07:50:00,14.34,39.79,23.57,0
34,2025-12-26,2025-12-26 07:55:00,15.37,41.77,16.82,0
34,2025-12-26,2025-12-26 08:00:00,15.99,42.54,25.49,0
34,2025-12-26,2025-12-26 08:05:00,14.58,45.02,26.33,0
34,2025-12-26,2025-12-26 08:10:00,13.71,41.41,25.14,0
34,2025-12-26,2025-12-26 08:15:00,14.29,43.05,22.43,1
35,2025-12-27,2025-12-27 00:00:00,15.91,50.16,49.5,0
35,2025-12-27,2025-12-27 00:05:00,15.72,50.39,42.09,1
35,2025-12-27,2025-12-27 00:10:00,18.75,48.5,48.78,0
35,2025-12-27,2025-12-27 00:15:00,17.09,53.83,43.18,0
35,2025-12-27,2025-12-27 00:20:00,17.54,52.79,54.12,0
35,2025-12-27,2025-12-27 00:25:00,18.54,57.01,40.21,0
35,2025-12-27,2025-12-27 00:30:00,15.95,54.53,41.82,0
35,2025-12-27,2025-12-27 00:35:00,16.19,47.4,51.0,0
35,2025-12-27,2025-12-27 00:40:00,18.37,50.52,53.62,0
35,2025-12-27,2025-12-27 00:45:00,17.61,48.72,43.26,0
35,2025-12-27,2025-12-27 00:50:00,16.26,50.33,49.32,0
35,2025-12-27,2025-12-27 00:55:00,16.0,52.81,49.11,0
35,2025-12-27,2025-12-27 01:00:00,17.74,53.92,48.0,1
35,2025-12-27,2025-12-27 01:05:00,17.13,58.61,46.02,1
35,2025-12-27,2025-12-27 01:10:00,16.28,47.84,41.04,1
35,2025-12-27,2025-12-27 01:15:00,17.34,53.51,45.66,0
35,2025-12-27,2025-12-27 01:20:00,18.65,51.56,53.36,0
35,2025-12-27,2025-12-27 01:25:00,17.53,54.51,41.51,0
35,2025-12-27,2025-12-27 01:30:00,16.05,46.89,46.13,0
35,2025-12-27,2025-12-27 01:35:00,18.0,50.06,44.13,0
35,2025-12-27,2025-12-27 01:40:00,18.29,55.36,40.91,0
35,2025-12-27,2025-12-27 01:45:00,18.22,51.72,43.56,0
35,2025-12-27,2025-12-27 01:50:00,18.85,54.72,32.68,0
35,2025-12-27,2025-12-27 01:55:00,17.37,45.86,47.45,0
35,2025-12-27,2025-12-27 02:00:00,16.84,51.02,43.89,0
35,2025-12-27,2025-12-27 02:05:00,17.58,54.03,42.53,0
35,2025-12-27,2025-12-27 02:10:00,16.87,59.65,45.7,0
35,2025-12-27,2025-12-27 02:15:00,18.42,52.36,38.1,0
35,2025-12-27,2025-12-27 02:20:00,16.94,48.95,49.87,0
35,2025-12-27,2025-12-27 02:25:00,17.16,54.58,40.89,0
35,2025-12-27,2025-12-27 02:30:00,17.74,49.98,38.42,1
35,2025-12-27,2025-12-27 02:35:00,13.9,50.96,45.77,0
35,2025-12-27,2025-12-27 02:40:00,17.07,50.61,57.37,0
35,2025-12-27,2025-12-27 02:45:00,17.51,49.62,45.52,1
35,2025-12-27,2025-12-27 02:50:00,16.12,53.39,45.32,1
35,2025-12-27,2025-12-27 02:55:00,16.27,48.7,49.89,0
35,2025-12-27,2025-12-27 03:00:00,17.63,55.65,52.8,0
35,2025-12-27,2025-12-27 03:05:00,16.13,51.17,41.53,1
35,2025-12-27,2025-12-27 03:10:00,16.54,52.07,41.67,0
35,2025-12-27,2025-12-27 03:15:00,17.56,53.37,34.82,0
35,2025-12-27,2025-12-27 03:20:00,18.57,51.2,48.64,0
35,2025-12-27,2025-12-27 03:25:00,16.57,53.38,49.01,0
35,2025-12-27,2025-12-27 03:30:00,18.78,50.73,51.26,0
35,2025-12-27,2025-12-27 03:35:00,17.52,50.12,55.57,0
35,2025-12-27,2025-12-27 03:40:00,17.05,45.22,42.63,0
35,2025-12-27,2025-12-27 03:45:00,17.33,49.86,34.43,0
35,2025-12-27,2025-12-27 03:50:00,18.25,46.97,47.31,0
35,2025-12-27,2025-12-27 03:55:00,17.82,51.92,50.66,0
35,2025-12-27,2025-12-27 04:00:00,17.88,52.52,43.37,0
35,2025-12-27,2025-12-27 04:05:00,17.8,51.84,49.65,0
35,2025-12-27,2025-12-27 04:10:00,17.17,51.72,42.9,0
35,2025-12-27,2025-12-27 04:15:00,17.22,49.75,45.95,0
35,2025-12-27,2025-12-27 04:20:00,16.13,52.76,53.26,0
35,2025-12-27,2025-12-27 04:25:00,16.88,54.11,42.54,0
35,2025-12-27,2025-12-27 04:30:00,16.53,51.45,50.36,0
35,2025-12-27,2025-12-27 04:35:00,17.22,46.6,44.21,0
35,2025-12-27,2025-12-27 04:40:00,18.01,52.03,44.82,0
35,2025-12-27,2025-12-27 04:45:00,17.73,44.93,47.97,0
35,2025-12-27,2025-12-27 04:50:00,16.98,53.93,38.65,0
35,2025-12-27,2025-12-27 04:55:00,15.86,51.41,39.37,0
35,2025-12-27,2025-12-27 05:00:00,15.69,54.86,48.02,1
35,2025-12-27,2025-12-27 05:05:00,17.34,49.83,43.85,1
35,2025-12-27,2025-12-27 05:10:00,16.32,55.18,43.83,0
35,2025-12-27,2025-12-27 05:15:00,17.85,52.86,46.06,1
35,2025-12-27,2025-12-27 05:20:00,17.06,52.87,44.39,0
35,2025-12-27,2025-12-27 05:25:00,16.72,50.7,47.2,0
35,2025-12-27,2025-12-27 05:30:00,17.14,49.24,40.77,0
35,2025-12-27,2025-12-27 05:35:00,17.56,50.49,42.15,0
35,2025-12-27,2025-12-27 05:40:00,17.24,49.13,54.35,0
35,2025-12-27,2025-12-27 05:45:00,18.08,54.97,44.65,0
35,2025-12-27,2025-12-27 05:50:00,17.32,48.37,42.31,1
35,2025-12-27,2025-12-27 05:55:00,17.18,53.06,46.99,0
35,2025-12-27,2025-12-27 06:00:00,17.92,53.19,37.07,0
35,2025-12-27,2025-12-27 06:05:00,18.06,51.89,43.7,0
35,2025-12-27,2025-12-27 06:10:00,16.76,46.17,37.78,0
35,2025-12-27,2025-12-27 06:15:00,16.39,55.9,36.57,0
35,2025-12-27,2025-12-27 06:20:00,16.34,49.35,49.51,1
35,2025-12-27,2025-12-27 06:25:00,18.08,58.42,45.38,0
35,2025-12-27,2025-12-27 06:30:00,15.93,50.33,43.5,0
35,2025-12-27,2025-12-27 06:35:00,15.77,53.11,50.93,0
35,2025-12-27,2025-12-27 06:40:00,17.45,51.23,35.35,0
35,2025-12-27,2025-12-27 06:45:00,17.43,52.89,55.28,0
35,2025-12-27,2025-12-27 06:50:00,17.54,53.99,40.68,0
35,2025-12-27,2025-12-27 06:55:00,17.28,49.08,40.92,0
35,2025-12-27,2025-12-27 07:00:00,18.21,48.16,42.89,0
35,2025-12-27,2025-12-27 07:05:00,17.37,51.81,45.17,1
35,2025-12-27,2025-12-27 07:10:00,14.76,49.31,44.84,0
35,2025-12-27,2025-12-27 07:15:00,17.03,48.5,45.69,0
35,2025-12-27,2025-12-27 07:20:00,16.68,56.31,42.47,0
35,2025-12-27,2025-12-27 07:25:00,17.04,46.9,48.32,0
35,2025-12-27,2025-12-27 07:30:00,15.83,50.53,46.2,0
35,2025-12-27,2025-12-27 07:35:00,16.82,50.37,32.1,0
35,2025-12-27,2025-12-27 07:40:00,17.4,51.06,44.52,1
35,2025-12-27,2025-12-27 07:45:00,16.58,51.34,45.42,0
35,2025-12-27,2025-12-27 07:50:00,17.29,50.91,44.38,0
35,2025-12-27,2025-12-27 07:55:00,17.74,53.9,49.49,0
35,2025-12-27,2025-12-27 08:00:00,17.4,57.25,47.28,0
35,2025-12-27,2025-12-27 08:05:00,16.44,54.2,40.21,0
35,2025-12-27,2025-12-27 08:10:00,16.11,53.61,49.03,0
35,2025-12-27,2025-12-27 08:15:00,17.6,48.26,38.47,1
36,2025-12-28,2025-12-28 00:00:00,21.06,32.43,31.61,0
36,2025-12-28,2025-12-28 00:05:00,20.96,35.92,44.17,0
36,2025-12-28,2025-12-28 00:10:00,22.22,35.1,38.5,1
36,2025-12-28,2025-12-28 00:15:00,22.55,31.57,44.53,0
36,2025-12-28,2025-12-28 00:20:00,21.9,33.1,34.58,0
36,2025-12-28,2025-12-28 00:25:00,21.98,32.93,36.46,0
36,2025-12-28,2025-12-28 00:30:00,20.97,28.94,37.08,0
36,2025-12-28,2025-12-28 00:35:00,21.75,34.66,36.95,0
36,2025-12-28,2025-12-28 00:40:00,20.76,35.62,25.04,0
36,2025-12-28,2025-12-28 00:45:00,22.44,31.94,45.14,0
36,2025-12-28,2025-12-28 00:50:00,21.82,33.13,55.07,0
36,2025-12-28,2025-12-28 00:55:00,22.85,30.78,40.31,0
36,2025-12-28,2025-12-28 01:00:00,22.43,32.53,33.52,0
36,2025-12-28,2025-12-28 01:05:00,21.83,32.16,36.61,0
36,2025-12-28,2025-12-28 01:10:00,22.37,31.95,37.18,0
36,2025-12-28,2025-12-28 01:15:00,21.93,34.23,40.69,0
36,2025-12-28,2025-12-28 01:20:00,21.98,36.07,42.01,0
36,2025-12-28,2025-12-28 01:25:00,21.82,30.9,43.99,0
36,2025-12-28,2025-12-28 01:30:00,20.53,35.13,31.61,0
36,2025-12-28,2025-12-28 01:35:00,22.09,36.27,35.49,1
36,2025-12-28,2025-12-28 01:40:00,23.46,30.24,46.34,0
36,2025-12-28,2025-12-28 01:45:00,22.05,32.72,30.76,1
36,2025-12-28,2025-12-28 01:50:00,21.98,30.32,35.01,0
36,2025-12-28,2025-12-28 01:55:00,22.38,33.26,44.18,0
36,2025-12-28,2025-12-28 02:00:00,21.87,31.51,41.29,0
36,2025-12-28,2025-12-28 02:05:00,21.96,33.71,42.69,0
36,2025-12-28,2025-12-28 02:10:00,22.48,31.63,33.52,0
36,2025-12-28,2025-12-28 02:15:00,23.1,33.24,30.12,0
36,2025-12-28,2025-12-28 02:20:00,21.89,27.57,41.41,0
36,2025-12-28,2025-12-28 02:25:00,21.37,28.75,40.31,0
36,2025-12-28,2025-12-28 02:30:00,22.79,30.99,35.51,0
36,2025-12-28,2025-12-28 02:35:00,22.34,32.36,42.13,0
36,2025-12-28,2025-12-28 02:40:00,22.28,34.72,47.69,0
36,2025-12-28,2025-12-28 02:45:00,22.74,35.71,43.51,0
36,2025-12-28,2025-12-28 02:50:00,20.97,31.01,23.73,1
36,2025-12-28,2025-12-28 02:55:00,22.09,36.02,41.66,0
36,2025-12-28,2025-12-28 03:00:00,22.08,35.49,33.72,0
36,2025-12-28,2025-12-28 03:05:00,22.6,35.65,48.01,1
36,2025-12-28,2025-12-28 03:10:00,21.35,34.4,31.61,0
36,2025-12-28,2025-12-28 03:15:00,21.44,30.43,47.44,0
36,2025-12-28,2025-12-28 03:20:00,22.28,33.63,39.39,0
36,2025-12-28,2025-12-28 03:25:00,21.91,29.05,35.56,0
36,2025-12-28,2025-12-28 03:30:00,22.25,29.53,36.12,0
36,2025-12-28,2025-12-28 03:35:00,20.1,29.48,38.09,0
36,2025-12-28,2025-12-28 03:40:00,21.85,31.68,47.5,0
36,2025-12-28,2025-12-28 03:45:00,22.17,29.69,37.95,0
36,2025-12-28,2025-12-28 03:50:00,19.4,36.16,42.74,0
36,2025-12-28,2025-12-28 03:55:00,22.19,33.15,34.1,0
36,2025-12-28,2025-12-28 04:00:00,21.03,36.66,31.29,0
36,2025-12-28,2025-12-28 04:05:00,22.76,34.52,39.49,0
36,2025-12-28,2025-12-28 04:10:00,22.86,33.05,34.69,0
36,2025-12-28,2025-12-28 04:15:00,21.81,36.54,42.75,0
36,2025-12-28,2025-12-28 04:20:00,22.33,35.59,36.86,0
36,2025-12-28,2025-12-28 04:25:00,20.69,26.33,40.97,0
36,2025-12-28,2025-12-28 04:30:00,23.76,32.52,40.95,0
36,2025-12-28,2025-12-28 04:35:00,20.79,34.37,29.69,0
36,2025-12-28,2025-12-28 04:40:00,22.25,34.33,36.18,0
36,2025-12-28,2025-12-28 04:45:00,22.88,34.61,37.96,0
36,2025-12-28,2025-12-28 04:50:00,22.12,26.75,35.4,0
36,2025-12-28,2025-12-28 04:55:00,20.34,32.34,44.93,0
36,2025-12-28,2025-12-28 05:00:00,21.34,27.66,47.53,0
36,2025-12-28,2025-12-28 05:05:00,21.86,30.43,32.65,0
36,2025-12-28,2025-12-28 05:10:00,22.8,30.69,39.25,0
36,2025-12-28,2025-12-28 05:15:00,20.13,34.42,34.43,0
36,2025-12-28,2025-12-28 05:20:00,22.84,31.42,41.5,0
36,2025-12-28,2025-12-28 05:25:00,21.52,34.98,40.53,0
36,2025-12-28,2025-12-28 05:30:00,22.93,33.85,46.93,0
36,2025-12-28,2025-12-28 05:35:00,20.01,34.0,30.99,0
36,2025-12-28,2025-12-28 05:40:00,21.8,36.72,48.05,0
36,2025-12-28,2025-12-28 05:45:00,21.83,34.66,40.29,0
36,2025-12-28,2025-12-28 05:50:00,21.49,32.37,46.19,0
36,2025-12-28,2025-12-28 05:55:00,21.79,34.71,35.66,0
36,2025-12-28,2025-12-28 06:00:00,22.33,36.53,43.68,0
36,2025-12-28,2025-12-28 06:05:00,22.64,31.0,31.01,0
36,2025-12-28,2025-12-28 06:10:00,23.21,30.47,34.88,0
36,2025-12-28,2025-12-28 06:15:00,22.01,34.83,45.55,0
36,2025-12-28,2025-12-28 06:20:00,21.22,27.65,34.5,0
36,2025-12-28,2025-12-28 06:25:00,21.17,34.91,48.97,0
36,2025-12-28,2025-12-28 06:30:00,20.83,34.0,36.03,0
36,2025-12-28,2025-12-28 06:35:00,20.93,28.68,43.64,0
36,2025-12-28,2025-12-28 06:40:00,21.52,25.45,43.87,0
36,2025-12-28,2025-12-28 06:45:00,22.43,25.53,39.21,0
36,2025-12-28,2025-12-28 06:50:00,21.41,39.05,35.62,0
36,2025-12-28,2025-12-28 06:55:00,22.36,30.78,45.98,1
36,2025-12-28,2025-12-28 07:00:00,22.98,28.18,44.25,0
36,2025-12-28,2025-12-28 07:05:00,22.43,34.38,42.75,0
36,2025-12-28,2025-12-28 07:10:00,21.7,26.51,38.78,0
36,2025-12-28,2025-12-28 07:15:00,20.98,29.1,36.89,0
36,2025-12-28,2025-12-28 07:20:00,19.87,34.21,50.24,1
36,2025-12-28,2025-12-28 07:25:00,22.25,30.43,34.74,1
36,2025-12-28,2025-12-28 07:30:00,21.61,31.95,37.03,0
36,2025-12-28,2025-12-28 07:35:00,21.84,24.54,36.66,0
36,2025-12-28,2025-12-28 07:40:00,22.34,31.81,48.64,1
36,2025-12-28,2025-12-28 07:45:00,22.04,30.86,36.42,0
36,2025-12-28,2025-12-28 07:50:00,21.8,28.68,35.3,1
36,2025-12-28,2025-12-28 07:55:00,20.34,32.54,33.11,0
36,2025-12-28,2025-12-28 08:00:00,22.01,26.18,38.45,0
36,2025-12-28,2025-12-28 08:05:00,22.22,28.99,37.5,0
36,2025-12-28,2025-12-28 08:10:00,21.26,32.63,50.68,0
36,2025-12-28,2025-12-28 08:15:00,21.17,35.87,36.15,0
37,2025-12-29,2025-12-29 00:00:00,18.3,41.31,36.93,0
37,2025-12-29,2025-12-29 00:05:00,18.87,44.37,36.33,0
37,2025-12-29,2025-12-29 00:10:00,17.98,36.11,41.2,1
37,2025-12-29,2025-12-29 00:15:00,18.4,41.99,26.6,0
37,2025-12-29,2025-12-29 00:20:00,17.94,48.97,37.16,0
37,2025-12-29,2025-12-29 00:25:00,18.16,46.41,40.06,0
37,2025-12-29,2025-12-29 00:30:00,17.61,43.25,31.68,0
37,2025-12-29,2025-12-29 00:35:00,18.19,42.98,36.13,0
37,2025-12-29,2025-12-29 00:40:00,18.92,41.87,48.75,0
37,2025-12-29,2025-12-29 00:45:00,17.57,45.11,33.74,0
37,2025-12-29,2025-12-29 00:50:00,19.7,42.92,46.43,0
37,2025-12-29,2025-12-29 00:55:00,18.43,44.36,34.92,1
37,2025-12-29,2025-12-29 01:00:00,18.57,34.94,36.9,1
37,2025-12-29,2025-12-29 01:05:00,19.49,47.0,33.43,0
37,2025-12-29,2025-12-29 01:10:00,19.25,41.6,24.02,0
37,2025-12-29,2025-12-29 01:15:00,19.27,46.11,31.89,1
37,2025-12-29,2025-12-29 01:20:00,17.73,37.8,37.62,1
37,2025-12-29,2025-12-29 01:25:00,17.65,45.49,42.98,0
37,2025-12-29,2025-12-29 01:30:00,18.51,40.38,43.57,1
37,2025-12-29,2025-12-29 01:35:00,19.16,43.65,38.65,1
37,2025-12-29,2025-12-29 01:40:00,18.35,42.14,34.77,0
37,2025-12-29,2025-12-29 01:45:00,17.55,42.04,34.06,0
37,2025-12-29,2025-12-29 01:50:00,17.67,40.84,30.82,0
37,2025-12-29,2025-12-29 01:55:00,19.25,43.95,45.14,0
37,2025-12-29,2025-12-29 02:00:00,17.25,44.14,32.09,0
37,2025-12-29,2025-12-29 02:05:00,18.88,43.77,40.07,0
37,2025-12-29,2025-12-29 02:10:00,17.77,44.98,31.11,0
37,2025-12-29,2025-12-29 02:15:00,18.61,41.5,34.15,0
37,2025-12-29,2025-12-29 02:20:00,16.28,39.22,32.34,0
37,2025-12-29,2025-12-29 02:25:00,18.27,39.63,41.89,0
37,2025-12-29,2025-12-29 02:30:00,17.44,36.0,38.31,0
37,2025-12-29,2025-12-29 02:35:00,18.39,41.93,33.28,1
37,2025-12-29,2025-12-29 02:40:00,18.32,42.51,46.04,0
37,2025-12-29,2025-12-29 02:45:00,17.95,44.36,36.89,0
37,2025-12-29,2025-12-29 02:50:00,15.77,40.87,31.93,0
37,2025-12-29,2025-12-29 02:55:00,20.02,45.62,35.04,0
37,2025-12-29,2025-12-29 03:00:00,16.62,42.59,30.77,1
37,2025-12-29,2025-12-29 03:05:00,19.37,38.54,31.35,0
37,2025-12-29,2025-12-29 03:10:00,17.99,43.01,33.76,1
37,2025-12-29,2025-12-29 03:15:00,18.44,32.79,32.66,1
37,2025-12-29,2025-12-29 03:20:00,18.34,38.41,42.61,0
37,2025-12-29,2025-12-29 03:25:00,20.69,39.76,37.02,0
37,2025-12-29,2025-12-29 03:30:00,19.78,43.7,36.38,0
37,2025-12-29,2025-12-29 03:35:00,17.75,46.31,35.48,0
37,2025-12-29,2025-12-29 03:40:00,18.51,38.77,37.54,0
37,2025-12-29,2025-12-29 03:45:00,18.96,38.7,30.22,1
37,2025-12-29,2025-12-29 03:50:00,17.88,41.12,30.42,0
37,2025-12-29,2025-12-29 03:55:00,18.53,44.3,36.94,0
37,2025-12-29,2025-12-29 04:00:00,18.11,39.03,33.13,1
37,2025-12-29,2025-12-29 04:05:00,19.47,42.93,32.0,1
37,2025-12-29,2025-12-29 04:10:00,16.87,42.59,28.63,0
37,2025-12-29,2025-12-29 04:15:00,17.32,43.44,28.25,1
37,2025-12-29,2025-12-29 04:20:00,17.57,39.91,37.77,1
37,2025-12-29,2025-12-29 04:25:00,18.88,40.98,34.22,0
37,2025-12-29,2025-12-29 04:30:00,18.0,48.8,29.22,0
37,2025-12-29,2025-12-29 04:35:00,18.63,39.23,44.79,0
37,2025-12-29,2025-12-29 04:40:00,16.75,39.92,31.49,0
37,2025-12-29,2025-12-29 04:45:00,16.99,44.42,37.53,0
37,2025-12-29,2025-12-29 04:50:00,17.85,40.53,42.13,0
37,2025-12-29,2025-12-29 04:55:00,17.73,36.17,43.36,0
37,2025-12-29,2025-12-29 05:00:00,19.29,38.92,30.65,0
37,2025-12-29,2025-12-29 05:05:00,18.54,45.01,37.79,0
37,2025-12-29,2025-12-29 05:10:00,17.38,42.68,32.69,0
37,2025-12-29,2025-12-29 05:15:00,19.45,44.19,37.96,0
37,2025-12-29,2025-12-29 05:20:00,18.96,43.21,33.86,0
37,2025-12-29,2025-12-29 05:25:00,18.46,40.71,35.05,0
37,2025-12-29,2025-12-29 05:30:00,17.84,40.65,28.69,0
37,2025-12-29,2025-12-29 05:35:00,18.86,41.42,39.99,0
37,2025-12-29,2025-12-29 05:40:00,18.69,42.41,35.05,0
37,2025-12-29,2025-12-29 05:45:00,17.99,44.9,31.67,1
37,2025-12-29,2025-12-29 05:50:00,17.17,41.04,30.1,0
37,2025-12-29,2025-12-29 05:55:00,19.12,41.32,34.23,0
37,2025-12-29,2025-12-29 06:00:00,18.26,38.49,40.4,0
37,2025-12-29,2025-12-29 06:05:00,18.62,39.98,38.62,0
37,2025-12-29,2025-12-29 06:10:00,17.55,41.13,30.6,0
37,2025-12-29,2025-12-29 06:15:00,18.89,45.77,28.93,0
37,2025-12-29,2025-12-29 06:20:00,16.29,38.62,42.29,0
37,2025-12-29,2025-12-29 06:25:00,18.05,41.42,36.43,1
37,2025-12-29,2025-12-29 06:30:00,18.17,36.68,28.65,0
37,2025-12-29,2025-12-29 06:35:00,17.25,39.44,46.66,0
37,2025-12-29,2025-12-29 06:40:00,18.33,41.89,31.47,0
37,2025-12-29,2025-12-29 06:45:00,19.64,39.29,32.93,0
37,2025-12-29,2025-12-29 06:50:00,18.43,35.96,32.63,1
37,2025-12-29,2025-12-29 06:55:00,18.24,43.28,43.29,0
37,2025-12-29,2025-12-29 07:00:00,18.27,36.49,26.92,0
37,2025-12-29,2025-12-29 07:05:00,17.81,48.08,33.99,0
37,2025-12-29,2025-12-29 07:10:00,16.76,42.74,42.81,0
37,2025-12-29,2025-12-29 07:15:00,18.44,45.73,30.18,1
37,2025-12-29,2025-12-29 07:20:00,17.51,42.75,31.85,1
37,2025-12-29,2025-12-29 07:25:00,18.57,34.48,37.01,0
37,2025-12-29,2025-12-29 07:30:00,18.96,40.95,35.17,1
37,2025-12-29,2025-12-29 07:35:00,18.0,37.7,25.62,0
37,2025-12-29,2025-12-29 07:40:00,17.31,41.23,35.52,1
37,2025-12-29,2025-12-29 07:45:00,18.15,41.11,34.04,0
37,2025-12-29,2025-12-29 07:50:00,17.84,44.11,35.74,0
37,2025-12-29,2025-12-29 07:55:00,18.87,45.39,32.35,0
37,2025-12-29,2025-12-29 08:00:00,18.23,40.03,37.44,0
37,2025-12-29,2025-12-29 08:05:00,18.81,38.53,36.29,0
37,2025-12-29,2025-12-29 08:10:00,18.82,45.09,37.94,1
37,2025-12-29,2025-12-29 08:15:00,18.29,37.77,42.57,0
38,2025-12-30,2025-12-30 00:00:00,20.22,36.2,26.17,0
38,2025-12-30,2025-12-30 00:05:00,18.64,39.57,34.47,0
38,2025-12-30,2025-12-30 00:10:00,19.28,43.24,36.41,0
38,2025-12-30,2025-12-30 00:15:00,18.89,41.75,33.24,0
38,2025-12-30,2025-12-30 00:20:00,20.16,42.39,32.59,0
38,2025-12-30,2025-12-30 00:25:00,19.92,40.13,35.12,0
38,2025-12-30,2025-12-30 00:30:00,17.91,42.37,27.56,0
38,2025-12-30,2025-12-30 00:35:00,19.16,41.29,41.24,0
38,2025-12-30,2025-12-30 00:40:00,18.36,43.61,33.46,0
38,2025-12-30,2025-12-30 00:45:00,20.4,43.2,38.06,0
38,2025-12-30,2025-12-30 00:50:00,19.6,40.65,34.37,0
38,2025-12-30,2025-12-30 00:55:00,18.74,45.87,37.35,0
38,2025-12-30,2025-12-30 01:00:00,19.77,43.48,28.5,0
38,2025-12-30,2025-12-30 01:05:00,20.39,43.78,36.07,0
38,2025-12-30,2025-12-30 01:10:00,19.47,41.22,27.95,0
38,2025-12-30,2025-12-30 01:15:00,19.27,39.44,37.55,1
38,2025-12-30,2025-12-30 01:20:00,19.82,42.02,31.88,0
38,2025-12-30,2025-12-30 01:25:00,18.88,44.61,29.24,1
38,2025-12-30,2025-12-30 01:30:00,19.58,42.85,41.8,0
38,2025-12-30,2025-12-30 01:35:00,18.82,42.03,43.48,0
38,2025-12-30,2025-12-30 01:40:00,18.19,44.37,43.53,0
38,2025-12-30,2025-12-30 01:45:00,18.77,43.57,44.2,1
38,2025-12-30,2025-12-30 01:50:00,18.47,41.58,36.49,0
38,2025-12-30,2025-12-30 01:55:00,19.75,43.27,36.5,0
38,2025-12-30,2025-12-30 02:00:00,19.33,39.32,33.29,0
38,2025-12-30,2025-12-30 02:05:00,19.79,39.37,33.64,1
38,2025-12-30,2025-12-30 02:10:00,20.23,43.36,37.23,0
38,2025-12-30,2025-12-30 02:15:00,18.17,42.84,39.62,0
38,2025-12-30,2025-12-30 02:20:00,19.16,40.64,32.31,0
38,2025-12-30,2025-12-30 02:25:00,17.42,35.32,29.42,0
38,2025-12-30,2025-12-30 02:30:00,18.35,40.99,34.54,0
38,2025-12-30,2025-12-30 02:35:00,19.37,43.81,23.88,0
38,2025-12-30,2025-12-30 02:40:00,19.14,39.56,41.58,0
38,2025-12-30,2025-12-30 02:45:00,17.87,39.54,25.54,0
38,2025-12-30,2025-12-30 02:50:00,18.34,41.87,34.34,0
38,2025-12-30,2025-12-30 02:55:00,18.53,41.34,29.87,1
38,2025-12-30,2025-12-30 03:00:00,19.69,43.58,37.06,0
38,2025-12-30,2025-12-30 03:05:00,20.14,43.5,29.45,1
38,2025-12-30,2025-12-30 03:10:00,20.44,41.06,20.12,0
38,2025-12-30,2025-12-30 03:15:00,18.87,34.93,34.6,0
38,2025-12-30,2025-12-30 03:20:00,19.29,41.15,27.76,0
38,2025-12-30,2025-12-30 03:25:00,18.17,40.96,33.57,0
38,2025-12-30,2025-12-30 03:30:00,18.28,45.42,41.52,0
38,2025-12-30,2025-12-30 03:35:00,19.98,41.36,38.78,0
38,2025-12-30,2025-12-30 03:40:00,18.48,36.35,39.49,0
38,2025-12-30,2025-12-30 03:45:00,18.47,44.25,37.2,0
38,2025-12-30,2025-12-30 03:50:00,18.54,47.4,34.42,0
38,2025-12-30,2025-12-30 03:55:00,19.27,44.91,28.7,1
38,2025-12-30,2025-12-30 04:00:00,18.4,37.51,27.85,1
38,2025-12-30,2025-12-30 04:05:00,19.98,39.81,29.61,0
38,2025-12-30,2025-12-30 04:10:00,20.19,38.46,30.57,0
38,2025-12-30,2025-12-30 04:15:00,18.41,46.35,35.9,0
38,2025-12-30,2025-12-30 04:20:00,18.56,47.67,35.54,1
38,2025-12-30,2025-12-30 04:25:00,19.71,44.0,25.15,0
38,2025-12-30,2025-12-30 04:30:00,20.19,42.59,29.96,0
38,2025-12-30,2025-12-30 04:35:00,18.56,47.15,37.65,0
38,2025-12-30,2025-12-30 04:40:00,18.59,42.24,35.68,0
38,2025-12-30,2025-12-30 04:45:00,18.56,44.71,36.68,1
38,2025-12-30,2025-12-30 04:50:00,18.98,37.94,38.55,0
38,2025-12-30,2025-12-30 04:55:00,19.62,39.83,31.26,0
38,2025-12-30,2025-12-30 05:00:00,18.34,45.24,35.75,0
38,2025-12-30,2025-12-30 05:05:00,18.58,41.07,33.01,0
38,2025-12-30,2025-12-30 05:10:00,17.63,45.25,39.05,0
38,2025-12-30,2025-12-30 05:15:00,18.01,38.8,35.01,0
38,2025-12-30,2025-12-30 05:20:00,18.69,47.84,32.0,0
38,2025-12-30,2025-12-30 05:25:00,18.38,39.47,25.88,0
38,2025-12-30,2025-12-30 05:30:00,20.19,42.56,35.16,0
38,2025-12-30,2025-12-30 05:35:00,20.73,38.83,36.27,0
38,2025-12-30,2025-12-30 05:40:00,20.03,43.55,39.82,0
38,2025-12-30,2025-12-30 05:45:00,20.0,40.75,33.59,0
38,2025-12-30,2025-12-30 05:50:00,18.99,39.21,35.03,0
38,2025-12-30,2025-12-30 05:55:00,19.93,35.46,30.12,0
38,2025-12-30,2025-12-30 06:00:00,19.4,44.79,36.43,0
38,2025-12-30,2025-12-30 06:05:00,18.52,40.47,32.06,1
38,2025-12-30,2025-12-30 06:10:00,20.49,38.99,43.08,0
38,2025-12-30,2025-12-30 06:15:00,19.05,39.15,27.25,1
38,2025-12-30,2025-12-30 06:20:00,17.85,41.33,29.91,0
38,2025-12-30,2025-12-30 06:25:00,19.42,44.9,37.73,0
38,2025-12-30,2025-12-30 06:30:00,18.34,38.58,28.31,0
38,2025-12-30,2025-12-30 06:35:00,19.31,45.07,37.66,0
38,2025-12-30,2025-12-30 06:40:00,18.25,35.97,36.48,0
38,2025-12-30,2025-12-30 06:45:00,18.94,40.32,27.86,0
38,2025-12-30,2025-12-30 06:50:00,18.51,48.78,37.12,0
38,2025-12-30,2025-12-30 06:55:00,19.57,43.13,37.26,0
38,2025-12-30,2025-12-30 07:00:00,19.46,40.86,35.06,0
38,2025-12-30,2025-12-30 07:05:00,18.56,38.16,34.27,0
38,2025-12-30,2025-12-30 07:10:00,18.4,40.98,29.48,1
38,2025-12-30,2025-12-30 07:15:00,18.62,38.39,27.99,0
38,2025-12-30,2025-12-30 07:20:00,20.1,44.64,36.72,0
38,2025-12-30,2025-12-30 07:25:00,19.15,47.07,38.99,0
38,2025-12-30,2025-12-30 07:30:00,19.06,43.49,40.92,0
38,2025-12-30,2025-12-30 07:35:00,18.53,39.6,36.78,1
38,2025-12-30,2025-12-30 07:40:00,18.84,37.3,35.43,0
38,2025-12-30,2025-12-30 07:45:00,18.29,44.99,31.84,0
38,2025-12-30,2025-12-30 07:50:00,19.29,45.91,34.39,0
38,2025-12-30,2025-12-30 07:55:00,19.2,40.5,39.1,0
38,2025-12-30,2025-12-30 08:00:00,19.44,41.79,37.03,0
38,2025-12-30,2025-12-30 08:05:00,18.64,42.06,36.73,0
38,2025-12-30,2025-12-30 08:10:00,20.35,44.41,31.66,0
38,2025-12-30,2025-12-30 08:15:00,17.96,37.52,26.98,0
39,2025-12-31,2025-12-31 00:00:00,22.21,55.09,20.16,0
39,2025-12-31,2025-12-31 00:05:00,23.35,49.07,23.8,1
39,2025-12-31,2025-12-31 00:10:00,22.23,49.64,22.95,0
39,2025-12-31,2025-12-31 00:15:00,20.89,51.85,18.25,0
39,2025-12-31,2025-12-31 00:20:00,23.13,54.6,22.25,0
39,2025-12-31,2025-12-31 00:25:00,21.07,52.32,8.39,0
39,2025-12-31,2025-12-31 00:30:00,21.96,56.16,23.37,0
39,2025-12-31,2025-12-31 00:35:00,20.82,49.68,25.86,0
39,2025-12-31,2025-12-31 00:40:00,21.67,47.64,23.94,0
39,2025-12-31,2025-12-31 00:45:00,22.53,53.0,29.35,0
39,2025-12-31,2025-12-31 00:50:00,22.12,48.11,15.64,1
39,2025-12-31,2025-12-31 00:55:00,22.69,53.51,27.57,0
39,2025-12-31,2025-12-31 01:00:00,20.51,52.03,30.18,0
39,2025-12-31,2025-12-31 01:05:00,21.0,59.14,25.66,0
39,2025-12-31,2025-12-31 01:10:00,21.9,50.14,32.02,0
39,2025-12-31,2025-12-31 01:15:00,20.98,56.41,28.11,0
39,2025-12-31,2025-12-31 01:20:00,20.89,52.76,30.82,0
39,2025-12-31,2025-12-31 01:25:00,19.78,51.2,30.71,0
39,2025-12-31,2025-12-31 01:30:00,20.48,50.89,22.22,0
39,2025-12-31,2025-12-31 01:35:00,21.42,54.3,24.78,0
39,2025-12-31,2025-12-31 01:40:00,21.43,53.38,25.46,0
39,2025-12-31,2025-12-31 01:45:00,20.48,46.56,22.44,0
39,2025-12-31,2025-12-31 01:50:00,20.59,52.64,23.46,0
39,2025-12-31,2025-12-31 01:55:00,22.07,59.77,24.88,0
39,2025-12-31,2025-12-31 02:00:00,21.26,58.42,30.66,0
39,2025-12-31,2025-12-31 02:05:00,21.43,42.76,35.6,0
39,2025-12-31,2025-12-31 02:10:00,22.95,55.05,20.85,0
39,2025-12-31,2025-12-31 02:15:00,21.84,55.0,29.05,0
39,2025-12-31,2025-12-31 02:20:00,20.63,52.59,20.79,0
39,2025-12-31,2025-12-31 02:25:00,21.27,54.0,20.87,0
39,2025-12-31,2025-12-31 02:30:00,20.7,52.14,19.37,0
39,2025-12-31,2025-12-31 02:35:00,20.65,50.44,27.92,0
39,2025-12-31,2025-12-31 02:40:00,22.53,54.92,22.97,0
39,2025-12-31,2025-12-31 02:45:00,21.29,56.12,22.29,0
39,2025-12-31,2025-12-31 02:50:00,20.84,48.82,20.35,0
39,2025-12-31,2025-12-31 02:55:00,21.67,55.81,17.81,0
39,2025-12-31,2025-12-31 03:00:00,22.23,52.69,27.36,0
39,2025-12-31,2025-12-31 03:05:00,20.55,54.09,31.84,0
39,2025-12-31,2025-12-31 03:10:00,21.41,54.73,27.61,0
39,2025-12-31,2025-12-31 03:15:00,20.52,50.66,10.95,1
39,2025-12-31,2025-12-31 03:20:00,21.16,53.48,27.11,0
39,2025-12-31,2025-12-31 03:25:00,21.77,55.14,29.99,0
39,2025-12-31,2025-12-31 03:30:00,23.28,55.04,31.53,0
39,2025-12-31,2025-12-31 03:35:00,21.53,53.59,27.11,0
39,2025-12-31,2025-12-31 03:40:00,22.48,51.32,16.81,0
39,2025-12-31,2025-12-31 03:45:00,21.53,53.81,21.02,0
39,2025-12-31,2025-12-31 03:50:00,22.13,54.5,30.4,0
39,2025-12-31,2025-12-31 03:55:00,21.9,53.93,25.54,0
39,2025-12-31,2025-12-31 04:00:00,21.48,54.33,19.77,0
39,2025-12-31,2025-12-31 04:05:00,21.65,56.0,24.3,0
39,2025-12-31,2025-12-31 04:10:00,22.01,52.53,25.74,0
39,2025-12-31,2025-12-31 04:15:00,21.86,54.19,20.97,0
39,2025-12-31,2025-12-31 04:20:00,21.84,50.85,24.52,0
39,2025-12-31,2025-12-31 04:25:00,20.67,57.91,27.23,0
39,2025-12-31,2025-12-31 04:30:00,19.24,56.34,30.17,0
39,2025-12-31,2025-12-31 04:35:00,21.35,55.14,20.71,0
39,2025-12-31,2025-12-31 04:40:00,21.23,55.23,24.42,0
39,2025-12-31,2025-12-31 04:45:00,21.63,55.68,22.42,1
39,2025-12-31,2025-12-31 04:50:00,22.62,52.05,26.54,0
39,2025-12-31,2025-12-31 04:55:00,23.03,53.26,24.3,1
39,2025-12-31,2025-12-31 05:00:00,21.48,51.96,31.07,1
39,2025-12-31,2025-12-31 05:05:00,21.6,54.52,25.94,0
39,2025-12-31,2025-12-31 05:10:00,21.49,55.46,27.14,0
39,2025-12-31,2025-12-31 05:15:00,21.4,46.3,25.24,0
39,2025-12-31,2025-12-31 05:20:00,20.73,51.2,16.07,0
39,2025-12-31,2025-12-31 05:25:00,21.96,50.38,28.46,0
39,2025-12-31,2025-12-31 05:30:00,22.08,47.73,22.99,0
39,2025-12-31,2025-12-31 05:35:00,20.36,53.24,26.66,0
39,2025-12-31,2025-12-31 05:40:00,22.6,49.45,26.58,0
39,2025-12-31,2025-12-31 05:45:00,22.48,53.86,32.83,0
39,2025-12-31,2025-12-31 05:50:00,20.95,54.51,28.25,0
39,2025-12-31,2025-12-31 05:55:00,22.06,48.36,24.43,0
39,2025-12-31,2025-12-31 06:00:00,21.99,53.48,20.37,1
39,2025-12-31,2025-12-31 06:05:00,21.9,52.42,26.16,0
39,2025-12-31,2025-12-31 06:10:00,22.17,55.08,33.66,1
39,2025-12-31,2025-12-31 06:15:00,22.17,56.37,25.27,0
39,2025-12-31,2025-12-31 06:20:00,20.35,51.05,27.27,1
39,2025-12-31,2025-12-31 06:25:00,22.52,52.01,24.56,0
39,2025-12-31,2025-12-31 06:30:00,21.42,51.41,23.43,0
39,2025-12-31,2025-12-31 06:35:00,21.24,55.28,24.39,0
39,2025-12-31,2025-12-31 06:40:00,22.78,55.1,29.08,0
39,2025-12-31,2025-12-31 06:45:00,21.82,54.36,23.24,0
39,2025-12-31,2025-12-31 06:50:00,22.04,52.13,34.83,1
39,2025-12-31,2025-12-31 06:55:00,22.26,54.31,31.4,1
39,2025-12-31,2025-12-31 07:00:00,19.85,49.77,22.33,1
39,2025-12-31,2025-12-31 07:05:00,21.95,50.44,16.06,0
39,2025-12-31,2025-12-31 07:10:00,21.07,52.87,27.3,0
39,2025-12-31,2025-12-31 07:15:00,21.07,54.68,21.78,0
39,2025-12-31,2025-12-31 07:20:00,21.27,52.36,31.61,0
39,2025-12-31,2025-12-31 07:25:00,20.78,51.01,23.82,0
39,2025-12-31,2025-12-31 07:30:00,22.99,48.81,29.81,0
39,2025-12-31,2025-12-31 07:35:00,21.2,56.39,20.91,1
39,2025-12-31,2025-12-31 07:40:00,21.36,50.77,24.15,0
39,2025-12-31,2025-12-31 07:45:00,19.0,55.63,18.85,0
39,2025-12-31,2025-12-31 07:50:00,20.82,53.09,14.07,0
39,2025-12-31,2025-12-31 07:55:00,21.3,52.4,29.14,0
39,2025-12-31,2025-12-31 08:00:00,22.61,51.78,25.4,0
39,2025-12-31,2025-12-31 08:05:00,22.8,59.82,18.36,1
39,2025-12-31,2025-12-31 08:10:00,22.68,55.56,13.95,0
39,2025-12-31,2025-12-31 08:15:00,21.48,53.13,25.03,0
40,2026-01-01,2026-01-01 00:00:00,14.88,46.65,26.19,0
40,2026-01-01,2026-01-01 00:05:00,16.85,46.46,35.23,1
40,2026-01-01,2026-01-01 00:10:00,16.97,50.47,29.9,0
40,2026-01-01,2026-01-01 00:15:00,14.87,56.19,23.61,0
40,2026-01-01,2026-01-01 00:20:00,15.98,50.1,27.84,0
40,2026-01-01,2026-01-01 00:25:00,15.45,52.31,34.6,0
40,2026-01-01,2026-01-01 00:30:00,15.73,52.41,28.59,0
40,2026-01-01,2026-01-01 00:35:00,15.27,49.2,32.4,1
40,2026-01-01,2026-01-01 00:40:00,14.71,51.57,20.88,0
40,2026-01-01,2026-01-01 00:45:00,15.9,51.03,19.09,0
40,2026-01-01,2026-01-01 00:50:00,14.15,50.51,32.12,0
40,2026-01-01,2026-01-01 00:55:00,16.31,51.44,30.63,0
40,2026-01-01,2026-01-01 01:00:00,15.65,51.2,24.88,0
40,2026-01-01,2026-01-01 01:05:00,14.75,53.22,28.33,0
40,2026-01-01,2026-01-01 01:10:00,14.77,50.02,25.68,1
40,2026-01-01,2026-01-01 01:15:00,15.45,54.04,26.86,0
40,2026-01-01,2026-01-01 01:20:00,14.88,47.94,32.58,0
40,2026-01-01,2026-01-01 01:25:00,15.11,50.81,25.5,0
40,2026-01-01,2026-01-01 01:30:00,16.22,53.92,30.5,0
40,2026-01-01,2026-01-01 01:35:00,16.23,49.18,19.14,0
40,2026-01-01,2026-01-01 01:40:00,16.02,50.88,32.96,0
40,2026-01-01,2026-01-01 01:45:00,14.56,47.61,27.93,0
40,2026-01-01,2026-01-01 01:50:00,15.55,52.7,25.33,0
40,2026-01-01,2026-01-01 01:55:00,15.92,55.26,22.56,0
40,2026-01-01,2026-01-01 02:00:00,14.68,54.14,26.62,0
40,2026-01-01,2026-01-01 02:05:00,14.41,49.53,24.47,0
40,2026-01-01,2026-01-01 02:10:00,14.12,47.94,27.37,0
40,2026-01-01,2026-01-01 02:15:00,15.47,51.14,29.93,0
40,2026-01-01,2026-01-01 02:20:00,15.38,53.26,21.6,0
40,2026-01-01,2026-01-01 02:25:00,15.3,44.56,23.05,0
40,2026-01-01,2026-01-01 02:30:00,17.01,47.67,34.33,0
40,2026-01-01,2026-01-01 02:35:00,15.51,48.06,27.79,1
40,2026-01-01,2026-01-01 02:40:00,16.01,52.8,24.56,0
40,2026-01-01,2026-01-01 02:45:00,15.09,53.02,20.22,0
40,2026-01-01,2026-01-01 02:50:00,15.72,48.18,17.91,0
40,2026-01-01,2026-01-01 02:55:00,16.31,47.72,19.69,0
40,2026-01-01,2026-01-01 03:00:00,15.5,50.89,14.32,0
40,2026-01-01,2026-01-01 03:05:00,15.49,45.92,19.91,0
40,2026-01-01,2026-01-01 03:10:00,14.82,48.77,32.35,0
40,2026-01-01,2026-01-01 03:15:00,15.63,52.57,27.18,0
40,2026-01-01,2026-01-01 03:20:00,16.02,46.62,33.76,0
40,2026-01-01,2026-01-01 03:25:00,14.34,46.1,30.24,0
40,2026-01-01,2026-01-01 03:30:00,15.96,56.06,25.33,0
40,2026-01-01,2026-01-01 03:35:00,15.27,50.61,30.47,0
40,2026-01-01,2026-01-01 03:40:00,15.22,48.86,21.73,0
40,2026-01-01,2026-01-01 03:45:00,14.97,52.48,20.14,0
40,2026-01-01,2026-01-01 03:50:00,14.65,50.92,29.36,0
40,2026-01-01,2026-01-01 03:55:00,15.98,48.53,25.52,0
40,2026-01-01,2026-01-01 04:00:00,15.84,51.28,25.1,0
40,2026-01-01,2026-01-01 04:05:00,14.23,51.66,14.98,0
40,2026-01-01,2026-01-01 04:10:00,15.76,55.82,23.71,1
40,2026-01-01,2026-01-01 04:15:00,16.1,52.37,29.21,0
40,2026-01-01,2026-01-01 04:20:00,15.94,47.45,17.78,0
40,2026-01-01,2026-01-01 04:25:00,15.73,51.9,16.54,0
40,2026-01-01,2026-01-01 04:30:00,16.68,49.25,29.35,0
40,2026-01-01,2026-01-01 04:35:00,15.39,52.74,32.9,0
40,2026-01-01,2026-01-01 04:40:00,14.6,50.54,24.69,0
40,2026-01-01,2026-01-01 04:45:00,16.19,49.21,23.95,1
40,2026-01-01,2026-01-01 04:50:00,14.8,48.94,8.22,0
40,2026-01-01,2026-01-01 04:55:00,17.15,48.08,33.13,0
40,2026-01-01,2026-01-01 05:00:00,16.05,44.8,25.69,0
40,2026-01-01,2026-01-01 05:05:00,16.89,51.1,28.83,0
40,2026-01-01,2026-01-01 05:10:00,17.24,52.37,27.03,0
40,2026-01-01,2026-01-01 05:15:00,15.88,45.41,22.05,0
40,2026-01-01,2026-01-01 05:20:00,15.16,47.58,24.99,1
40,2026-01-01,2026-01-01 05:25:00,15.27,52.76,32.56,0
40,2026-01-01,2026-01-01 05:30:00,15.69,50.47,21.1,1
40,2026-01-01,2026-01-01 05:35:00,13.73,48.73,26.78,0
40,2026-01-01,2026-01-01 05:40:00,15.85,50.23,34.83,0
40,2026-01-01,2026-01-01 05:45:00,16.46,52.38,32.75,0
40,2026-01-01,2026-01-01 05:50:00,15.78,52.3,28.86,1
40,2026-01-01,2026-01-01 05:55:00,15.84,50.45,20.4,0
40,2026-01-01,2026-01-01 06:00:00,16.23,49.06,30.35,1
40,2026-01-01,2026-01-01 06:05:00,16.23,53.12,21.9,0
40,2026-01-01,2026-01-01 06:10:00,14.77,49.02,27.46,0
40,2026-01-01,2026-01-01 06:15:00,16.18,46.02,27.6,0
40,2026-01-01,2026-01-01 06:20:00,15.72,50.25,29.11,0
40,2026-01-01,2026-01-01 06:25:00,15.45,48.11,26.83,0
40,2026-01-01,2026-01-01 06:30:00,16.16,51.06,37.68,0
40,2026-01-01,2026-01-01 06:35:00,15.6,54.11,26.12,0
40,2026-01-01,2026-01-01 06:40:00,15.95,52.35,29.08,0
40,2026-01-01,2026-01-01 06:45:00,14.59,55.73,30.51,1
40,2026-01-01,2026-01-01 06:50:00,15.34,48.3,28.19,0
40,2026-01-01,2026-01-01 06:55:00,15.74,49.56,29.82,0
40,2026-01-01,2026-01-01 07:00:00,16.21,53.68,20.67,1
40,2026-01-01,2026-01-01 07:05:00,14.25,50.2,26.21,0
40,2026-01-01,2026-01-01 07:10:00,16.45,47.7,27.94,0
40,2026-01-01,2026-01-01 07:15:00,16.94,45.51,29.54,0
40,2026-01-01,2026-01-01 07:20:00,15.32,50.58,26.92,1
40,2026-01-01,2026-01-01 07:25:00,16.21,50.04,31.42,0
40,2026-01-01,2026-01-01 07:30:00,14.43,43.92,27.28,0
40,2026-01-01,2026-01-01 07:35:00,15.67,54.53,28.65,0
40,2026-01-01,2026-01-01 07:40:00,14.47,46.08,26.4,0
40,2026-01-01,2026-01-01 07:45:00,16.91,53.32,30.04,0
40,2026-01-01,2026-01-01 07:50:00,15.11,48.17,15.68,0
40,2026-01-01,2026-01-01 07:55:00,15.56,50.52,23.04,0
40,2026-01-01,2026-01-01 08:00:00,13.53,53.74,29.01,0
40,2026-01-01,2026-01-01 08:05:00,15.25,52.03,27.51,0
40,2026-01-01,2026-01-01 08:10:00,13.0,49.14,26.29,0
40,2026-01-01,2026-01-01 08:15:00,15.32,51.87,27.3,0
41,2026-01-02,2026-01-02 00:00:00,17.05,47.79,38.84,0
41,2026-01-02,2026-01-02 00:05:00,18.11,41.93,35.85,0
41,2026-01-02,2026-01-02 00:10:00,17.89,42.96,31.73,0
41,2026-01-02,2026-01-02 00:15:00,17.37,47.87,31.52,0
41,2026-01-02,2026-01-02 00:20:00,18.26,37.28,37.71,0
41,2026-01-02,2026-01-02 00:25:00,17.2,42.24,37.56,0
41,2026-01-02,2026-01-02 00:30:00,17.89,46.15,43.9,0
41,2026-01-02,2026-01-02 00:35:00,17.56,42.6,43.28,0
41,2026-01-02,2026-01-02 00:40:00,16.61,42.72,32.24,0
41,2026-01-02,2026-01-02 00:45:00,16.39,45.48,36.62,0
41,2026-01-02,2026-01-02 00:50:00,17.56,40.73,38.89,0
41,2026-01-02,2026-01-02 00:55:00,16.23,41.62,43.49,0
41,2026-01-02,2026-01-02 01:00:00,17.64,42.47,37.87,0
41,2026-01-02,2026-01-02 01:05:00,17.94,42.61,32.58,0
41,2026-01-02,2026-01-02 01:10:00,16.04,39.55,40.6,0
41,2026-01-02,2026-01-02 01:15:00,18.69,46.79,44.4,0
41,2026-01-02,2026-01-02 01:20:00,17.87,44.23,34.66,0
41,2026-01-02,2026-01-02 01:25:00,18.66,45.99,43.04,0
41,2026-01-02,2026-01-02 01:30:00,17.63,42.71,45.8,0
41,2026-01-02,2026-01-02 01:35:00,17.5,45.85,36.9,0
41,2026-01-02,2026-01-02 01:40:00,14.95,49.24,34.47,0
41,2026-01-02,2026-01-02 01:45:00,18.06,43.7,42.42,0
41,2026-01-02,2026-01-02 01:50:00,17.65,39.6,43.44,0
41,2026-01-02,2026-01-02 01:55:00,17.13,43.03,38.75,1
41,2026-01-02,2026-01-02 02:00:00,17.88,43.04,48.38,0
41,2026-01-02,2026-01-02 02:05:00,17.26,40.91,44.74,0
41,2026-01-02,2026-01-02 02:10:00,16.85,40.28,37.27,0
41,2026-01-02,2026-01-02 02:15:00,17.95,43.83,34.78,0
41,2026-01-02,2026-01-02 02:20:00,18.5,42.58,40.02,0
41,2026-01-02,2026-01-02 02:25:00,16.22,39.74,35.34,0
41,2026-01-02,2026-01-02 02:30:00,18.62,43.13,34.31,0
41,2026-01-02,2026-01-02 02:35:00,17.32,47.94,40.84,0
41,2026-01-02,2026-01-02 02:40:00,17.07,42.47,37.62,0
41,2026-01-02,2026-01-02 02:45:00,16.9,46.13,44.13,0
41,2026-01-02,2026-01-02 02:50:00,17.35,41.26,42.57,0
41,2026-01-02,2026-01-02 02:55:00,17.07,45.87,46.85,0
41,2026-01-02,2026-01-02 03:00:00,18.38,41.18,40.54,0
41,2026-01-02,2026-01-02 03:05:00,16.36,45.09,41.58,0
41,2026-01-02,2026-01-02 03:10:00,15.84,43.95,36.13,0
41,2026-01-02,2026-01-02 03:15:00,17.69,44.98,33.65,0
41,2026-01-02,2026-01-02 03:20:00,16.5,48.71,25.75,0
41,2026-01-02,2026-01-02 03:25:00,17.46,42.37,37.33,0
41,2026-01-02,2026-01-02 03:30:00,16.7,40.96,39.04,0
41,2026-01-02,2026-01-02 03:35:00,18.07,44.12,39.21,0
41,2026-01-02,2026-01-02 03:40:00,17.53,46.88,36.41,0
41,2026-01-02,2026-01-02 03:45:00,16.67,40.11,42.63,0
41,2026-01-02,2026-01-02 03:50:00,16.87,48.98,40.97,0
41,2026-01-02,2026-01-02 03:55:00,17.27,48.31,45.16,0
41,2026-01-02,2026-01-02 04:00:00,17.25,43.15,44.55,0
41,2026-01-02,2026-01-02 04:05:00,18.29,42.33,31.84,0
41,2026-01-02,2026-01-02 04:10:00,16.99,43.41,42.13,1
41,2026-01-02,2026-01-02 04:15:00,16.15,43.34,34.04,0
41,2026-01-02,2026-01-02 04:20:00,18.23,42.39,35.6,0
41,2026-01-02,2026-01-02 04:25:00,17.16,43.01,36.06,0
41,2026-01-02,2026-01-02 04:30:00,17.75,39.86,33.13,0
41,2026-01-02,2026-01-02 04:35:00,17.97,42.27,48.39,0
41,2026-01-02,2026-01-02 04:40:00,17.48,43.5,29.06,0
41,2026-01-02,2026-01-02 04:45:00,16.25,43.62,34.72,0
41,2026-01-02,2026-01-02 04:50:00,17.22,40.19,39.62,0
41,2026-01-02,2026-01-02 04:55:00,16.14,34.75,37.21,0
41,2026-01-02,2026-01-02 05:00:00,16.72,44.47,38.56,0
41,2026-01-02,2026-01-02 05:05:00,18.97,34.69,38.06,0
41,2026-01-02,2026-01-02 05:10:00,20.0,43.21,44.2,0
41,2026-01-02,2026-01-02 05:15:00,18.1,37.94,32.51,0
41,2026-01-02,2026-01-02 05:20:00,18.07,42.97,41.74,0
41,2026-01-02,2026-01-02 05:25:00,17.54,43.56,40.01,1
41,2026-01-02,2026-01-02 05:30:00,17.52,43.46,31.77,0
41,2026-01-02,2026-01-02 05:35:00,16.98,39.29,44.07,0
41,2026-01-02,2026-01-02 05:40:00,16.49,39.71,32.0,0
41,2026-01-02,2026-01-02 05:45:00,15.99,41.33,45.13,1
41,2026-01-02,2026-01-02 05:50:00,15.37,44.65,28.5,0
41,2026-01-02,2026-01-02 05:55:00,17.46,44.01,34.78,0
41,2026-01-02,2026-01-02 06:00:00,17.32,42.29,30.18,0
41,2026-01-02,2026-01-02 06:05:00,18.74,44.06,42.97,0
41,2026-01-02,2026-01-02 06:10:00,16.53,54.65,39.4,0
41,2026-01-02,2026-01-02 06:15:00,16.8,41.0,41.9,1
41,2026-01-02,2026-01-02 06:20:00,17.64,42.86,38.53,0
41,2026-01-02,2026-01-02 06:25:00,16.66,45.73,34.93,0
41,2026-01-02,2026-01-02 06:30:00,17.33,42.67,31.61,1
41,2026-01-02,2026-01-02 06:35:00,17.26,42.4,41.59,0
41,2026-01-02,2026-01-02 06:40:00,18.15,41.19,37.68,0
41,2026-01-02,2026-01-02 06:45:00,17.77,35.79,38.46,1
41,2026-01-02,2026-01-02 06:50:00,14.8,46.31,32.76,0
41,2026-01-02,2026-01-02 06:55:00,17.97,43.92,41.05,0
41,2026-01-02,2026-01-02 07:00:00,17.56,38.17,38.85,0
41,2026-01-02,2026-01-02 07:05:00,16.3,43.4,39.6,0
41,2026-01-02,2026-01-02 07:10:00,17.64,45.63,34.28,0
41,2026-01-02,2026-01-02 07:15:00,16.03,43.47,34.98,0
41,2026-01-02,2026-01-02 07:20:00,18.08,46.06,34.5,0
41,2026-01-02,2026-01-02 07:25:00,18.38,46.9,46.29,0
41,2026-01-02,2026-01-02 07:30:00,17.11,41.33,30.59,0
41,2026-01-02,2026-01-02 07:35:00,16.94,42.26,33.86,0
41,2026-01-02,2026-01-02 07:40:00,17.92,46.01,40.51,0
41,2026-01-02,2026-01-02 07:45:00,16.36,46.7,39.87,0
41,2026-01-02,2026-01-02 07:50:00,16.6,46.09,42.17,0
41,2026-01-02,2026-01-02 07:55:00,17.47,42.46,37.62,0
41,2026-01-02,2026-01-02 08:00:00,15.83,41.24,42.2,0
41,2026-01-02,2026-01-02 08:05:00,17.61,40.48,39.02,0
41,2026-01-02,2026-01-02 08:10:00,16.73,42.63,36.4,0
41,2026-01-02,2026-01-02 08:15:00,18.05,39.65,31.87,0
42,2026-01-03,2026-01-03 00:00:00,20.86,29.42,46.77,0
42,2026-01-03,2026-01-03 00:05:00,19.44,34.38,37.94,0
42,2026-01-03,2026-01-03 00:10:00,19.29,30.55,43.58,1
42,2026-01-03,2026-01-03 00:15:00,19.45,31.14,49.14,0
42,2026-01-03,2026-01-03 00:20:00,19.51,30.37,28.58,0
42,2026-01-03,2026-01-03 00:25:00,19.02,32.26,45.44,0
42,2026-01-03,2026-01-03 00:30:00,20.48,32.83,43.13,0
42,2026-01-03,2026-01-03 00:35:00,18.01,33.71,37.92,1
42,2026-01-03,2026-01-03 00:40:00,19.42,34.71,50.21,0
42,2026-01-03,2026-01-03 00:45:00,20.88,32.52,49.42,1
42,2026-01-03,2026-01-03 00:50:00,20.54,32.99,42.19,1
42,2026-01-03,2026-01-03 00:55:00,19.45,35.45,42.25,0
42,2026-01-03,2026-01-03 01:00:00,20.72,31.0,49.74,0
42,2026-01-03,2026-01-03 01:05:00,19.85,32.2,45.83,0
42,2026-01-03,2026-01-03 01:10:00,20.12,29.23,42.36,0
42,2026-01-03,2026-01-03 01:15:00,19.97,33.52,38.94,0
42,2026-01-03,2026-01-03 01:20:00,21.18,28.21,51.36,1
42,2026-01-03,2026-01-03 01:25:00,20.03,32.95,39.58,0
42,2026-01-03,2026-01-03 01:30:00,19.78,31.65,40.78,0
42,2026-01-03,2026-01-03 01:35:00,19.48,32.71,45.03,1
42,2026-01-03,2026-01-03 01:40:00,18.98,33.55,36.77,0
42,2026-01-03,2026-01-03 01:45:00,19.21,32.97,52.87,0
42,2026-01-03,2026-01-03 01:50:00,19.89,31.24,41.23,0
42,2026-01-03,2026-01-03 01:55:00,20.32,29.85,41.89,0
42,2026-01-03,2026-01-03 02:00:00,18.95,33.23,46.01,0
42,2026-01-03,2026-01-03 02:05:00,19.53,30.98,42.07,1
42,2026-01-03,2026-01-03 02:10:00,19.34,30.07,47.24,0
42,2026-01-03,2026-01-03 02:15:00,20.16,33.11,50.25,0
42,2026-01-03,2026-01-03 02:20:00,19.71,30.69,44.08,0
42,2026-01-03,2026-01-03 02:25:00,20.63,36.59,45.14,0
42,2026-01-03,2026-01-03 02:30:00,20.02,34.26,47.47,0
42,2026-01-03,2026-01-03 02:35:00,19.03,27.32,51.82,0
42,2026-01-03,2026-01-03 02:40:00,21.67,30.97,42.64,0
42,2026-01-03,2026-01-03 02:45:00,21.28,36.02,40.75,0
42,2026-01-03,2026-01-03 02:50:00,20.19,37.69,46.49,0
42,2026-01-03,2026-01-03 02:55:00,19.62,27.51,43.42,0
42,2026-01-03,2026-01-03 03:00:00,19.6,45.33,47.89,0
42,2026-01-03,2026-01-03 03:05:00,20.82,37.18,36.75,0
42,2026-01-03,2026-01-03 03:10:00,21.6,27.46,37.25,0
42,2026-01-03,2026-01-03 03:15:00,19.33,33.33,47.96,0
42,2026-01-03,2026-01-03 03:20:00,21.66,31.88,52.58,0
42,2026-01-03,2026-01-03 03:25:00,21.32,29.46,42.44,0
42,2026-01-03,2026-01-03 03:30:00,20.3,32.16,43.12,0
42,2026-01-03,2026-01-03 03:35:00,20.55,33.63,38.14,0
42,2026-01-03,2026-01-03 03:40:00,20.9,28.22,41.39,0
42,2026-01-03,2026-01-03 03:45:00,20.04,30.68,41.92,0
42,2026-01-03,2026-01-03 03:50:00,19.56,30.23,39.25,0
42,2026-01-03,2026-01-03 03:55:00,21.01,31.81,36.27,0
42,2026-01-03,2026-01-03 04:00:00,21.02,36.91,47.94,0
42,2026-01-03,2026-01-03 04:05:00,20.12,27.83,46.55,0
42,2026-01-03,2026-01-03 04:10:00,21.93,29.46,38.66,0
42,2026-01-03,2026-01-03 04:15:00,19.3,32.35,44.74,0
42,2026-01-03,2026-01-03 04:20:00,19.03,29.47,49.63,0
42,2026-01-03,2026-01-03 04:25:00,19.97,30.86,37.57,0
42,2026-01-03,2026-01-03 04:30:00,19.36,30.2,43.8,1
42,2026-01-03,2026-01-03 04:35:00,20.54,31.89,45.19,0
42,2026-01-03,2026-01-03 04:40:00,19.66,29.95,43.46,0
42,2026-01-03,2026-01-03 04:45:00,19.69,28.46,50.18,0
42,2026-01-03,2026-01-03 04:50:00,19.36,32.14,42.05,0
42,2026-01-03,2026-01-03 04:55:00,19.65,34.68,39.26,0
42,2026-01-03,2026-01-03 05:00:00,19.13,33.1,39.16,0
42,2026-01-03,2026-01-03 05:05:00,19.16,35.85,39.34,0
42,2026-01-03,2026-01-03 05:10:00,20.57,30.71,48.6,0
42,2026-01-03,2026-01-03 05:15:00,20.49,27.53,40.76,0
42,2026-01-03,2026-01-03 05:20:00,20.34,31.95,38.52,0
42,2026-01-03,2026-01-03 05:25:00,21.08,29.6,47.5,0
42,2026-01-03,2026-01-03 05:30:00,19.73,34.4,47.36,1
42,2026-01-03,2026-01-03 05:35:00,19.6,33.42,49.52,0
42,2026-01-03,2026-01-03 05:40:00,18.88,32.35,40.56,0
42,2026-01-03,2026-01-03 05:45:00,21.11,35.33,40.71,0
42,2026-01-03,2026-01-03 05:50:00,21.78,28.69,44.26,0
42,2026-01-03,2026-01-03 05:55:00,22.33,32.1,48.36,1
42,2026-01-03,2026-01-03 06:00:00,18.77,35.29,32.79,0
42,2026-01-03,2026-01-03 06:05:00,19.8,32.95,48.86,1
42,2026-01-03,2026-01-03 06:10:00,19.58,34.53,38.54,0
42,2026-01-03,2026-01-03 06:15:00,19.16,32.66,46.52,0
42,2026-01-03,2026-01-03 06:20:00,20.51,30.82,41.34,0
42,2026-01-03,2026-01-03 06:25:00,20.51,33.35,45.8,0
42,2026-01-03,2026-01-03 06:30:00,20.84,32.01,38.24,0
42,2026-01-03,2026-01-03 06:35:00,19.76,35.36,43.44,0
42,2026-01-03,2026-01-03 06:40:00,19.75,34.31,41.16,0
42,2026-01-03,2026-01-03 06:45:00,20.22,29.34,49.85,0
42,2026-01-03,2026-01-03 06:50:00,21.14,32.32,37.06,0
42,2026-01-03,2026-01-03 06:55:00,19.48,31.45,45.15,0
42,2026-01-03,2026-01-03 07:00:00,20.7,34.88,42.89,0
42,2026-01-03,2026-01-03 07:05:00,22.11,31.14,44.75,0
42,2026-01-03,2026-01-03 07:10:00,20.4,30.43,51.17,0
42,2026-01-03,2026-01-03 07:15:00,21.31,35.55,46.27,0
42,2026-01-03,2026-01-03 07:20:00,19.68,35.26,45.17,1
42,2026-01-03,2026-01-03 07:25:00,20.18,30.51,34.19,0
42,2026-01-03,2026-01-03 07:30:00,20.29,34.99,38.37,1
42,2026-01-03,2026-01-03 07:35:00,19.92,26.5,44.05,0
42,2026-01-03,2026-01-03 07:40:00,20.67,27.34,49.23,0
42,2026-01-03,2026-01-03 07:45:00,20.01,28.69,36.85,1
42,2026-01-03,2026-01-03 07:50:00,20.44,30.3,42.9,0
42,2026-01-03,2026-01-03 07:55:00,20.73,29.32,41.42,0
42,2026-01-03,2026-01-03 08:00:00,19.89,36.14,51.23,0
42,2026-01-03,2026-01-03 08:05:00,18.52,30.59,46.85,0
42,2026-01-03,2026-01-03 08:10:00,18.72,33.65,38.1,0
42,2026-01-03,2026-01-03 08:15:00,19.02,32.1,42.58,0
43,2026-01-04,2026-01-04 00:00:00,20.64,30.89,41.1,0
43,2026-01-04,2026-01-04 00:05:00,21.21,28.94,41.68,1
43,2026-01-04,2026-01-04 00:10:00,20.94,36.44,39.25,0
43,2026-01-04,2026-01-04 00:15:00,21.33,29.38,43.63,0
43,2026-01-04,2026-01-04 00:20:00,22.02,35.91,47.08,0
43,2026-01-04,2026-01-04 00:25:00,21.46,30.42,38.81,0
43,2026-01-04,2026-01-04 00:30:00,21.75,35.19,39.16,0
43,2026-01-04,2026-01-04 00:35:00,21.51,29.62,35.37,0
43,2026-01-04,2026-01-04 00:40:00,20.77,24.12,36.99,0
43,2026-01-04,2026-01-04 00:45:00,22.31,33.93,32.7,0
43,2026-01-04,2026-01-04 00:50:00,20.7,28.45,29.76,0
43,2026-01-04,2026-01-04 00:55:00,21.97,33.86,35.36,1
43,2026-01-04,2026-01-04 01:00:00,21.5,32.1,40.59,0
43,2026-01-04,2026-01-04 01:05:00,22.64,31.82,29.48,0
43,2026-01-04,2026-01-04 01:10:00,22.32,23.38,33.58,0
43,2026-01-04,2026-01-04 01:15:00,20.72,32.87,33.76,0
43,2026-01-04,2026-01-04 01:20:00,21.19,28.43,34.29,0
43,2026-01-04,2026-01-04 01:25:00,21.24,35.42,33.93,0
43,2026-01-04,2026-01-04 01:30:00,20.42,32.74,40.08,0
43,2026-01-04,2026-01-04 01:35:00,21.09,31.23,41.04,0
43,2026-01-04,2026-01-04 01:40:00,20.54,27.58,39.2,0
43,2026-01-04,2026-01-04 01:45:00,21.99,31.85,31.85,0
43,2026-01-04,2026-01-04 01:50:00,21.36,32.84,35.64,0
43,2026-01-04,2026-01-04 01:55:00,21.17,29.96,21.36,0
43,2026-01-04,2026-01-04 02:00:00,19.28,29.85,39.88,0
43,2026-01-04,2026-01-04 02:05:00,22.51,29.41,31.38,0
43,2026-01-04,2026-01-04 02:10:00,22.35,36.28,26.84,1
43,2026-01-04,2026-01-04 02:15:00,20.79,31.38,37.81,0
43,2026-01-04,2026-01-04 02:20:00,21.05,32.47,38.59,0
43,2026-01-04,2026-01-04 02:25:00,21.88,31.37,38.96,0
43,2026-01-04,2026-01-04 02:30:00,20.08,36.6,33.5,0
43,2026-01-04,2026-01-04 02:35:00,20.35,30.77,32.6,0
43,2026-01-04,2026-01-04 02:40:00,22.03,35.29,35.59,0
43,2026-01-04,2026-01-04 02:45:00,21.17,28.98,49.04,0
43,2026-01-04,2026-01-04 02:50:00,19.81,35.56,32.82,0
43,2026-01-04,2026-01-04 02:55:00,22.56,35.68,36.28,0
43,2026-01-04,2026-01-04 03:00:00,22.87,33.62,29.23,0
43,2026-01-04,2026-01-04 03:05:00,20.32,28.98,37.8,0
43,2026-01-04,2026-01-04 03:10:00,21.93,31.79,41.87,0
43,2026-01-04,2026-01-04 03:15:00,21.85,36.85,35.17,0
43,2026-01-04,2026-01-04 03:20:00,20.89,27.95,33.98,1
43,2026-01-04,2026-01-04 03:25:00,20.24,27.77,27.83,1
43,2026-01-04,2026-01-04 03:30:00,23.79,35.21,35.13,0
43,2026-01-04,2026-01-04 03:35:00,22.35,30.98,22.44,1
43,2026-01-04,2026-01-04 03:40:00,21.49,31.31,30.79,0
43,2026-01-04,2026-01-04 03:45:00,22.71,32.78,40.51,0
43,2026-01-04,2026-01-04 03:50:00,22.17,31.4,28.86,0
43,2026-01-04,2026-01-04 03:55:00,22.77,27.93,22.43,0
43,2026-01-04,2026-01-04 04:00:00,21.64,34.16,30.82,0
43,2026-01-04,2026-01-04 04:05:00,22.69,33.09,40.11,0
43,2026-01-04,2026-01-04 04:10:00,20.63,32.23,37.05,0
43,2026-01-04,2026-01-04 04:15:00,21.37,27.79,28.59,0
43,2026-01-04,2026-01-04 04:20:00,21.29,30.7,39.9,0
43,2026-01-04,2026-01-04 04:25:00,22.64,27.68,32.61,0
43,2026-01-04,2026-01-04 04:30:00,21.18,32.24,27.0,0
43,2026-01-04,2026-01-04 04:35:00,21.37,32.22,43.8,0
43,2026-01-04,2026-01-04 04:40:00,23.21,29.25,31.84,0
43,2026-01-04,2026-01-04 04:45:00,21.28,26.59,38.81,0
43,2026-01-04,2026-01-04 04:50:00,21.13,28.36,34.03,0
43,2026-01-04,2026-01-04 04:55:00,20.66,29.38,27.61,0
43,2026-01-04,2026-01-04 05:00:00,20.05,32.4,41.59,0
43,2026-01-04,2026-01-04 05:05:00,24.02,31.92,41.59,0
43,2026-01-04,2026-01-04 05:10:00,20.28,28.97,39.71,0
43,2026-01-04,2026-01-04 05:15:00,21.68,33.89,34.33,0
43,2026-01-04,2026-01-04 05:20:00,22.64,23.92,35.87,0
43,2026-01-04,2026-01-04 05:25:00,22.17,33.49,21.51,0
43,2026-01-04,2026-01-04 05:30:00,21.05,32.3,41.68,0
43,2026-01-04,2026-01-04 05:35:00,21.12,30.05,40.11,1
43,2026-01-04,2026-01-04 05:40:00,21.73,33.01,38.49,0
43,2026-01-04,2026-01-04 05:45:00,21.44,23.69,28.18,0
43,2026-01-04,2026-01-04 05:50:00,19.53,36.49,37.36,0
43,2026-01-04,2026-01-04 05:55:00,21.18,28.52,32.4,0
43,2026-01-04,2026-01-04 06:00:00,22.21,31.18,26.48,0
43,2026-01-04,2026-01-04 06:05:00,21.85,27.64,35.39,0
43,2026-01-04,2026-01-04 06:10:00,20.01,35.19,34.96,0
43,2026-01-04,2026-01-04 06:15:00,20.75,27.59,31.93,1
43,2026-01-04,2026-01-04 06:20:00,21.82,34.68,36.5,0
43,2026-01-04,2026-01-04 06:25:00,20.77,29.18,24.66,0
43,2026-01-04,2026-01-04 06:30:00,22.08,34.64,35.31,0
43,2026-01-04,2026-01-04 06:35:00,20.55,32.67,33.67,0
43,2026-01-04,2026-01-04 06:40:00,21.87,35.29,40.97,0
43,2026-01-04,2026-01-04 06:45:00,20.68,30.85,38.26,0
43,2026-01-04,2026-01-04 06:50:00,21.92,38.66,36.84,0
43,2026-01-04,2026-01-04 06:55:00,20.02,32.16,38.82,0
43,2026-01-04,2026-01-04 07:00:00,21.27,35.37,30.5,0
43,2026-01-04,2026-01-04 07:05:00,21.16,25.67,34.27,0
43,2026-01-04,2026-01-04 07:10:00,23.35,32.07,38.55,1
43,2026-01-04,2026-01-04 07:15:00,20.15,31.69,40.42,1
43,2026-01-04,2026-01-04 07:20:00,20.67,33.4,26.75,0
43,2026-01-04,2026-01-04 07:25:00,20.66,32.83,42.66,0
43,2026-01-04,2026-01-04 07:30:00,21.14,33.46,36.16,0
43,2026-01-04,2026-01-04 07:35:00,20.23,33.4,28.04,0
43,2026-01-04,2026-01-04 07:40:00,21.69,24.29,40.4,0
43,2026-01-04,2026-01-04 07:45:00,21.37,30.15,26.66,0
43,2026-01-04,2026-01-04 07:50:00,23.14,31.83,31.59,0
43,2026-01-04,2026-01-04 07:55:00,21.53,30.83,37.36,1
43,2026-01-04,2026-01-04 08:00:00,20.78,28.07,41.87,0
43,2026-01-04,2026-01-04 08:05:00,21.96,30.67,39.93,0
43,2026-01-04,2026-01-04 08:10:00,20.65,32.96,34.52,0
43,2026-01-04,2026-01-04 08:15:00,21.64,31.45,27.62,0
44,2026-01-05,2026-01-05 00:00:00,16.53,49.92,41.51,0
44,2026-01-05,2026-01-05 00:05:00,15.9,46.42,44.49,0
44,2026-01-05,2026-01-05 00:10:00,16.93,49.32,38.95,1
44,2026-01-05,2026-01-05 00:15:00,16.28,43.32,50.22,0
44,2026-01-05,2026-01-05 00:20:00,15.65,46.14,52.26,0
44,2026-01-05,2026-01-05 00:25:00,17.49,45.59,42.38,0
44,2026-01-05,2026-01-05 00:30:00,16.2,44.53,49.22,0
44,2026-01-05,2026-01-05 00:35:00,16.61,50.07,50.62,0
44,2026-01-05,2026-01-05 00:40:00,15.48,43.61,49.0,0
44,2026-01-05,2026-01-05 00:45:00,17.01,45.98,48.15,0
44,2026-01-05,2026-01-05 00:50:00,15.97,46.67,46.39,1
44,2026-01-05,2026-01-05 00:55:00,16.57,50.18,41.61,0
44,2026-01-05,2026-01-05 01:00:00,16.1,53.45,48.1,0
44,2026-01-05,2026-01-05 01:05:00,15.86,44.01,45.04,1
44,2026-01-05,2026-01-05 01:10:00,15.24,43.79,48.31,1
44,2026-01-05,2026-01-05 01:15:00,15.61,52.34,49.1,0
44,2026-01-05,2026-01-05 01:20:00,15.09,45.98,43.64,0
44,2026-01-05,2026-01-05 01:25:00,16.78,50.83,44.42,0
44,2026-01-05,2026-01-05 01:30:00,16.21,42.38,40.35,0
44,2026-01-05,2026-01-05 01:35:00,17.37,49.21,39.03,0
44,2026-01-05,2026-01-05 01:40:00,17.05,43.58,38.71,0
44,2026-01-05,2026-01-05 01:45:00,16.14,45.25,52.36,0
44,2026-01-05,2026-01-05 01:50:00,16.72,43.14,50.62,0
44,2026-01-05,2026-01-05 01:55:00,15.65,46.54,39.4,0
44,2026-01-05,2026-01-05 02:00:00,15.41,48.79,49.54,1
44,2026-01-05,2026-01-05 02:05:00,17.38,44.62,53.24,0
44,2026-01-05,2026-01-05 02:10:00,14.84,47.03,39.22,0
44,2026-01-05,2026-01-05 02:15:00,18.0,48.09,46.64,0
44,2026-01-05,2026-01-05 02:20:00,15.66,49.08,40.26,0
44,2026-01-05,2026-01-05 02:25:00,14.0,50.54,37.98,0
44,2026-01-05,2026-01-05 02:30:00,14.91,50.31,51.09,0
44,2026-01-05,2026-01-05 02:35:00,14.78,46.26,45.87,0
44,2026-01-05,2026-01-05 02:40:00,16.63,42.74,45.84,1
44,2026-01-05,2026-01-05 02:45:00,15.48,44.44,51.3,1
44,2026-01-05,2026-01-05 02:50:00,15.6,45.79,56.52,0
44,2026-01-05,2026-01-05 02:55:00,15.7,44.77,43.53,0
44,2026-01-05,2026-01-05 03:00:00,17.82,45.37,44.45,0
44,2026-01-05,2026-01-05 03:05:00,16.16,44.36,47.0,0
44,2026-01-05,2026-01-05 03:10:00,16.25,52.69,46.98,1
44,2026-01-05,2026-01-05 03:15:00,15.04,45.68,40.69,0
44,2026-01-05,2026-01-05 03:20:00,16.69,42.12,39.12,0
44,2026-01-05,2026-01-05 03:25:00,15.65,47.94,48.59,0
44,2026-01-05,2026-01-05 03:30:00,16.92,44.6,49.78,1
44,2026-01-05,2026-01-05 03:35:00,15.37,46.33,44.92,0
44,2026-01-05,2026-01-05 03:40:00,15.33,48.08,46.74,0
44,2026-01-05,2026-01-05 03:45:00,16.29,52.11,53.18,0
44,2026-01-05,2026-01-05 03:50:00,17.12,44.85,48.42,0
44,2026-01-05,2026-01-05 03:55:00,16.19,43.2,49.87,0
44,2026-01-05,2026-01-05 04:00:00,17.46,48.1,43.3,0
44,2026-01-05,2026-01-05 04:05:00,16.36,45.0,36.53,0
44,2026-01-05,2026-01-05 04:10:00,16.23,49.55,46.87,0
44,2026-01-05,2026-01-05 04:15:00,16.54,44.29,54.61,0
44,2026-01-05,2026-01-05 04:20:00,16.23,45.68,45.56,0
44,2026-01-05,2026-01-05 04:25:00,15.77,46.52,40.11,0
44,2026-01-05,2026-01-05 04:30:00,16.35,45.89,41.19,0
44,2026-01-05,2026-01-05 04:35:00,14.91,50.43,47.67,0
44,2026-01-05,2026-01-05 04:40:00,16.32,47.99,44.12,0
44,2026-01-05,2026-01-05 04:45:00,16.22,49.54,47.68,0
44,2026-01-05,2026-01-05 04:50:00,16.01,46.38,51.68,0
44,2026-01-05,2026-01-05 04:55:00,16.8,46.2,44.39,0
44,2026-01-05,2026-01-05 05:00:00,16.76,48.23,41.91,0
44,2026-01-05,2026-01-05 05:05:00,16.23,45.26,50.0,0
44,2026-01-05,2026-01-05 05:10:00,16.39,49.04,40.98,0
44,2026-01-05,2026-01-05 05:15:00,15.92,43.94,56.17,0
44,2026-01-05,2026-01-05 05:20:00,16.67,48.36,42.03,0
44,2026-01-05,2026-01-05 05:25:00,16.55,49.86,44.61,0
44,2026-01-05,2026-01-05 05:30:00,16.56,46.43,44.25,0
44,2026-01-05,2026-01-05 05:35:00,15.72,41.57,47.56,0
44,2026-01-05,2026-01-05 05:40:00,14.95,43.91,48.39,0
44,2026-01-05,2026-01-05 05:45:00,16.04,48.29,45.42,1
44,2026-01-05,2026-01-05 05:50:00,17.29,43.92,47.6,1
44,2026-01-05,2026-01-05 05:55:00,15.64,46.04,62.42,0
44,2026-01-05,2026-01-05 06:00:00,16.98,51.71,45.69,0
44,2026-01-05,2026-01-05 06:05:00,16.07,42.45,48.49,0
44,2026-01-05,2026-01-05 06:10:00,16.8,43.4,51.78,0
44,2026-01-05,2026-01-05 06:15:00,16.3,47.07,48.13,0
44,2026-01-05,2026-01-05 06:20:00,15.83,45.2,45.94,0
44,2026-01-05,2026-01-05 06:25:00,16.19,47.98,43.72,0
44,2026-01-05,2026-01-05 06:30:00,15.32,41.16,36.5,0
44,2026-01-05,2026-01-05 06:35:00,14.86,47.84,48.66,0
44,2026-01-05,2026-01-05 06:40:00,16.08,46.21,51.56,1
44,2026-01-05,2026-01-05 06:45:00,16.15,51.03,53.85,0
44,2026-01-05,2026-01-05 06:50:00,15.54,44.94,42.7,0
44,2026-01-05,2026-01-05 06:55:00,17.01,43.25,39.39,1
44,2026-01-05,2026-01-05 07:00:00,16.27,52.1,50.9,0
44,2026-01-05,2026-01-05 07:05:00,16.05,44.21,42.61,0
44,2026-01-05,2026-01-05 07:10:00,17.75,46.47,46.58,0
44,2026-01-05,2026-01-05 07:15:00,15.5,48.89,56.76,0
44,2026-01-05,2026-01-05 07:20:00,16.82,42.26,47.36,0
44,2026-01-05,2026-01-05 07:25:00,17.0,47.72,47.23,0
44,2026-01-05,2026-01-05 07:30:00,15.51,45.07,43.32,0
44,2026-01-05,2026-01-05 07:35:00,17.26,46.91,51.53,0
44,2026-01-05,2026-01-05 07:40:00,15.0,43.55,36.29,0
44,2026-01-05,2026-01-05 07:45:00,15.59,48.55,51.88,0
44,2026-01-05,2026-01-05 07:50:00,17.02,46.74,56.51,0
44,2026-01-05,2026-01-05 07:55:00,16.69,48.73,52.77,1
44,2026-01-05,2026-01-05 08:00:00,16.45,44.38,46.98,0
44,2026-01-05,2026-01-05 08:05:00,15.38,49.67,44.59,0
44,2026-01-05,2026-01-05 08:10:00,14.83,46.75,48.0,0
44,2026-01-05,2026-01-05 08:15:00,16.29,47.58,41.23,0
45,2026-01-06,2026-01-06 00:00:00,20.57,52.47,31.72,1
45,2026-01-06,2026-01-06 00:05:00,21.14,53.0,44.27,1
45,2026-01-06,2026-01-06 00:10:00,21.52,50.85,46.82,0
45,2026-01-06,2026-01-06 00:15:00,20.23,52.04,35.73,0
45,2026-01-06,2026-01-06 00:20:00,20.88,47.39,35.39,0
45,2026-01-06,2026-01-06 00:25:00,21.22,48.77,37.55,0
45,2026-01-06,2026-01-06 00:30:00,21.54,51.2,40.71,0
45,2026-01-06,2026-01-06 00:35:00,21.77,48.15,36.51,0
45,2026-01-06,2026-01-06 00:40:00,20.45,54.62,40.39,0
45,2026-01-06,2026-01-06 00:45:00,19.84,52.21,50.41,0
45,2026-01-06,2026-01-06 00:50:00,21.4,50.84,45.43,0
45,2026-01-06,2026-01-06 00:55:00,20.7,52.72,36.27,0
45,2026-01-06,2026-01-06 01:00:00,21.62,54.57,46.86,0
45,2026-01-06,2026-01-06 01:05:00,21.5,52.82,39.84,0
45,2026-01-06,2026-01-06 01:10:00,22.04,49.28,38.97,0
45,2026-01-06,2026-01-06 01:15:00,20.89,52.58,41.41,0
45,2026-01-06,2026-01-06 01:20:00,19.33,51.91,39.02,0
45,2026-01-06,2026-01-06 01:25:00,19.57,52.43,38.61,1
45,2026-01-06,2026-01-06 01:30:00,21.07,53.52,42.54,0
45,2026-01-06,2026-01-06 01:35:00,20.35,54.33,46.36,0
45,2026-01-06,2026-01-06 01:40:00,20.71,53.53,41.69,0
45,2026-01-06,2026-01-06 01:45:00,20.8,50.12,44.59,1
45,2026-01-06,2026-01-06 01:50:00,21.8,55.42,38.2,0
45,2026-01-06,2026-01-06 01:55:00,20.8,50.41,35.43,0
45,2026-01-06,2026-01-06 02:00:00,19.8,51.44,41.86,0
45,2026-01-06,2026-01-06 02:05:00,20.18,54.92,42.51,0
45,2026-01-06,2026-01-06 02:10:00,20.58,55.5,39.22,1
45,2026-01-06,2026-01-06 02:15:00,20.65,50.03,41.2,0
45,2026-01-06,2026-01-06 02:20:00,21.4,54.13,46.66,0
45,2026-01-06,2026-01-06 02:25:00,20.91,54.32,43.81,0
45,2026-01-06,2026-01-06 02:30:00,21.46,57.34,45.52,0
45,2026-01-06,2026-01-06 02:35:00,19.39,46.55,38.6,0
45,2026-01-06,2026-01-06 02:40:00,21.63,50.37,47.91,0
45,2026-01-06,2026-01-06 02:45:00,20.4,48.79,39.99,0
45,2026-01-06,2026-01-06 02:50:00,22.09,56.42,40.27,1
45,2026-01-06,2026-01-06 02:55:00,19.75,50.32,41.71,1
45,2026-01-06,2026-01-06 03:00:00,20.43,58.74,50.06,0
45,2026-01-06,2026-01-06 03:05:00,19.54,52.25,44.12,0
45,2026-01-06,2026-01-06 03:10:00,20.08,52.24,40.99,0
45,2026-01-06,2026-01-06 03:15:00,20.9,47.91,42.6,0
45,2026-01-06,2026-01-06 03:20:00,21.05,49.94,50.9,1
45,2026-01-06,2026-01-06 03:25:00,21.49,50.67,41.85,0
45,2026-01-06,2026-01-06 03:30:00,20.91,55.45,38.08,0
45,2026-01-06,2026-01-06 03:35:00,21.7,53.23,42.17,0
45,2026-01-06,2026-01-06 03:40:00,21.21,52.94,35.56,0
45,2026-01-06,2026-01-06 03:45:00,19.84,51.64,39.18,0
45,2026-01-06,2026-01-06 03:50:00,21.27,50.58,50.59,0
45,2026-01-06,2026-01-06 03:55:00,21.76,52.21,41.7,0
45,2026-01-06,2026-01-06 04:00:00,21.67,54.42,39.42,0
45,2026-01-06,2026-01-06 04:05:00,20.52,50.72,43.29,1
45,2026-01-06,2026-01-06 04:10:00,19.79,53.27,33.34,1
45,2026-01-06,2026-01-06 04:15:00,20.92,51.78,41.25,0
45,2026-01-06,2026-01-06 04:20:00,21.87,55.75,44.45,0
45,2026-01-06,2026-01-06 04:25:00,20.32,50.84,40.9,1
45,2026-01-06,2026-01-06 04:30:00,20.41,53.14,36.06,0
45,2026-01-06,2026-01-06 04:35:00,20.57,52.18,42.99,0
45,2026-01-06,2026-01-06 04:40:00,20.65,45.04,49.1,0
45,2026-01-06,2026-01-06 04:45:00,21.75,54.06,39.43,0
45,2026-01-06,2026-01-06 04:50:00,22.15,51.13,41.68,0
45,2026-01-06,2026-01-06 04:55:00,20.68,50.15,35.72,0
45,2026-01-06,2026-01-06 05:00:00,21.02,52.62,42.97,0
45,2026-01-06,2026-01-06 05:05:00,20.78,49.22,33.62,0
45,2026-01-06,2026-01-06 05:10:00,20.95,53.14,39.48,1
45,2026-01-06,2026-01-06 05:15:00,21.54,50.98,44.5,0
45,2026-01-06,2026-01-06 05:20:00,21.25,52.43,39.23,1
45,2026-01-06,2026-01-06 05:25:00,19.41,50.15,47.65,0
45,2026-01-06,2026-01-06 05:30:00,20.4,48.95,25.94,0
45,2026-01-06,2026-01-06 05:35:00,20.61,45.74,43.57,0
45,2026-01-06,2026-01-06 05:40:00,20.52,55.88,52.06,1
45,2026-01-06,2026-01-06 05:45:00,21.01,51.55,41.04,0
45,2026-01-06,2026-01-06 05:50:00,20.92,52.54,41.18,0
45,2026-01-06,2026-01-06 05:55:00,21.32,55.29,34.51,0
45,2026-01-06,2026-01-06 06:00:00,20.31,46.99,31.99,1
45,2026-01-06,2026-01-06 06:05:00,21.3,50.19,32.13,0
45,2026-01-06,2026-01-06 06:10:00,22.2,52.81,38.38,0
45,2026-01-06,2026-01-06 06:15:00,20.0,53.05,43.69,0
45,2026-01-06,2026-01-06 06:20:00,21.28,51.3,43.83,0
45,2026-01-06,2026-01-06 06:25:00,19.03,52.62,41.25,1
45,2026-01-06,2026-01-06 06:30:00,20.55,55.86,29.77,1
45,2026-01-06,2026-01-06 06:35:00,20.87,50.37,49.88,0
45,2026-01-06,2026-01-06 06:40:00,21.22,51.73,34.23,0
45,2026-01-06,2026-01-06 06:45:00,21.01,53.67,39.79,1
45,2026-01-06,2026-01-06 06:50:00,22.6,55.7,50.07,0
45,2026-01-06,2026-01-06 06:55:00,21.21,49.32,42.7,0
45,2026-01-06,2026-01-06 07:00:00,20.54,51.81,41.95,0
45,2026-01-06,2026-01-06 07:05:00,21.28,47.54,50.63,0
45,2026-01-06,2026-01-06 07:10:00,20.26,50.36,37.44,0
45,2026-01-06,2026-01-06 07:15:00,20.02,55.45,50.78,0
45,2026-01-06,2026-01-06 07:20:00,20.48,55.16,40.12,0
45,2026-01-06,2026-01-06 07:25:00,20.66,57.98,42.45,0
45,2026-01-06,2026-01-06 07:30:00,20.3,48.3,35.88,1
45,2026-01-06,2026-01-06 07:35:00,19.81,49.28,49.21,0
45,2026-01-06,2026-01-06 07:40:00,18.82,50.6,40.25,0
45,2026-01-06,2026-01-06 07:45:00,21.96,53.25,42.95,0
45,2026-01-06,2026-01-06 07:50:00,20.58,52.2,37.9,0
45,2026-01-06,2026-01-06 07:55:00,20.97,47.06,45.36,0
45,2026-01-06,2026-01-06 08:00:00,21.03,57.04,42.49,0
45,2026-01-06,2026-01-06 08:05:00,20.3,54.08,41.08,0
45,2026-01-06,2026-01-06 08:10:00,20.94,52.52,40.54,0
45,2026-01-06,2026-01-06 08:15:00,20.12,56.6,45.05,0
46,2026-01-07,2026-01-07 00:00:00,16.52,46.02,39.86,1
46,2026-01-07,2026-01-07 00:05:00,16.64,41.05,29.24,0
46,2026-01-07,2026-01-07 00:10:00,16.73,47.09,26.24,1
46,2026-01-07,2026-01-07 00:15:00,15.9,45.27,31.94,0
46,2026-01-07,2026-01-07 00:20:00,14.51,44.79,26.61,0
46,2026-01-07,2026-01-07 00:25:00,16.57,40.1,33.05,0
46,2026-01-07,2026-01-07 00:30:00,16.58,42.28,19.84,0
46,2026-01-07,2026-01-07 00:35:00,16.11,44.44,26.01,0
46,2026-01-07,2026-01-07 00:40:00,15.92,44.54,25.6,0
46,2026-01-07,2026-01-07 00:45:00,16.96,43.53,34.33,0
46,2026-01-07,2026-01-07 00:50:00,14.9,47.15,18.4,0
46,2026-01-07,2026-01-07 00:55:00,15.57,47.26,31.2,0
46,2026-01-07,2026-01-07 01:00:00,14.98,43.99,30.7,0
46,2026-01-07,2026-01-07 01:05:00,16.05,45.72,30.68,0
46,2026-01-07,2026-01-07 01:10:00,15.75,46.29,35.09,0
46,2026-01-07,2026-01-07 01:15:00,16.58,45.01,32.61,1
46,2026-01-07,2026-01-07 01:20:00,14.72,44.97,28.73,0
46,2026-01-07,2026-01-07 01:25:00,16.15,39.52,25.37,0
46,2026-01-07,2026-01-07 01:30:00,16.85,43.36,28.67,0
46,2026-01-07,2026-01-07 01:35:00,16.13,45.17,27.87,1
46,2026-01-07,2026-01-07 01:40:00,16.34,44.97,24.27,1
46,2026-01-07,2026-01-07 01:45:00,15.08,43.24,25.82,0
46,2026-01-07,2026-01-07 01:50:00,17.06,48.52,29.7,1
46,2026-01-07,2026-01-07 01:55:00,15.51,40.4,17.43,0
46,2026-01-07,2026-01-07 02:00:00,14.79,48.7,18.51,0
46,2026-01-07,2026-01-07 02:05:00,14.88,49.8,25.29,0
46,2026-01-07,2026-01-07 02:10:00,15.22,47.9,34.69,0
46,2026-01-07,2026-01-07 02:15:00,15.59,50.59,25.49,1
46,2026-01-07,2026-01-07 02:20:00,16.77,44.97,24.92,0
46,2026-01-07,2026-01-07 02:25:00,15.75,48.19,28.96,0
46,2026-01-07,2026-01-07 02:30:00,15.27,48.7,34.52,0
46,2026-01-07,2026-01-07 02:35:00,15.63,44.2,22.82,0
46,2026-01-07,2026-01-07 02:40:00,15.78,42.23,28.03,0
46,2026-01-07,2026-01-07 02:45:00,15.88,42.94,21.97,0
46,2026-01-07,2026-01-07 02:50:00,16.35,48.18,24.64,0
46,2026-01-07,2026-01-07 02:55:00,17.04,43.49,26.45,0
46,2026-01-07,2026-01-07 03:00:00,15.19,46.15,31.69,0
46,2026-01-07,2026-01-07 03:05:00,15.63,42.02,22.88,1
46,2026-01-07,2026-01-07 03:10:00,17.18,39.37,16.36,0
46,2026-01-07,2026-01-07 03:15:00,15.1,47.46,32.28,0
46,2026-01-07,2026-01-07 03:20:00,16.05,45.19,31.35,0
46,2026-01-07,2026-01-07 03:25:00,15.34,41.48,18.7,0
46,2026-01-07,2026-01-07 03:30:00,15.34,46.85,28.72,0
46,2026-01-07,2026-01-07 03:35:00,16.37,40.63,23.55,0
46,2026-01-07,2026-01-07 03:40:00,16.37,43.72,42.8,0
46,2026-01-07,2026-01-07 03:45:00,13.94,42.98,34.39,0
46,2026-01-07,2026-01-07 03:50:00,15.91,47.17,36.05,0
46,2026-01-07,2026-01-07 03:55:00,16.82,43.23,28.6,0
46,2026-01-07,2026-01-07 04:00:00,15.51,41.93,27.63,0
46,2026-01-07,2026-01-07 04:05:00,15.1,42.77,21.94,1
46,2026-01-07,2026-01-07 04:10:00,16.78,43.28,25.93,1
46,2026-01-07,2026-01-07 04:15:00,16.21,45.34,29.42,0
46,2026-01-07,2026-01-07 04:20:00,15.58,44.31,14.84,0
46,2026-01-07,2026-01-07 04:25:00,15.7,43.57,23.38,0
46,2026-01-07,2026-01-07 04:30:00,14.62,40.93,24.7,0
46,2026-01-07,2026-01-07 04:35:00,15.29,44.11,31.63,0
46,2026-01-07,2026-01-07 04:40:00,15.94,43.07,27.14,0
46,2026-01-07,2026-01-07 04:45:00,15.84,48.17,29.97,0
46,2026-01-07,2026-01-07 04:50:00,16.82,46.61,30.13,0
46,2026-01-07,2026-01-07 04:55:00,17.01,41.55,35.38,0
46,2026-01-07,2026-01-07 05:00:00,18.16,39.35,25.09,0
46,2026-01-07,2026-01-07 05:05:00,14.55,38.35,29.22,0
46,2026-01-07,2026-01-07 05:10:00,16.18,47.73,25.52,1
46,2026-01-07,2026-01-07 05:15:00,15.58,37.73,26.03,0
46,2026-01-07,2026-01-07 05:20:00,15.44,46.76,20.34,1
46,2026-01-07,2026-01-07 05:25:00,14.11,40.84,31.53,0
46,2026-01-07,2026-01-07 05:30:00,15.08,41.46,30.91,0
46,2026-01-07,2026-01-07 05:35:00,14.74,48.71,20.46,0
46,2026-01-07,2026-01-07 05:40:00,15.27,44.62,19.9,0
46,2026-01-07,2026-01-07 05:45:00,15.09,37.63,40.4,0
46,2026-01-07,2026-01-07 05:50:00,16.01,42.21,31.69,0
46,2026-01-07,2026-01-07 05:55:00,14.99,39.73,33.79,0
46,2026-01-07,2026-01-07 06:00:00,15.4,46.9,22.3,0
46,2026-01-07,2026-01-07 06:05:00,15.74,40.73,25.0,1
46,2026-01-07,2026-01-07 06:10:00,15.99,41.09,24.72,0
46,2026-01-07,2026-01-07 06:15:00,16.08,45.19,26.45,0
46,2026-01-07,2026-01-07 06:20:00,16.68,45.02,35.14,0
46,2026-01-07,2026-01-07 06:25:00,16.41,41.49,26.18,0
46,2026-01-07,2026-01-07 06:30:00,15.91,47.4,29.72,0
46,2026-01-07,2026-01-07 06:35:00,17.14,43.24,33.98,0
46,2026-01-07,2026-01-07 06:40:00,15.74,46.15,30.63,1
46,2026-01-07,2026-01-07 06:45:00,15.82,38.86,30.53,1
46,2026-01-07,2026-01-07 06:50:00,15.0,49.15,17.21,1
46,2026-01-07,2026-01-07 06:55:00,16.85,48.01,27.09,0
46,2026-01-07,2026-01-07 07:00:00,16.13,46.49,25.8,0
46,2026-01-07,2026-01-07 07:05:00,16.51,44.04,33.6,0
46,2026-01-07,2026-01-07 07:10:00,16.35,47.04,29.75,0
46,2026-01-07,2026-01-07 07:15:00,15.37,43.89,34.74,0
46,2026-01-07,2026-01-07 07:20:00,14.45,40.48,27.66,0
46,2026-01-07,2026-01-07 07:25:00,15.8,41.35,28.98,0
46,2026-01-07,2026-01-07 07:30:00,15.29,49.11,21.76,0
46,2026-01-07,2026-01-07 07:35:00,16.15,47.2,36.88,0
46,2026-01-07,2026-01-07 07:40:00,15.72,51.33,25.45,0
46,2026-01-07,2026-01-07 07:45:00,16.0,43.17,31.99,0
46,2026-01-07,2026-01-07 07:50:00,17.33,42.47,26.51,0
46,2026-01-07,2026-01-07 07:55:00,14.79,42.91,28.73,1
46,2026-01-07,2026-01-07 08:00:00,15.29,44.96,22.12,1
46,2026-01-07,2026-01-07 08:05:00,15.54,46.76,18.63,0
46,2026-01-07,2026-01-07 08:10:00,15.79,44.7,25.5,0
46,2026-01-07,2026-01-07 08:15:00,17.28,42.38,27.71,1
47,2026-01-08,2026-01-08 00:00:00,18.84,55.0,50.22,0
47,2026-01-08,2026-01-08 00:05:00,19.17,54.24,47.9,0
47,2026-01-08,2026-01-08 00:10:00,15.59,60.4,50.6,0
47,2026-01-08,2026-01-08 00:15:00,17.42,56.25,51.92,0
47,2026-01-08,2026-01-08 00:20:00,18.47,54.22,46.86,0
47,2026-01-08,2026-01-08 00:25:00,17.6,58.21,60.78,0
47,2026-01-08,2026-01-08 00:30:00,19.59,56.46,53.65,0
47,2026-01-08,2026-01-08 00:35:00,18.51,57.92,64.42,0
47,2026-01-08,2026-01-08 00:40:00,18.56,57.65,51.37,0
47,2026-01-08,2026-01-08 00:45:00,17.99,50.21,50.69,0
47,2026-01-08,2026-01-08 00:50:00,18.11,56.1,50.0,1
47,2026-01-08,2026-01-08 00:55:00,18.37,58.17,48.87,0
47,2026-01-08,2026-01-08 01:00:00,17.23,55.3,52.88,0
47,2026-01-08,2026-01-08 01:05:00,18.63,57.69,46.21,1
47,2026-01-08,2026-01-08 01:10:00,17.75,58.99,41.45,1
47,2026-01-08,2026-01-08 01:15:00,17.4,57.46,57.82,0
47,2026-01-08,2026-01-08 01:20:00,18.57,57.6,51.07,0
47,2026-01-08,2026-01-08 01:25:00,18.77,54.42,55.95,1
47,2026-01-08,2026-01-08 01:30:00,18.36,56.75,54.83,0
47,2026-01-08,2026-01-08 01:35:00,20.0,56.91,55.74,0
47,2026-01-08,2026-01-08 01:40:00,17.58,53.86,59.85,0
47,2026-01-08,2026-01-08 01:45:00,17.85,53.22,58.76,0
47,2026-01-08,2026-01-08 01:50:00,18.49,55.37,53.23,0
47,2026-01-08,2026-01-08 01:55:00,18.56,52.48,55.69,1
47,2026-01-08,2026-01-08 02:00:00,18.05,60.71,54.24,1
47,2026-01-08,2026-01-08 02:05:00,18.75,55.68,52.34,0
47,2026-01-08,2026-01-08 02:10:00,18.19,54.7,49.16,0
47,2026-01-08,2026-01-08 02:15:00,19.11,59.43,54.01,0
47,2026-01-08,2026-01-08 02:20:00,18.04,50.53,50.32,1
47,2026-01-08,2026-01-08 02:25:00,19.43,59.55,47.61,0
47,2026-01-08,2026-01-08 02:30:00,18.23,60.63,49.14,0
47,2026-01-08,2026-01-08 02:35:00,17.99,55.51,51.24,0
47,2026-01-08,2026-01-08 02:40:00,19.16,59.95,47.33,0
47,2026-01-08,2026-01-08 02:45:00,18.86,56.51,53.69,0
47,2026-01-08,2026-01-08 02:50:00,17.74,59.68,53.24,0
47,2026-01-08,2026-01-08 02:55:00,18.62,55.08,52.85,0
47,2026-01-08,2026-01-08 03:00:00,18.65,56.98,60.68,0
47,2026-01-08,2026-01-08 03:05:00,17.89,53.42,41.11,0
47,2026-01-08,2026-01-08 03:10:00,19.52,56.08,45.83,0
47,2026-01-08,2026-01-08 03:15:00,20.03,56.65,57.27,1
47,2026-01-08,2026-01-08 03:20:00,18.78,61.34,43.11,1
47,2026-01-08,2026-01-08 03:25:00,18.14,62.12,53.34,0
47,2026-01-08,2026-01-08 03:30:00,17.5,52.31,49.45,0
47,2026-01-08,2026-01-08 03:35:00,19.94,60.33,53.14,0
47,2026-01-08,2026-01-08 03:40:00,18.69,60.46,44.62,0
47,2026-01-08,2026-01-08 03:45:00,19.38,56.59,50.7,0
47,2026-01-08,2026-01-08 03:50:00,18.46,51.5,53.58,0
47,2026-01-08,2026-01-08 03:55:00,19.07,58.78,47.1,0
47,2026-01-08,2026-01-08 04:00:00,18.44,51.71,55.51,0
47,2026-01-08,2026-01-08 04:05:00,19.02,51.28,50.86,1
47,2026-01-08,2026-01-08 04:10:00,18.78,53.29,46.66,1
47,2026-01-08,2026-01-08 04:15:00,17.37,55.06,49.65,0
47,2026-01-08,2026-01-08 04:20:00,20.22,56.28,56.75,0
47,2026-01-08,2026-01-08 04:25:00,17.55,56.91,52.32,1
47,2026-01-08,2026-01-08 04:30:00,18.28,57.71,58.06,0
47,2026-01-08,2026-01-08 04:35:00,17.94,53.87,48.93,0
47,2026-01-08,2026-01-08 04:40:00,17.28,56.83,54.06,0
47,2026-01-08,2026-01-08 04:45:00,17.51,55.92,47.18,0
47,2026-01-08,2026-01-08 04:50:00,18.78,58.1,47.15,0
47,2026-01-08,2026-01-08 04:55:00,18.15,56.09,52.48,0
47,2026-01-08,2026-01-08 05:00:00,19.11,57.41,54.18,1
47,2026-01-08,2026-01-08 05:05:00,17.8,54.62,45.57,1
47,2026-01-08,2026-01-08 05:10:00,17.85,58.83,40.63,0
47,2026-01-08,2026-01-08 05:15:00,19.5,52.05,46.32,0
47,2026-01-08,2026-01-08 05:20:00,18.76,57.0,52.34,0
47,2026-01-08,2026-01-08 05:25:00,18.15,58.72,49.9,0
47,2026-01-08,2026-01-08 05:30:00,18.06,54.84,58.65,1
47,2026-01-08,2026-01-08 05:35:00,18.29,57.16,52.11,0
47,2026-01-08,2026-01-08 05:40:00,18.29,58.1,55.65,1
47,2026-01-08,2026-01-08 05:45:00,19.15,54.3,57.4,0
47,2026-01-08,2026-01-08 05:50:00,17.49,54.51,46.73,0
47,2026-01-08,2026-01-08 05:55:00,17.85,53.61,46.46,0
47,2026-01-08,2026-01-08 06:00:00,19.54,50.77,57.08,0
47,2026-01-08,2026-01-08 06:05:00,20.26,58.63,53.42,0
47,2026-01-08,2026-01-08 06:10:00,18.23,54.54,50.2,0
47,2026-01-08,2026-01-08 06:15:00,17.53,51.55,49.71,0
47,2026-01-08,2026-01-08 06:20:00,18.47,54.72,52.62,0
47,2026-01-08,2026-01-08 06:25:00,19.08,59.3,58.65,0
47,2026-01-08,2026-01-08 06:30:00,19.18,55.46,47.84,0
47,2026-01-08,2026-01-08 06:35:00,17.27,56.45,51.13,0
47,2026-01-08,2026-01-08 06:40:00,19.27,58.54,57.47,1
47,2026-01-08,2026-01-08 06:45:00,19.03,56.22,54.03,0
47,2026-01-08,2026-01-08 06:50:00,18.44,55.25,42.59,0
47,2026-01-08,2026-01-08 06:55:00,16.7,55.38,54.07,1
47,2026-01-08,2026-01-08 07:00:00,18.42,58.85,58.48,0
47,2026-01-08,2026-01-08 07:05:00,18.17,53.97,49.2,0
47,2026-01-08,2026-01-08 07:10:00,18.11,53.9,54.58,1
47,2026-01-08,2026-01-08 07:15:00,17.35,57.53,51.78,0
47,2026-01-08,2026-01-08 07:20:00,17.95,60.82,55.2,1
47,2026-01-08,2026-01-08 07:25:00,18.06,55.36,50.59,0
47,2026-01-08,2026-01-08 07:30:00,18.49,60.26,53.54,0
47,2026-01-08,2026-01-08 07:35:00,18.63,50.46,50.85,0
47,2026-01-08,2026-01-08 07:40:00,18.23,60.27,38.39,0
47,2026-01-08,2026-01-08 07:45:00,16.9,52.6,50.24,0
47,2026-01-08,2026-01-08 07:50:00,19.08,61.04,47.51,1
47,2026-01-08,2026-01-08 07:55:00,18.79,59.2,52.53,0
47,2026-01-08,2026-01-08 08:00:00,19.1,58.2,42.59,0
47,2026-01-08,2026-01-08 08:05:00,17.28,56.81,48.55,0
47,2026-01-08,2026-01-08 08:10:00,18.87,52.9,52.33,0
47,2026-01-08,2026-01-08 08:15:00,19.18,55.1,53.28,0
48,2026-01-09,2026-01-09 00:00:00,17.0,37.78,47.89,0
48,2026-01-09,2026-01-09 00:05:00,15.85,40.72,39.65,0
48,2026-01-09,2026-01-09 00:10:00,15.36,41.84,35.73,0
48,2026-01-09,2026-01-09 00:15:00,15.51,47.07,43.13,0
48,2026-01-09,2026-01-09 00:20:00,16.24,42.79,51.84,0
48,2026-01-09,2026-01-09 00:25:00,15.41,45.65,46.37,0
48,2026-01-09,2026-01-09 00:30:00,16.59,40.65,47.22,0
48,2026-01-09,2026-01-09 00:35:00,17.27,44.0,48.36,0
48,2026-01-09,2026-01-09 00:40:00,17.12,45.47,39.6,0
48,2026-01-09,2026-01-09 00:45:00,16.62,45.43,37.78,0
48,2026-01-09,2026-01-09 00:50:00,15.44,45.49,43.36,1
48,2026-01-09,2026-01-09 00:55:00,15.74,40.82,47.31,1
48,2026-01-09,2026-01-09 01:00:00,14.99,39.45,39.6,0
48,2026-01-09,2026-01-09 01:05:00,17.46,43.37,42.1,1
48,2026-01-09,2026-01-09 01:10:00,17.69,40.8,40.81,0
48,2026-01-09,2026-01-09 01:15:00,16.03,38.71,40.53,0
48,2026-01-09,2026-01-09 01:20:00,16.34,48.75,39.2,1
48,2026-01-09,2026-01-09 01:25:00,16.52,42.88,44.73,1
48,2026-01-09,2026-01-09 01:30:00,16.6,41.31,40.59,0
48,2026-01-09,2026-01-09 01:35:00,15.6,37.35,45.37,0
48,2026-01-09,2026-01-09 01:40:00,17.13,41.34,35.59,0
48,2026-01-09,2026-01-09 01:45:00,16.83,41.36,47.07,0
48,2026-01-09,2026-01-09 01:50:00,15.31,46.28,40.63,0
48,2026-01-09,2026-01-09 01:55:00,14.87,41.57,41.06,0
48,2026-01-09,2026-01-09 02:00:00,16.51,42.19,48.55,0
48,2026-01-09,2026-01-09 02:05:00,16.7,38.85,44.12,0
48,2026-01-09,2026-01-09 02:10:00,17.33,42.81,42.44,0
48,2026-01-09,2026-01-09 02:15:00,15.86,45.27,36.64,0
48,2026-01-09,2026-01-09 02:20:00,17.0,44.11,42.41,0
48,2026-01-09,2026-01-09 02:25:00,16.22,41.99,38.66,0
48,2026-01-09,2026-01-09 02:30:00,16.66,39.99,38.45,0
48,2026-01-09,2026-01-09 02:35:00,16.17,43.58,44.55,0
48,2026-01-09,2026-01-09 02:40:00,15.29,42.7,42.41,0
48,2026-01-09,2026-01-09 02:45:00,14.91,41.56,38.95,1
48,2026-01-09,2026-01-09 02:50:00,16.91,42.07,41.82,0
48,2026-01-09,2026-01-09 02:55:00,16.56,40.89,43.9,0
48,2026-01-09,2026-01-09 03:00:00,16.1,46.68,44.61,0
48,2026-01-09,2026-01-09 03:05:00,15.46,41.27,38.57,0
48,2026-01-09,2026-01-09 03:10:00,17.44,40.56,46.52,0
48,2026-01-09,2026-01-09 03:15:00,17.37,41.24,39.24,0
48,2026-01-09,2026-01-09 03:20:00,16.14,39.13,42.35,0
48,2026-01-09,2026-01-09 03:25:00,16.2,39.88,42.51,1
48,2026-01-09,2026-01-09 03:30:00,17.02,43.87,31.92,0
48,2026-01-09,2026-01-09 03:35:00,16.72,34.85,43.3,1
48,2026-01-09,2026-01-09 03:40:00,15.68,44.8,50.3,0
48,2026-01-09,2026-01-09 03:45:00,16.98,44.61,40.46,0
48,2026-01-09,2026-01-09 03:50:00,16.05,41.53,55.86,0
48,2026-01-09,2026-01-09 03:55:00,17.23,40.55,42.68,0
48,2026-01-09,2026-01-09 04:00:00,15.8,42.62,36.74,0
48,2026-01-09,2026-01-09 04:05:00,17.64,42.39,49.72,0
48,2026-01-09,2026-01-09 04:10:00,18.44,42.83,44.63,0
48,2026-01-09,2026-01-09 04:15:00,17.48,45.94,32.33,0
48,2026-01-09,2026-01-09 04:20:00,15.48,37.06,42.0,0
48,2026-01-09,2026-01-09 04:25:00,17.37,42.32,39.85,1
48,2026-01-09,2026-01-09 04:30:00,17.76,40.69,32.16,0
48,2026-01-09,2026-01-09 04:35:00,14.62,44.95,37.61,0
48,2026-01-09,2026-01-09 04:40:00,17.68,39.1,44.14,0
48,2026-01-09,2026-01-09 04:45:00,16.79,39.79,40.13,0
48,2026-01-09,2026-01-09 04:50:00,18.05,43.97,46.37,0
48,2026-01-09,2026-01-09 04:55:00,17.45,39.12,39.35,0
48,2026-01-09,2026-01-09 05:00:00,16.15,40.53,45.86,0
48,2026-01-09,2026-01-09 05:05:00,16.58,40.65,39.78,0
48,2026-01-09,2026-01-09 05:10:00,16.4,43.79,43.7,0
48,2026-01-09,2026-01-09 05:15:00,16.07,41.57,44.04,0
48,2026-01-09,2026-01-09 05:20:00,17.15,42.44,42.8,0
48,2026-01-09,2026-01-09 05:25:00,17.2,43.41,41.4,0
48,2026-01-09,2026-01-09 05:30:00,16.15,46.82,29.32,0
48,2026-01-09,2026-01-09 05:35:00,17.26,42.47,47.68,0
48,2026-01-09,2026-01-09 05:40:00,15.54,40.88,40.89,0
48,2026-01-09,2026-01-09 05:45:00,16.69,45.14,45.13,1
48,2026-01-09,2026-01-09 05:50:00,17.02,43.16,43.83,0
48,2026-01-09,2026-01-09 05:55:00,15.49,45.19,37.34,0
48,2026-01-09,2026-01-09 06:00:00,15.95,45.13,35.94,0
48,2026-01-09,2026-01-09 06:05:00,17.23,49.42,37.31,0
48,2026-01-09,2026-01-09 06:10:00,16.07,41.26,42.72,0
48,2026-01-09,2026-01-09 06:15:00,15.81,47.44,40.25,0
48,2026-01-09,2026-01-09 06:20:00,15.64,40.1,34.88,0
48,2026-01-09,2026-01-09 06:25:00,15.96,44.56,49.15,0
48,2026-01-09,2026-01-09 06:30:00,16.07,49.08,40.94,0
48,2026-01-09,2026-01-09 06:35:00,16.63,39.77,45.38,1
48,2026-01-09,2026-01-09 06:40:00,17.98,42.1,39.54,0
48,2026-01-09,2026-01-09 06:45:00,15.85,42.39,31.67,0
48,2026-01-09,2026-01-09 06:50:00,16.2,49.12,32.59,0
48,2026-01-09,2026-01-09 06:55:00,15.64,40.33,38.26,1
48,2026-01-09,2026-01-09 07:00:00,15.92,42.16,35.45,0
48,2026-01-09,2026-01-09 07:05:00,16.65,45.95,39.22,0
48,2026-01-09,2026-01-09 07:10:00,17.77,41.41,48.7,0
48,2026-01-09,2026-01-09 07:15:00,16.11,42.75,28.65,1
48,2026-01-09,2026-01-09 07:20:00,16.91,43.22,41.4,1
48,2026-01-09,2026-01-09 07:25:00,15.3,40.08,41.25,1
48,2026-01-09,2026-01-09 07:30:00,16.67,39.77,35.15,0
48,2026-01-09,2026-01-09 07:35:00,16.24,41.45,39.43,0
48,2026-01-09,2026-01-09 07:40:00,17.21,42.84,38.23,0
48,2026-01-09,2026-01-09 07:45:00,16.38,41.3,43.23,0
48,2026-01-09,2026-01-09 07:50:00,16.84,40.14,46.88,0
48,2026-01-09,2026-01-09 07:55:00,18.22,42.96,41.41,0
48,2026-01-09,2026-01-09 08:00:00,16.5,45.03,41.29,1
48,2026-01-09,2026-01-09 08:05:00,15.52,45.58,40.56,0
48,2026-01-09,2026-01-09 08:10:00,17.3,43.12,41.61,0
48,2026-01-09,2026-01-09 08:15:00,17.03,40.94,40.42,0
49,2026-01-10,2026-01-10 00:00:00,17.43,58.96,44.64,0
49,2026-01-10,2026-01-10 00:05:00,16.29,59.34,44.12,0
49,2026-01-10,2026-01-10 00:10:00,17.14,58.63,46.09,0
49,2026-01-10,2026-01-10 00:15:00,17.64,53.73,47.44,0
49,2026-01-10,2026-01-10 00:20:00,16.38,58.24,41.24,0
49,2026-01-10,2026-01-10 00:25:00,17.56,60.64,50.27,0
49,2026-01-10,2026-01-10 00:30:00,15.8,54.78,50.54,0
49,2026-01-10,2026-01-10 00:35:00,17.94,62.76,43.37,0
49,2026-01-10,2026-01-10 00:40:00,16.7,59.12,49.51,0
49,2026-01-10,2026-01-10 00:45:00,17.38,57.49,47.27,0
49,2026-01-10,2026-01-10 00:50:00,16.65,55.81,35.78,0
49,2026-01-10,2026-01-10 00:55:00,18.12,53.87,42.56,0
49,2026-01-10,2026-01-10 01:00:00,16.04,60.22,43.75,1
49,2026-01-10,2026-01-10 01:05:00,17.3,60.8,40.7,0
49,2026-01-10,2026-01-10 01:10:00,16.59,59.3,47.37,0
49,2026-01-10,2026-01-10 01:15:00,18.41,59.54,50.94,1
49,2026-01-10,2026-01-10 01:20:00,17.24,60.0,48.89,0
49,2026-01-10,2026-01-10 01:25:00,16.65,61.32,47.6,0
49,2026-01-10,2026-01-10 01:30:00,16.71,54.44,43.74,0
49,2026-01-10,2026-01-10 01:35:00,15.14,61.09,30.18,0
49,2026-01-10,2026-01-10 01:40:00,17.31,63.06,48.58,0
49,2026-01-10,2026-01-10 01:45:00,16.32,62.36,38.23,0
49,2026-01-10,2026-01-10 01:50:00,17.79,58.28,45.82,0
49,2026-01-10,2026-01-10 01:55:00,17.91,67.6,42.72,0
49,2026-01-10,2026-01-10 02:00:00,17.14,56.86,48.06,1
49,2026-01-10,2026-01-10 02:05:00,17.7,59.18,41.8,0
49,2026-01-10,2026-01-10 02:10:00,17.28,58.98,53.18,0
49,2026-01-10,2026-01-10 02:15:00,17.23,64.34,40.86,0
49,2026-01-10,2026-01-10 02:20:00,16.87,58.5,46.05,0
49,2026-01-10,2026-01-10 02:25:00,17.3,59.78,50.58,0
49,2026-01-10,2026-01-10 02:30:00,18.23,57.98,51.14,0
49,2026-01-10,2026-01-10 02:35:00,16.4,61.44,41.33,0
49,2026-01-10,2026-01-10 02:40:00,16.78,57.31,45.71,0
49,2026-01-10,2026-01-10 02:45:00,17.05,58.09,47.57,0
49,2026-01-10,2026-01-10 02:50:00,17.95,60.03,33.63,1
49,2026-01-10,2026-01-10 02:55:00,17.6,57.51,43.89,0
49,2026-01-10,2026-01-10 03:00:00,18.63,63.78,44.13,0
49,2026-01-10,2026-01-10 03:05:00,17.55,53.07,40.9,0
49,2026-01-10,2026-01-10 03:10:00,18.27,61.15,46.49,0
49,2026-01-10,2026-01-10 03:15:00,17.22,59.92,54.08,0
49,2026-01-10,2026-01-10 03:20:00,18.44,58.7,45.77,0
49,2026-01-10,2026-01-10 03:25:00,17.46,53.03,49.7,0
49,2026-01-10,2026-01-10 03:30:00,17.23,52.12,42.28,0
49,2026-01-10,2026-01-10 03:35:00,16.86,54.64,47.49,0
49,2026-01-10,2026-01-10 03:40:00,17.2,61.87,57.64,0
49,2026-01-10,2026-01-10 03:45:00,16.7,62.46,38.1,0
49,2026-01-10,2026-01-10 03:50:00,16.63,56.78,49.6,0
49,2026-01-10,2026-01-10 03:55:00,17.52,60.27,44.46,1
49,2026-01-10,2026-01-10 04:00:00,18.76,53.95,50.95,0
49,2026-01-10,2026-01-10 04:05:00,17.11,55.84,43.0,0
49,2026-01-10,2026-01-10 04:10:00,17.37,65.5,42.52,0
49,2026-01-10,2026-01-10 04:15:00,16.12,61.33,44.03,0
49,2026-01-10,2026-01-10 04:20:00,17.38,59.25,52.99,0
49,2026-01-10,2026-01-10 04:25:00,16.47,60.6,37.01,1
49,2026-01-10,2026-01-10 04:30:00,17.82,58.83,44.08,0
49,2026-01-10,2026-01-10 04:35:00,17.51,59.9,56.11,0
49,2026-01-10,2026-01-10 04:40:00,18.87,55.85,45.01,1
49,2026-01-10,2026-01-10 04:45:00,16.55,58.17,48.69,0
49,2026-01-10,2026-01-10 04:50:00,16.42,62.9,45.1,0
49,2026-01-10,2026-01-10 04:55:00,16.65,57.28,39.33,0
49,2026-01-10,2026-01-10 05:00:00,16.42,56.2,48.21,0
49,2026-01-10,2026-01-10 05:05:00,17.24,57.46,53.51,0
49,2026-01-10,2026-01-10 05:10:00,18.28,63.36,44.58,1
49,2026-01-10,2026-01-10 05:15:00,16.46,58.5,37.91,0
49,2026-01-10,2026-01-10 05:20:00,17.63,60.42,41.68,0
49,2026-01-10,2026-01-10 05:25:00,18.29,63.07,39.47,0
49,2026-01-10,2026-01-10 05:30:00,17.21,60.62,48.28,0
49,2026-01-10,2026-01-10 05:35:00,18.99,65.69,35.5,1
49,2026-01-10,2026-01-10 05:40:00,17.34,58.97,37.1,0
49,2026-01-10,2026-01-10 05:45:00,17.46,58.62,39.41,0
49,2026-01-10,2026-01-10 05:50:00,17.46,58.98,50.83,0
49,2026-01-10,2026-01-10 05:55:00,17.85,53.6,43.91,1
49,2026-01-10,2026-01-10 06:00:00,17.11,55.11,47.13,0
49,2026-01-10,2026-01-10 06:05:00,19.32,57.25,38.45,0
49,2026-01-10,2026-01-10 06:10:00,15.31,61.15,45.45,1
49,2026-01-10,2026-01-10 06:15:00,17.5,54.35,45.55,0
49,2026-01-10,2026-01-10 06:20:00,17.17,65.58,48.55,1
49,2026-01-10,2026-01-10 06:25:00,18.06,50.84,47.0,0
49,2026-01-10,2026-01-10 06:30:00,18.11,58.86,39.43,0
49,2026-01-10,2026-01-10 06:35:00,16.7,58.96,41.84,0
49,2026-01-10,2026-01-10 06:40:00,16.58,63.33,46.1,1
49,2026-01-10,2026-01-10 06:45:00,16.13,58.82,54.74,0
49,2026-01-10,2026-01-10 06:50:00,17.65,59.98,47.15,0
49,2026-01-10,2026-01-10 06:55:00,16.97,58.73,46.17,1
49,2026-01-10,2026-01-10 07:00:00,17.02,54.68,45.03,0
49,2026-01-10,2026-01-10 07:05:00,17.43,57.04,48.53,0
49,2026-01-10,2026-01-10 07:10:00,17.46,56.83,42.22,1
49,2026-01-10,2026-01-10 07:15:00,16.65,61.21,35.77,0
49,2026-01-10,2026-01-10 07:20:00,17.08,57.16,49.5,0
49,2026-01-10,2026-01-10 07:25:00,17.08,62.91,42.32,0
49,2026-01-10,2026-01-10 07:30:00,16.92,63.03,45.24,0
49,2026-01-10,2026-01-10 07:35:00,18.31,56.02,41.44,0
49,2026-01-10,2026-01-10 07:40:00,18.17,59.94,41.26,0
49,2026-01-10,2026-01-10 07:45:00,17.26,58.5,44.66,0
49,2026-01-10,2026-01-10 07:50:00,16.64,56.73,49.13,0
49,2026-01-10,2026-01-10 07:55:00,17.59,58.0,49.2,0
49,2026-01-10,2026-01-10 08:00:00,18.07,54.26,52.28,0
49,2026-01-10,2026-01-10 08:05:00,16.36,56.06,51.64,0
49,2026-01-10,2026-01-10 08:10:00,18.73,60.79,48.23,0
49,2026-01-10,2026-01-10 08:15:00,16.85,57.34,55.0,0
50,2026-01-11,2026-01-11 00:00:00,20.01,32.96,40.35,0
50,2026-01-11,2026-01-11 00:05:00,18.36,39.45,36.34,0
50,2026-01-11,2026-01-11 00:10:00,18.0,30.31,41.9,0
50,2026-01-11,2026-01-11 00:15:00,17.42,36.66,45.98,0
50,2026-01-11,2026-01-11 00:20:00,17.9,32.82,39.65,0
50,2026-01-11,2026-01-11 00:25:00,16.79,32.77,40.85,1
50,2026-01-11,2026-01-11 00:30:00,17.7,31.89,42.84,0
50,2026-01-11,2026-01-11 00:35:00,19.21,36.47,39.52,0
50,2026-01-11,2026-01-11 00:40:00,19.29,38.33,34.3,0
50,2026-01-11,2026-01-11 00:45:00,18.64,34.79,37.32,0
50,2026-01-11,2026-01-11 00:50:00,19.62,31.53,36.35,1
50,2026-01-11,2026-01-11 00:55:00,19.73,33.4,42.63,0
50,2026-01-11,2026-01-11 01:00:00,19.49,33.18,35.41,0
50,2026-01-11,2026-01-11 01:05:00,19.5,34.65,32.23,1
50,2026-01-11,2026-01-11 01:10:00,18.32,33.2,32.49,0
50,2026-01-11,2026-01-11 01:15:00,19.12,32.7,35.83,0
50,2026-01-11,2026-01-11 01:20:00,18.54,33.71,42.93,0
50,2026-01-11,2026-01-11 01:25:00,18.44,40.04,35.72,0
50,2026-01-11,2026-01-11 01:30:00,19.74,32.28,42.83,0
50,2026-01-11,2026-01-11 01:35:00,19.95,32.01,45.63,1
50,2026-01-11,2026-01-11 01:40:00,18.06,33.89,29.56,0
50,2026-01-11,2026-01-11 01:45:00,19.81,40.52,34.07,0
50,2026-01-11,2026-01-11 01:50:00,18.34,31.09,46.02,0
50,2026-01-11,2026-01-11 01:55:00,19.62,34.44,35.92,0
50,2026-01-11,2026-01-11 02:00:00,20.3,42.96,45.7,1
50,2026-01-11,2026-01-11 02:05:00,19.12,31.28,33.85,0
50,2026-01-11,2026-01-11 02:10:00,20.45,40.36,41.62,0
50,2026-01-11,2026-01-11 02:15:00,17.96,34.76,36.51,1
50,2026-01-11,2026-01-11 02:20:00,17.01,35.8,33.68,0
50,2026-01-11,2026-01-11 02:25:00,18.09,34.78,37.76,0
50,2026-01-11,2026-01-11 02:30:00,18.71,34.7,28.51,0
50,2026-01-11,2026-01-11 02:35:00,19.95,37.53,34.63,1
50,2026-01-11,2026-01-11 02:40:00,18.47,34.62,45.18,0
50,2026-01-11,2026-01-11 02:45:00,18.95,34.56,45.25,0
50,2026-01-11,2026-01-11 02:50:00,19.66,46.77,31.86,0
50,2026-01-11,2026-01-11 02:55:00,19.07,41.53,33.92,0
50,2026-01-11,2026-01-11 03:00:00,17.61,33.99,37.71,0
50,2026-01-11,2026-01-11 03:05:00,19.59,35.23,36.65,0
50,2026-01-11,2026-01-11 03:10:00,18.75,35.76,42.68,0
50,2026-01-11,2026-01-11 03:15:00,17.71,33.28,42.52,1
50,2026-01-11,2026-01-11 03:20:00,19.61,35.95,36.84,0
50,2026-01-11,2026-01-11 03:25:00,18.26,31.66,40.66,0
50,2026-01-11,2026-01-11 03:30:00,19.29,30.6,31.36,0
50,2026-01-11,2026-01-11 03:35:00,17.88,31.07,35.96,1
50,2026-01-11,2026-01-11 03:40:00,17.18,31.54,41.1,0
50,2026-01-11,2026-01-11 03:45:00,17.72,32.91,37.64,1
50,2026-01-11,2026-01-11 03:50:00,18.69,35.97,33.15,0
50,2026-01-11,2026-01-11 03:55:00,20.46,34.69,33.87,0
50,2026-01-11,2026-01-11 04:00:00,18.77,34.1,36.51,0
50,2026-01-11,2026-01-11 04:05:00,19.03,32.7,42.03,0
50,2026-01-11,2026-01-11 04:10:00,17.61,30.17,39.37,0
50,2026-01-11,2026-01-11 04:15:00,19.48,36.77,38.12,0
50,2026-01-11,2026-01-11 04:20:00,18.54,31.64,38.6,0
50,2026-01-11,2026-01-11 04:25:00,18.4,34.87,34.38,1
50,2026-01-11,2026-01-11 04:30:00,17.22,32.04,37.91,0
50,2026-01-11,2026-01-11 04:35:00,18.8,31.26,35.59,0
50,2026-01-11,2026-01-11 04:40:00,17.4,33.61,35.44,0
50,2026-01-11,2026-01-11 04:45:00,18.03,35.13,41.13,0
50,2026-01-11,2026-01-11 04:50:00,18.43,35.45,42.28,0
50,2026-01-11,2026-01-11 04:55:00,19.4,33.71,39.04,0
50,2026-01-11,2026-01-11 05:00:00,18.42,32.31,37.91,1
50,2026-01-11,2026-01-11 05:05:00,19.29,34.8,33.48,0
50,2026-01-11,2026-01-11 05:10:00,18.19,35.57,35.14,0
50,2026-01-11,2026-01-11 05:15:00,18.14,35.75,36.58,0
50,2026-01-11,2026-01-11 05:20:00,18.66,33.66,39.19,0
50,2026-01-11,2026-01-11 05:25:00,18.4,32.28,41.1,0
50,2026-01-11,2026-01-11 05:30:00,18.46,29.9,41.62,0
50,2026-01-11,2026-01-11 05:35:00,19.35,34.51,39.18,0
50,2026-01-11,2026-01-11 05:40:00,19.96,39.25,38.5,0
50,2026-01-11,2026-01-11 05:45:00,18.32,37.21,40.92,0
50,2026-01-11,2026-01-11 05:50:00,18.06,37.43,40.49,0
50,2026-01-11,2026-01-11 05:55:00,18.7,32.9,34.62,0
50,2026-01-11,2026-01-11 06:00:00,18.84,36.57,42.81,0
50,2026-01-11,2026-01-11 06:05:00,17.61,31.55,39.49,0
50,2026-01-11,2026-01-11 06:10:00,18.47,34.8,39.24,0
50,2026-01-11,2026-01-11 06:15:00,18.75,33.28,39.55,0
50,2026-01-11,2026-01-11 06:20:00,20.27,39.33,40.66,0
50,2026-01-11,2026-01-11 06:25:00,19.79,34.65,42.17,0
50,2026-01-11,2026-01-11 06:30:00,18.46,31.54,30.45,0
50,2026-01-11,2026-01-11 06:35:00,19.13,39.28,40.45,0
50,2026-01-11,2026-01-11 06:40:00,18.03,35.46,36.94,1
50,2026-01-11,2026-01-11 06:45:00,19.14,35.05,35.97,0
50,2026-01-11,2026-01-11 06:50:00,18.87,35.63,38.28,0
50,2026-01-11,2026-01-11 06:55:00,19.01,27.77,39.88,0
50,2026-01-11,2026-01-11 07:00:00,19.21,35.5,43.19,1
50,2026-01-11,2026-01-11 07:05:00,18.96,28.48,39.22,0
50,2026-01-11,2026-01-11 07:10:00,18.08,34.63,38.38,0
50,2026-01-11,2026-01-11 07:15:00,18.55,37.63,47.44,0
50,2026-01-11,2026-01-11 07:20:00,18.05,34.5,37.51,0
50,2026-01-11,2026-01-11 07:25:00,19.14,32.93,38.12,1
50,2026-01-11,2026-01-11 07:30:00,18.36,36.1,49.66,0
50,2026-01-11,2026-01-11 07:35:00,18.26,32.65,38.43,0
50,2026-01-11,2026-01-11 07:40:00,19.57,35.39,33.21,1
50,2026-01-11,2026-01-11 07:45:00,19.41,40.69,44.48,0
50,2026-01-11,2026-01-11 07:50:00,19.35,33.67,31.59,0
50,2026-01-11,2026-01-11 07:55:00,18.7,31.5,42.84,0
50,2026-01-11,2026-01-11 08:00:00,18.39,31.09,35.73,0
50,2026-01-11,2026-01-11 08:05:00,18.36,35.87,37.27,0
50,2026-01-11,2026-01-11 08:10:00,17.35,27.67,30.7,0
50,2026-01-11,2026-01-11 08:15:00,18.35,41.72,49.12,0
